ISO-10303-21;
HEADER;
FILE_DESCRIPTION (( 'STEP AP214' ),
    '1' );
FILE_NAME ('A2212 Brushless Motor.step',
    '2026-09-17T06:59:25',
    ( '' ),
    ( '' ),
    'SwSTEP 2.0',
    'SolidWorks 2023',
    '' );
FILE_SCHEMA (( 'AUTOMOTIVE_DESIGN' ));
ENDSEC;

DATA;
#1 = CARTESIAN_POINT ( 'NONE',  ( 0.000000000000000000, 0.000000000000000000, 0.000000000000000000 ) ) ;
#2 = VERTEX_POINT ( 'NONE', #2331 ) ;
#3 = DIRECTION ( 'NONE',  ( 1.000000000000000000, 3.489721437660684233E-15, 0.000000000000000000 ) ) ;
#4 = ORIENTED_EDGE ( 'NONE', *, *, #1895, .T. ) ;
#5 = ORIENTED_EDGE ( 'NONE', *, *, #1718, .F. ) ;
#6 = DIRECTION ( 'NONE',  ( 1.000000000000000000, 3.491481338843134144E-15, 0.000000000000000000 ) ) ;
#7 = EDGE_CURVE ( 'NONE', #227, #2017, #385, .T. ) ;
#8 = CYLINDRICAL_SURFACE ( 'NONE', #1749, 0.5464999999999999858 ) ;
#9 = FACE_BOUND ( 'NONE', #1920, .T. ) ;
#10 = ORIENTED_EDGE ( 'NONE', *, *, #640, .F. ) ;
#11 = CARTESIAN_POINT ( 'NONE',  ( 0.4344151918195220397, 0.8400000000000000799, 0.06923044929529310887 ) ) ;
#12 = EDGE_LOOP ( 'NONE', ( #2046, #2536 ) ) ;
#13 = CARTESIAN_POINT ( 'NONE',  ( 0.4018576884605447597, 0.1066584767751896645, 0.2391261777554812562 ) ) ;
#14 = CYLINDRICAL_SURFACE ( 'NONE', #1373, 0.3725226829615010393 ) ;
#15 = ORIENTED_EDGE ( 'NONE', *, *, #212, .F. ) ;
#16 = ORIENTED_EDGE ( 'NONE', *, *, #1058, .F. ) ;
#17 = B_SPLINE_CURVE_WITH_KNOTS ( 'NONE', 3,
 ( #383, #13, #2369, #219 ),
 .UNSPECIFIED., .F., .F.,
 ( 4, 4 ),
 ( 2.174419981609543010E-07, 0.0006912874211628445729 ),
 .UNSPECIFIED. ) ;
#18 = CYLINDRICAL_SURFACE ( 'NONE', #486, 0.5065000000000000613 ) ;
#19 = CARTESIAN_POINT ( 'NONE',  ( -0.4246509276977897263, -1.482660789579257853E-15, 0.2639537641432811443 ) ) ;
#20 = AXIS2_PLACEMENT_3D ( 'NONE', #1242, #2240, #1100 ) ;
#21 = ADVANCED_FACE ( 'NONE', ( #174, #912, #1737, #902, #1685, #712 ), #1492, .F. ) ;
#22 = CARTESIAN_POINT ( 'NONE',  ( -0.4550000000000028466, 0.8303598187096545846, 1.419251391723573696E-16 ) ) ;
#23 = ORIENTED_EDGE ( 'NONE', *, *, #903, .T. ) ;
#24 = DIRECTION ( 'NONE',  ( 1.000000000000000000, 3.489721437660684233E-15, 0.000000000000000000 ) ) ;
#25 = AXIS2_PLACEMENT_3D ( 'NONE', #1620, #652, #1431 ) ;
#26 = ADVANCED_FACE ( 'NONE', ( #327 ), #1892, .T. ) ;
#27 = EDGE_LOOP ( 'NONE', ( #1450, #747, #1361, #1384, #1615, #1688, #1943, #5 ) ) ;
#28 = AXIS2_PLACEMENT_3D ( 'NONE', #321, #1511, #2266 ) ;
#29 = CIRCLE ( 'NONE', #1422, 0.5065000000000000613 ) ;
#30 = CARTESIAN_POINT ( 'NONE',  ( -0.1265000000000034153, 0.9789904942420144529, 0.3287499999999999867 ) ) ;
#31 = DIRECTION ( 'NONE',  ( -1.000000000000000000, -3.491481338843135722E-15, 0.000000000000000000 ) ) ;
#32 = AXIS2_PLACEMENT_3D ( 'NONE', #2418, #1296, #1435 ) ;
#33 = ORIENTED_EDGE ( 'NONE', *, *, #1439, .F. ) ;
#34 = EDGE_CURVE ( 'NONE', #1649, #175, #51, .T. ) ;
#35 = ORIENTED_EDGE ( 'NONE', *, *, #261, .F. ) ;
#36 = CARTESIAN_POINT ( 'NONE',  ( -0.2651650429449555202, -9.258187991558503420E-16, 0.2651650429449555202 ) ) ;
#37 = DIRECTION ( 'NONE',  ( 1.000000000000000000, 3.999045553396908601E-15, 0.000000000000000000 ) ) ;
#38 = CYLINDRICAL_SURFACE ( 'NONE', #1419, 0.3725226829615011503 ) ;
#39 = VERTEX_POINT ( 'NONE', #1944 ) ;
#40 = DIRECTION ( 'NONE',  ( 1.000000000000000000, 3.491481338843134144E-15, 0.000000000000000000 ) ) ;
#41 =( BOUNDED_CURVE ( )  B_SPLINE_CURVE ( 3, ( #533, #1115, #1317, #1293 ),
 .UNSPECIFIED., .F., .F. ) 
 B_SPLINE_CURVE_WITH_KNOTS ( ( 4, 4 ),
 ( 3.141592653589793116, 4.133282551767694102 ),
 .UNSPECIFIED. ) 
 CURVE ( )  GEOMETRIC_REPRESENTATION_ITEM ( )  RATIONAL_B_SPLINE_CURVE ( ( 1.000000000000000000, 0.9197113454673631061, 0.9197113454673631061, 1.000000000000000000 ) ) 
 REPRESENTATION_ITEM ( '' )  );
#42 = ORIENTED_EDGE ( 'NONE', *, *, #1344, .F. ) ;
#43 = EDGE_CURVE ( 'NONE', #1676, #1045, #1948, .T. ) ;
#44 = CARTESIAN_POINT ( 'NONE',  ( -4.015203539669567170E-16, 0.1150000000000000050, 0.3437613414807503265 ) ) ;
#45 = DIRECTION ( 'NONE',  ( 1.000000000000000000, 0.000000000000000000, 0.000000000000000000 ) ) ;
#46 = ORIENTED_EDGE ( 'NONE', *, *, #1391, .T. ) ;
#47 = DIRECTION ( 'NONE',  ( 1.000000000000000000, 3.483352440916007185E-15, 0.000000000000000000 ) ) ;
#48 = ORIENTED_EDGE ( 'NONE', *, *, #210, .F. ) ;
#49 = B_SPLINE_CURVE_WITH_KNOTS ( 'NONE', 3,
 ( #176, #1777, #955, #1754 ),
 .UNSPECIFIED., .F., .F.,
 ( 4, 4 ),
 ( 2.174419981560056169E-07, 0.0006912874211628150826 ),
 .UNSPECIFIED. ) ;
#50 = CARTESIAN_POINT ( 'NONE',  ( -0.1265000000000034708, 0.9900000000000001021, 0.07624999999999990119 ) ) ;
#51 = CIRCLE ( 'NONE', #2478, 0.3725226829615011503 ) ;
#52 = CARTESIAN_POINT ( 'NONE',  ( 0.5812500000000063727, 0.9798822782952109067, -0.1265000000000041092 ) ) ;
#53 = VERTEX_POINT ( 'NONE', #528 ) ;
#54 = CARTESIAN_POINT ( 'NONE',  ( 0.4028030688324388264, 0.9384672156945883525, -0.1037939916033249060 ) ) ;
#55 = ORIENTED_EDGE ( 'NONE', *, *, #2093, .F. ) ;
#56 =( BOUNDED_CURVE ( )  B_SPLINE_CURVE ( 3, ( #2437, #2228, #2024, #649 ),
 .UNSPECIFIED., .F., .F. ) 
 B_SPLINE_CURVE_WITH_KNOTS ( ( 4, 4 ),
 ( 3.284867705407133354, 6.139910255362245550 ),
 .UNSPECIFIED. ) 
 CURVE ( )  GEOMETRIC_REPRESENTATION_ITEM ( )  RATIONAL_B_SPLINE_CURVE ( ( 1.000000000000000000, 0.4285235794521496944, 0.4285235794521496944, 1.000000000000000000 ) ) 
 REPRESENTATION_ITEM ( '' )  );
#57 = DIRECTION ( 'NONE',  ( 3.491481338843135327E-15, -1.000000000000000000, 0.000000000000000000 ) ) ;
#58 = DIRECTION ( 'NONE',  ( 3.491481338843135327E-15, -1.000000000000000000, 0.000000000000000000 ) ) ;
#59 = EDGE_CURVE ( 'NONE', #1649, #491, #808, .T. ) ;
#60 = CARTESIAN_POINT ( 'NONE',  ( -0.1252038399624409437, 0.9900000000000001021, -0.3107233471412516046 ) ) ;
#61 = VERTEX_POINT ( 'NONE', #2311 ) ;
#62 = CARTESIAN_POINT ( 'NONE',  ( -4.015203539669582454E-16, 0.1150000000000000050, 0.6875226829615019852 ) ) ;
#63 = FILL_AREA_STYLE_COLOUR ( '', #2535 ) ;
#64 = LINE ( 'NONE', #2159, #76 ) ;
#65 = ORIENTED_EDGE ( 'NONE', *, *, #2467, .T. ) ;
#66 = CARTESIAN_POINT ( 'NONE',  ( 0.4372339742525238049, 0.9216855836029442806, -0.06698638513441683429 ) ) ;
#67 = CONICAL_SURFACE ( 'NONE', #1829, 0.5000000000000000000, 0.3842488746094968044 ) ;
#68 = ORIENTED_EDGE ( 'NONE', *, *, #78, .T. ) ;
#69 = ADVANCED_FACE ( 'NONE', ( #298 ), #1725, .F. ) ;
#70 = AXIS2_PLACEMENT_3D ( 'NONE', #840, #99, #879 ) ;
#71 = DIRECTION ( 'NONE',  ( 1.000000000000000000, 3.483352440916007185E-15, 0.000000000000000000 ) ) ;
#72 = DIRECTION ( 'NONE',  ( 0.000000000000000000, 0.000000000000000000, -1.000000000000000000 ) ) ;
#73 = AXIS2_PLACEMENT_3D ( 'NONE', #397, #958, #578 ) ;
#74 = CONICAL_SURFACE ( 'NONE', #190, 0.5000000000000000000, 0.3842488746094968044 ) ;
#75 = ORIENTED_EDGE ( 'NONE', *, *, #1315, .T. ) ;
#76 = VECTOR ( 'NONE', #1185, 39.37007874015748143 ) ;
#77 = FACE_OUTER_BOUND ( 'NONE', #553, .T. ) ;
#78 = EDGE_CURVE ( 'NONE', #2388, #543, #525, .T. ) ;
#79 = ADVANCED_FACE ( 'NONE', ( #736 ), #319, .T. ) ;
#80 = DIRECTION ( 'NONE',  ( -1.063339166174360142E-14, 0.000000000000000000, 1.000000000000000000 ) ) ;
#81 = ORIENTED_EDGE ( 'NONE', *, *, #1626, .T. ) ;
#82 = CARTESIAN_POINT ( 'NONE',  ( 0.5465000000000369562, -10.57876085872868011, 0.000000000000000000 ) ) ;
#83 = ORIENTED_EDGE ( 'NONE', *, *, #949, .T. ) ;
#84 = DIRECTION ( 'NONE',  ( 3.491481338843135327E-15, -1.000000000000000000, 0.000000000000000000 ) ) ;
#85 = CARTESIAN_POINT ( 'NONE',  ( -0.4550000000000031797, 0.9134042553191478175, -3.088268750974535705E-15 ) ) ;
#86 = CARTESIAN_POINT ( 'NONE',  ( -0.6875226829615019852, 0.08999999999999665212, -7.201417852774329704E-15 ) ) ;
#87 = ORIENTED_EDGE ( 'NONE', *, *, #1699, .F. ) ;
#88 = FACE_BOUND ( 'NONE', #1554, .T. ) ;
#89 = LENGTH_MEASURE_WITH_UNIT ( LENGTH_MEASURE( 0.02539999999999999897 ), #2251 );
#90 = VERTEX_POINT ( 'NONE', #548 ) ;
#91 = EDGE_CURVE ( 'NONE', #758, #2097, #1835, .T. ) ;
#92 = CARTESIAN_POINT ( 'NONE',  ( -0.4041683106577070861, 0.1149999999999986172, 0.2418335150824933444 ) ) ;
#93 = EDGE_LOOP ( 'NONE', ( #1375, #1354 ) ) ;
#94 = DIRECTION ( 'NONE',  ( 1.000000000000000000, 3.480104495818906120E-15, 0.000000000000000000 ) ) ;
#95 = LINE ( 'NONE', #1241, #926 ) ;
#96 = CARTESIAN_POINT ( 'NONE',  ( 0.2418335150824972579, 0.1150000000000000050, -0.4041683106577046991 ) ) ;
#97 = CARTESIAN_POINT ( 'NONE',  ( -0.1265000000000034153, 0.9789904942420144529, 0.3287499999999999867 ) ) ;
#98 = ORIENTED_EDGE ( 'NONE', *, *, #1046, .T. ) ;
#99 = DIRECTION ( 'NONE',  ( 3.491481338843125072E-15, -1.000000000000000000, 7.888609052210119455E-30 ) ) ;
#100 = CARTESIAN_POINT ( 'NONE',  ( 0.6875226829614999868, 0.09000000000000156486, 2.400472617591444418E-15 ) ) ;
#101 = VERTEX_POINT ( 'NONE', #1082 ) ;
#102 = DIRECTION ( 'NONE',  ( 0.3748628890350697573, 0.9270802632050154646, 4.590746371759316001E-17 ) ) ;
#103 = ORIENTED_EDGE ( 'NONE', *, *, #1961, .T. ) ;
#104 = DIRECTION ( 'NONE',  ( 3.491481338843134933E-15, -1.000000000000000000, 0.000000000000000000 ) ) ;
#105 = EDGE_CURVE ( 'NONE', #222, #647, #743, .T. ) ;
#106 = DIRECTION ( 'NONE',  ( 3.491481338843135327E-15, -1.000000000000000000, 0.000000000000000000 ) ) ;
#107 = AXIS2_PLACEMENT_3D ( 'NONE', #2135, #1430, #1580 ) ;
#108 = LINE ( 'NONE', #2407, #1341 ) ;
#109 = EDGE_CURVE ( 'NONE', #1805, #198, #2330, .T. ) ;
#110 = CARTESIAN_POINT ( 'NONE',  ( -0.4600404873486653723, 0.1149999999999984368, -0.2950000000000047029 ) ) ;
#111 = ORIENTED_EDGE ( 'NONE', *, *, #1926, .F. ) ;
#112 = AXIS2_PLACEMENT_3D ( 'NONE', #1614, #1437, #1262 ) ;
#113 = CIRCLE ( 'NONE', #1101, 0.06250000000000531519 ) ;
#114 = CARTESIAN_POINT ( 'NONE',  ( 0.3349999999999999645, 0.8400000000000000799, 0.000000000000000000 ) ) ;
#115 = AXIS2_PLACEMENT_3D ( 'NONE', #1745, #204, #1757 ) ;
#116 = DIRECTION ( 'NONE',  ( -3.491481338843135327E-15, 1.000000000000000000, -0.000000000000000000 ) ) ;
#117 = AXIS2_PLACEMENT_3D ( 'NONE', #2074, #718, #120 ) ;
#118 = DIRECTION ( 'NONE',  ( 3.491481338843125072E-15, -1.000000000000000000, -7.888609052210119455E-30 ) ) ;
#119 = CARTESIAN_POINT ( 'NONE',  ( -0.08092541925195674557, 0.9264378604935568084, -0.4272009868508238606 ) ) ;
#120 = DIRECTION ( 'NONE',  ( 1.000000000000000000, 3.414809992080328333E-15, 0.000000000000000000 ) ) ;
#121 = CARTESIAN_POINT ( 'NONE',  ( 0.2949999999999999845, 0.1150000000000000050, -0.4600404873486684809 ) ) ;
#122 = DIRECTION ( 'NONE',  ( 1.000000000000000000, 3.414809992080328333E-15, 0.000000000000000000 ) ) ;
#123 = ORIENTED_EDGE ( 'NONE', *, *, #329, .F. ) ;
#124 = CYLINDRICAL_SURFACE ( 'NONE', #1007, 0.06250000000000531519 ) ;
#125 = CARTESIAN_POINT ( 'NONE',  ( -0.3166749461249269704, 0.9862711715073889662, -0.1260641388972669197 ) ) ;
#126 = ORIENTED_EDGE ( 'NONE', *, *, #1905, .F. ) ;
#127 = CARTESIAN_POINT ( 'NONE',  ( -0.06923044929529428848, 0.8400000000000000799, -0.4344151918195251483 ) ) ;
#128 = CARTESIAN_POINT ( 'NONE',  ( 0.1260648007510833390, 0.9862683028075741598, 0.3166795248688737408 ) ) ;
#129 = DIRECTION ( 'NONE',  ( 1.000000000000000000, 3.483352440916007185E-15, 0.000000000000000000 ) ) ;
#130 = DIRECTION ( 'NONE',  ( 3.491481338843135327E-15, -1.000000000000000000, -0.000000000000000000 ) ) ;
#131 = CARTESIAN_POINT ( 'NONE',  ( -0.1265000000000029157, 0.8293933604811437599, -0.3287499999999999867 ) ) ;
#132 = EDGE_LOOP ( 'NONE', ( #524, #1397, #1233, #690, #239, #163, #398, #571 ) ) ;
#133 = EDGE_CURVE ( 'NONE', #1850, #636, #2132, .T. ) ;
#134 =( BOUNDED_SURFACE ( )  B_SPLINE_SURFACE ( 3, 1, ( 
 ( #191, #177 ),
 ( #2511, #972 ),
 ( #377, #495 ),
 ( #355, #1348 ) ),
 .UNSPECIFIED., .F., .F., .F. ) 
 B_SPLINE_SURFACE_WITH_KNOTS ( ( 4, 4 ),
 ( 2, 2 ),
 ( 0.000000000000000000, 1.000000000000000000 ),
 ( 0.000000000000000000, 1.000000000000000000 ),
 .UNSPECIFIED. ) 
 GEOMETRIC_REPRESENTATION_ITEM ( )  RATIONAL_B_SPLINE_SURFACE ( (
 ( 1.000000000000000000, 1.000000000000000000),
 ( 0.3333333333333327597, 0.3333333333333327597),
 ( 0.3333333333333327597, 0.3333333333333327597),
 ( 1.000000000000000000, 1.000000000000000000) ) ) 
 REPRESENTATION_ITEM ( '' )  SURFACE ( )  );
#135 = DIRECTION ( 'NONE',  ( 3.491481338843135327E-15, -1.000000000000000000, 0.000000000000000000 ) ) ;
#136 = EDGE_CURVE ( 'NONE', #543, #1603, #651, .T. ) ;
#137 = CARTESIAN_POINT ( 'NONE',  ( 0.1265000000000000013, -3.937007874207722777E-05, -0.3287499999999999867 ) ) ;
#138 = CARTESIAN_POINT ( 'NONE',  ( 0.4211041804491627016, 0.9294433626379451363, 0.08665178484952902604 ) ) ;
#139 = DIRECTION ( 'NONE',  ( 3.491481338843135327E-15, -1.000000000000000000, 0.000000000000000000 ) ) ;
#140 = CARTESIAN_POINT ( 'NONE',  ( 0.06923044929528837654, 0.8400000000000000799, -0.4344151918195251483 ) ) ;
#141 = CARTESIAN_POINT ( 'NONE',  ( 0.06250000000004146683, -10.57876085872868188, 0.000000000000000000 ) ) ;
#142 = ORIENTED_EDGE ( 'NONE', *, *, #59, .F. ) ;
#143 = VECTOR ( 'NONE', #2283, 39.37007874015748143 ) ;
#144 = B_SPLINE_CURVE_WITH_KNOTS ( 'NONE', 3,
 ( #1641, #1286, #2275, #2235 ),
 .UNSPECIFIED., .F., .F.,
 ( 4, 4 ),
 ( 2.178853872858741453E-07, 0.0006912878645519693593 ),
 .UNSPECIFIED. ) ;
#145 = EDGE_LOOP ( 'NONE', ( #111, #386 ) ) ;
#146 = CARTESIAN_POINT ( 'NONE',  ( -0.2151650429449555035, 0.08999999999999838685, -0.2651650429449555202 ) ) ;
#147 = AXIS2_PLACEMENT_3D ( 'NONE', #86, #1804, #47 ) ;
#148 = ORIENTED_EDGE ( 'NONE', *, *, #1143, .T. ) ;
#149 = AXIS2_PLACEMENT_3D ( 'NONE', #1309, #1701, #2099 ) ;
#150 = CIRCLE ( 'NONE', #1378, 0.4765000000000000346 ) ;
#151 = EDGE_CURVE ( 'NONE', #847, #2, #2484, .T. ) ;
#152 = FACE_OUTER_BOUND ( 'NONE', #2153, .T. ) ;
#153 =( BOUNDED_CURVE ( )  B_SPLINE_CURVE ( 3, ( #2470, #703, #315, #1292 ),
 .UNSPECIFIED., .F., .F. ) 
 B_SPLINE_CURVE_WITH_KNOTS ( ( 4, 4 ),
 ( 5.291495409001697681, 6.283185307179586232 ),
 .UNSPECIFIED. ) 
 CURVE ( )  GEOMETRIC_REPRESENTATION_ITEM ( )  RATIONAL_B_SPLINE_CURVE ( ( 1.000000000000000000, 0.9197113454673649935, 0.9197113454673649935, 1.000000000000000000 ) ) 
 REPRESENTATION_ITEM ( '' )  );
#154 = CARTESIAN_POINT ( 'NONE',  ( -0.1237355363854268503, 0.9613009068513197475, -0.3593852897497459842 ) ) ;
#155 = VECTOR ( 'NONE', #2375, 39.37007874015748854 ) ;
#156 = CARTESIAN_POINT ( 'NONE',  ( 0.4600404873486669266, 0.1150000000000015732, 0.2949999999999999845 ) ) ;
#157 = VECTOR ( 'NONE', #2185, 39.37007874015748143 ) ;
#158 = CARTESIAN_POINT ( 'NONE',  ( 0.07624999999999758360, 0.8399999999999993028, -0.1264999999999997793 ) ) ;
#159 = CARTESIAN_POINT ( 'NONE',  ( 0.4549999999999971290, 0.8303598187096575822, -6.089062484971631557E-17 ) ) ;
#160 =( NAMED_UNIT ( * ) PLANE_ANGLE_UNIT ( ) SI_UNIT ( $, .RADIAN. ) );
#161 = ORIENTED_EDGE ( 'NONE', *, *, #1626, .F. ) ;
#162 = ORIENTED_EDGE ( 'NONE', *, *, #1204, .F. ) ;
#163 = ORIENTED_EDGE ( 'NONE', *, *, #1428, .F. ) ;
#164 = CARTESIAN_POINT ( 'NONE',  ( -0.5812500000000090372, 0.9798822782952071320, -0.1265000000000105762 ) ) ;
#165 = CARTESIAN_POINT ( 'NONE',  ( -0.1265000000000029434, 0.8399999999999996358, -0.3287499999999999867 ) ) ;
#166 = FACE_OUTER_BOUND ( 'NONE', #2462, .T. ) ;
#167 = EDGE_CURVE ( 'NONE', #1209, #1679, #691, .T. ) ;
#168 = DIRECTION ( 'NONE',  ( 1.000000000000000000, 3.499164859222294928E-15, 0.000000000000000000 ) ) ;
#169 = ORIENTED_EDGE ( 'NONE', *, *, #1097, .F. ) ;
#170 = FACE_BOUND ( 'NONE', #1665, .T. ) ;
#171 = DIRECTION ( 'NONE',  ( 3.491481338843135327E-15, -1.000000000000000000, 0.000000000000000000 ) ) ;
#172 = ORIENTED_EDGE ( 'NONE', *, *, #1763, .F. ) ;
#173 = PRODUCT_DEFINITION_SHAPE ( 'NONE', 'NONE',  #2012 ) ;
#174 = FACE_BOUND ( 'NONE', #469, .T. ) ;
#175 = VERTEX_POINT ( 'NONE', #1513 ) ;
#176 = CARTESIAN_POINT ( 'NONE',  ( 0.2418335150824972579, 0.1150000000000000050, -0.4041683106577046991 ) ) ;
#177 = CARTESIAN_POINT ( 'NONE',  ( -0.3287500000000050382, 0.9900000000000001021, 0.1264999999999965596 ) ) ;
#178 = ORIENTED_EDGE ( 'NONE', *, *, #133, .F. ) ;
#179 = EDGE_CURVE ( 'NONE', #2, #2433, #1140, .T. ) ;
#180 = CARTESIAN_POINT ( 'NONE',  ( 0.07625000000000355105, 0.8399999999999991918, -0.1264999999999935343 ) ) ;
#181 = CARTESIAN_POINT ( 'NONE',  ( 0.4409848929696280062, 0.8368701033540563161, -0.05916348131133548210 ) ) ;
#182 = VERTEX_POINT ( 'NONE', #1502 ) ;
#183 = ADVANCED_FACE ( 'NONE', ( #538 ), #1323, .F. ) ;
#184 = CARTESIAN_POINT ( 'NONE',  ( -3.142333204958774956E-16, 0.08999999999999999667, 0.6875226829615019852 ) ) ;
#185 = EDGE_LOOP ( 'NONE', ( #1260, #10, #1596, #624, #500, #1197, #1211, #572 ) ) ;
#186 = CIRCLE ( 'NONE', #1413, 0.3725226829615011503 ) ;
#187 = CARTESIAN_POINT ( 'NONE',  ( 0.1175000000000000766, 0.9980000000000004423, 0.000000000000000000 ) ) ;
#188 = CARTESIAN_POINT ( 'NONE',  ( -0.3594463759652214985, 0.9612685395304256808, -0.1237095033123691706 ) ) ;
#189 = AXIS2_PLACEMENT_3D ( 'NONE', #716, #1521, #916 ) ;
#190 = AXIS2_PLACEMENT_3D ( 'NONE', #1168, #2323, #946 ) ;
#191 = CARTESIAN_POINT ( 'NONE',  ( -0.3287500000000045386, 0.8400000000000000799, 0.1264999999999965596 ) ) ;
#192 = ORIENTED_EDGE ( 'NONE', *, *, #1550, .F. ) ;
#193 = AXIS2_PLACEMENT_3D ( 'NONE', #455, #684, #71 ) ;
#194 = CARTESIAN_POINT ( 'NONE',  ( -0.4477011623827751308, 0.07660867031663444460, 0.2854848246250038524 ) ) ;
#195 = ORIENTED_EDGE ( 'NONE', *, *, #1281, .F. ) ;
#196 = CIRCLE ( 'NONE', #2290, 0.3725226829615011503 ) ;
#197 = LINE ( 'NONE', #774, #396 ) ;
#198 = VERTEX_POINT ( 'NONE', #1299 ) ;
#199 = ORIENTED_EDGE ( 'NONE', *, *, #2119, .T. ) ;
#200 = CARTESIAN_POINT ( 'NONE',  ( 0.2335682736637389734, 0.08999999999999999667, 0.3973175643667803403 ) ) ;
#201 = CARTESIAN_POINT ( 'NONE',  ( 0.2751609897703902741, 0.03826872246058329874, 0.4359042834906526886 ) ) ;
#202 = DIRECTION ( 'NONE',  ( 0.000000000000000000, 0.000000000000000000, -1.000000000000000000 ) ) ;
#203 = ORIENTED_EDGE ( 'NONE', *, *, #490, .F. ) ;
#204 = DIRECTION ( 'NONE',  ( 3.491481338843125072E-15, -1.000000000000000000, 7.888609052210119455E-30 ) ) ;
#205 = ORIENTED_EDGE ( 'NONE', *, *, #2226, .F. ) ;
#206 = DIRECTION ( 'NONE',  ( -3.491481338843120339E-15, 1.000000000000000000, 0.000000000000000000 ) ) ;
#207 = CARTESIAN_POINT ( 'NONE',  ( -0.3287499999999998757, 0.9798822782952079091, -0.1265000000000034430 ) ) ;
#208 = VERTEX_POINT ( 'NONE', #2090 ) ;
#209 = EDGE_LOOP ( 'NONE', ( #579, #1038, #361, #2245, #2263, #162, #1986, #1975, #983, #1539, #1536, #1564, #1590, #384, #694, #510 ) ) ;
#210 = EDGE_CURVE ( 'NONE', #1679, #371, #345, .T. ) ;
#211 = DIRECTION ( 'NONE',  ( 3.491481338843134933E-15, -1.000000000000000000, 0.000000000000000000 ) ) ;
#212 = EDGE_CURVE ( 'NONE', #1257, #1085, #1648, .T. ) ;
#213 = CARTESIAN_POINT ( 'NONE',  ( 0.01789646457858817472, 0.9138485800570764761, -0.4540331714537856889 ) ) ;
#214 = DIRECTION ( 'NONE',  ( 1.000000000000000000, 3.491481338843134144E-15, 0.000000000000000000 ) ) ;
#215 = ORIENTED_EDGE ( 'NONE', *, *, #810, .F. ) ;
#216 = FACE_OUTER_BOUND ( 'NONE', #1141, .T. ) ;
#217 = ORIENTED_EDGE ( 'NONE', *, *, #430, .T. ) ;
#218 = EDGE_CURVE ( 'NONE', #1023, #1436, #1559, .T. ) ;
#219 = CARTESIAN_POINT ( 'NONE',  ( 0.3973175643667795076, 0.08999999999999999667, 0.2335682736637405554 ) ) ;
#220 = CARTESIAN_POINT ( 'NONE',  ( -0.5812500000000084821, 0.8294680346564601292, -0.1265000000000105762 ) ) ;
#221 = ORIENTED_EDGE ( 'NONE', *, *, #1856, .T. ) ;
#222 = VERTEX_POINT ( 'NONE', #2061 ) ;
#223 = CARTESIAN_POINT ( 'NONE',  ( 0.2363718540741427954, 0.09832454936502160736, 0.3995739940249014022 ) ) ;
#224 = CARTESIAN_POINT ( 'NONE',  ( -0.4540827773409656376, 0.9138257291971126905, -0.01755167374932988314 ) ) ;
#225 = EDGE_CURVE ( 'NONE', #182, #2433, #461, .T. ) ;
#226 = CYLINDRICAL_SURFACE ( 'NONE', #2365, 0.1875000000000035527 ) ;
#227 = VERTEX_POINT ( 'NONE', #883 ) ;
#228 = AXIS2_PLACEMENT_3D ( 'NONE', #1659, #1634, #661 ) ;
#229 = CARTESIAN_POINT ( 'NONE',  ( -0.06250000000000746625, 1.067999999999999838, 7.654042494671462909E-18 ) ) ;
#230 = CIRCLE ( 'NONE', #2040, 0.5464999999999999858 ) ;
#231 = ORIENTED_EDGE ( 'NONE', *, *, #1359, .T. ) ;
#232 = AXIS2_PLACEMENT_3D ( 'NONE', #1643, #860, #257 ) ;
#233 = CIRCLE ( 'NONE', #193, 0.3725226829615011503 ) ;
#234 = CARTESIAN_POINT ( 'NONE',  ( 0.3151650429449551205, 0.09000000000000016320, -0.2651650429449555202 ) ) ;
#235 = CARTESIAN_POINT ( 'NONE',  ( -0.5812500000000115907, 0.9798822782952071320, 0.1264999999999985858 ) ) ;
#236 = AXIS2_PLACEMENT_3D ( 'NONE', #501, #2086, #320 ) ;
#237 = EDGE_LOOP ( 'NONE', ( #1424, #997, #2436, #35, #989, #942 ) ) ;
#238 = CARTESIAN_POINT ( 'NONE',  ( -0.009216796986472491557, 0.9134168796561602521, 0.4549725847570902926 ) ) ;
#239 = ORIENTED_EDGE ( 'NONE', *, *, #136, .F. ) ;
#240 = EDGE_CURVE ( 'NONE', #1676, #378, #1918, .T. ) ;
#241 = CARTESIAN_POINT ( 'NONE',  ( -0.1265000000000034708, 0.9900000000000001021, 0.3287499999999999867 ) ) ;
#242 = CARTESIAN_POINT ( 'NONE',  ( -0.1252038399624409437, 0.9900000000000001021, -0.3107233471412516046 ) ) ;
#243 = CARTESIAN_POINT ( 'NONE',  ( 0.5812500000000059286, 0.8294680346564637929, 0.1265000000000083280 ) ) ;
#244 = ORIENTED_EDGE ( 'NONE', *, *, #34, .F. ) ;
#245 = CARTESIAN_POINT ( 'NONE',  ( 0.2151650429449551150, 0.08999999999999983014, -0.2651650429449555202 ) ) ;
#246 = EDGE_CURVE ( 'NONE', #991, #311, #1838, .T. ) ;
#247 = ORIENTED_EDGE ( 'NONE', *, *, #2093, .T. ) ;
#248 = CARTESIAN_POINT ( 'NONE',  ( 0.1057436503811908929, 0.8400000000000004130, -0.4105866846115540092 ) ) ;
#249 = DIRECTION ( 'NONE',  ( 0.000000000000000000, -1.000000000000000000, 0.000000000000000000 ) ) ;
#250 = CARTESIAN_POINT ( 'NONE',  ( -3.728902069884472040E-15, 1.068000000000000060, 0.000000000000000000 ) ) ;
#251 = ORIENTED_EDGE ( 'NONE', *, *, #855, .T. ) ;
#252 = CARTESIAN_POINT ( 'NONE',  ( -0.2639537641432858628, -9.215896418236830382E-16, -0.4246509276977873393 ) ) ;
#253 = CARTESIAN_POINT ( 'NONE',  ( -3.484498376165448524E-15, 0.9979999999999999982, 0.000000000000000000 ) ) ;
#254 = EDGE_CURVE ( 'NONE', #1844, #175, #278, .T. ) ;
#255 = DIRECTION ( 'NONE',  ( 3.491481338843134933E-15, -1.000000000000000000, 0.000000000000000000 ) ) ;
#256 = ORIENTED_EDGE ( 'NONE', *, *, #2194, .T. ) ;
#257 = DIRECTION ( 'NONE',  ( 1.000000000000000000, 3.483352440916007185E-15, 0.000000000000000000 ) ) ;
#258 = ORIENTED_EDGE ( 'NONE', *, *, #2050, .F. ) ;
#259 = PLANE ( 'NONE',  #2209 ) ;
#260 = DIRECTION ( 'NONE',  ( 3.491481338843135327E-15, -1.000000000000000000, 0.000000000000000000 ) ) ;
#261 = EDGE_CURVE ( 'NONE', #311, #795, #196, .T. ) ;
#262 = ADVANCED_FACE ( 'NONE', ( #869 ), #680, .T. ) ;
#263 = CARTESIAN_POINT ( 'NONE',  ( -0.1124499828705264465, 0.9456461632040059628, 0.3886655824184475638 ) ) ;
#264 = ORIENTED_EDGE ( 'NONE', *, *, #779, .F. ) ;
#265 = EDGE_CURVE ( 'NONE', #175, #2305, #818, .T. ) ;
#266 = CARTESIAN_POINT ( 'NONE',  ( -0.2854848246250085153, 0.07660867031663499971, -0.4477011623827719666 ) ) ;
#267 = CYLINDRICAL_SURFACE ( 'NONE', #1089, 0.1175000000000035599 ) ;
#268 = CARTESIAN_POINT ( 'NONE',  ( -4.015203539669590342E-16, 0.1150000000000000050, 3.788502556229161649E-30 ) ) ;
#269 = ORIENTED_EDGE ( 'NONE', *, *, #1968, .F. ) ;
#270 = CARTESIAN_POINT ( 'NONE',  ( -0.4351043815756489574, 0.02624040223245139442, 0.000000000000000000 ) ) ;
#271 = VECTOR ( 'NONE', #666, 39.37007874015748143 ) ;
#272 = EDGE_LOOP ( 'NONE', ( #2254, #1161, #1020, #1254, #924, #2540, #1783, #2038 ) ) ;
#273 = CARTESIAN_POINT ( 'NONE',  ( 3.693554612633535330E-14, -10.57876085872868188, 0.000000000000000000 ) ) ;
#274 = CARTESIAN_POINT ( 'NONE',  ( -0.2418335150824980351, 0.1150000000000000050, 0.4041683106577046991 ) ) ;
#275 = AXIS2_PLACEMENT_3D ( 'NONE', #754, #546, #1681 ) ;
#276 = LINE ( 'NONE', #1063, #1957 ) ;
#277 = ORIENTED_EDGE ( 'NONE', *, *, #7, .T. ) ;
#278 = CIRCLE ( 'NONE', #1547, 0.5000000000000000000 ) ;
#279 = EDGE_CURVE ( 'NONE', #2395, #838, #144, .T. ) ;
#280 = AXIS2_PLACEMENT_3D ( 'NONE', #1234, #1988, #1220 ) ;
#281 = FACE_OUTER_BOUND ( 'NONE', #2398, .T. ) ;
#282 = CARTESIAN_POINT ( 'NONE',  ( 0.09739163799146886846, 0.9900000000000003242, -0.1183168866851977696 ) ) ;
#283 = EDGE_LOOP ( 'NONE', ( #244, #2381, #1294, #1723, #1752, #215, #75, #126, #1509 ) ) ;
#284 = CARTESIAN_POINT ( 'NONE',  ( -0.3995739940249041777, 0.09832454936501962284, 0.2363718540741392149 ) ) ;
#285 = ORIENTED_EDGE ( 'NONE', *, *, #2447, .F. ) ;
#286 = CARTESIAN_POINT ( 'NONE',  ( 3.693554612633535330E-14, -10.57876085872868188, 0.000000000000000000 ) ) ;
#287 = CYLINDRICAL_SURFACE ( 'NONE', #1628, 0.05000000000000000971 ) ;
#288 = CARTESIAN_POINT ( 'NONE',  ( -3.456566525454700917E-15, 0.9900000000000001021, 0.000000000000000000 ) ) ;
#289 = CARTESIAN_POINT ( 'NONE',  ( 0.1183168866852045420, 0.9899999999999994360, -0.09739163799146730027 ) ) ;
#290 = ORIENTED_EDGE ( 'NONE', *, *, #931, .F. ) ;
#291 = CARTESIAN_POINT ( 'NONE',  ( -0.09739163799147575185, 0.9899999999999997691, 0.1183168866851977696 ) ) ;
#292 = ADVANCED_FACE ( 'NONE', ( #512 ), #473, .T. ) ;
#293 = DIRECTION ( 'NONE',  ( -1.000000000000000000, -3.487465523826613446E-15, 0.000000000000000000 ) ) ;
#294 = EDGE_CURVE ( 'NONE', #2144, #1601, #1342, .T. ) ;
#295 = CARTESIAN_POINT ( 'NONE',  ( -0.05915994030294430966, 0.8368690024277082307, -0.4409872038309508580 ) ) ;
#296 = EDGE_LOOP ( 'NONE', ( #2215, #2171 ) ) ;
#297 = DIRECTION ( 'NONE',  ( -3.491481338843134933E-15, 1.000000000000000000, 0.000000000000000000 ) ) ;
#298 = FACE_OUTER_BOUND ( 'NONE', #485, .T. ) ;
#299 = DIRECTION ( 'NONE',  ( -3.491481338843134933E-15, -4.338734978715564930E-30, 1.000000000000000000 ) ) ;
#300 = DIRECTION ( 'NONE',  ( 1.000000000000000000, 3.439892541864759409E-15, 0.000000000000000000 ) ) ;
#301 = VERTEX_POINT ( 'NONE', #2222 ) ;
#302 = DIRECTION ( 'NONE',  ( -1.000000000000000000, -3.491481338843134933E-15, 0.000000000000000000 ) ) ;
#303 = FACE_OUTER_BOUND ( 'NONE', #1983, .T. ) ;
#304 = VERTEX_POINT ( 'NONE', #667 ) ;
#305 = DIRECTION ( 'NONE',  ( 1.000000000000000000, 3.491481338843135327E-15, 0.000000000000000000 ) ) ;
#306 = CARTESIAN_POINT ( 'NONE',  ( -2.932844324628232097E-15, 0.8400000000000000799, 0.000000000000000000 ) ) ;
#307 = CARTESIAN_POINT ( 'NONE',  ( 0.000000000000000000, 0.2249999999999999778, 0.000000000000000000 ) ) ;
#308 = CIRCLE ( 'NONE', #1216, 0.5464999999999999858 ) ;
#309 = DIRECTION ( 'NONE',  ( 3.491481338843135327E-15, -1.000000000000000000, 0.000000000000000000 ) ) ;
#310 = CARTESIAN_POINT ( 'NONE',  ( -0.2391261777554793966, 0.1066584767751882767, 0.4018576884605468691 ) ) ;
#311 = VERTEX_POINT ( 'NONE', #1259 ) ;
#312 = CIRCLE ( 'NONE', #392, 0.4709941319773094937 ) ;
#313 = CIRCLE ( 'NONE', #2163, 0.1175000000000035599 ) ;
#314 = CIRCLE ( 'NONE', #438, 0.06250000000000373312 ) ;
#315 = CARTESIAN_POINT ( 'NONE',  ( -0.3722901791045937769, 0.8399999999999999689, -0.1265000000000039149 ) ) ;
#316 = VECTOR ( 'NONE', #206, 39.37007874015748143 ) ;
#317 = CARTESIAN_POINT ( 'NONE',  ( 0.000000000000000000, 0.2249999999999999778, 0.000000000000000000 ) ) ;
#318 = ORIENTED_EDGE ( 'NONE', *, *, #786, .T. ) ;
#319 = CONICAL_SURFACE ( 'NONE', #2497, 0.5464999999999999858, 1.002691594320465951 ) ;
#320 = DIRECTION ( 'NONE',  ( 1.000000000000000000, 3.414809992080328333E-15, 0.000000000000000000 ) ) ;
#321 = CARTESIAN_POINT ( 'NONE',  ( 3.693554612633535330E-14, -10.57876085872868188, 0.000000000000000000 ) ) ;
#322 = DIRECTION ( 'NONE',  ( 3.491481338843134933E-15, -1.000000000000000000, 0.000000000000000000 ) ) ;
#323 = EDGE_CURVE ( 'NONE', #378, #534, #2452, .T. ) ;
#324 = CARTESIAN_POINT ( 'NONE',  ( -0.4550000000000031242, 0.8303598187096544736, -0.006200647931508121609 ) ) ;
#325 = DIRECTION ( 'NONE',  ( 1.000000000000000000, 3.439892541864759409E-15, 0.000000000000000000 ) ) ;
#326 = ADVANCED_FACE ( 'NONE', ( #2049 ), #1908, .T. ) ;
#327 = FACE_OUTER_BOUND ( 'NONE', #145, .T. ) ;
#328 = CARTESIAN_POINT ( 'NONE',  ( -0.3151650429449551205, -1.100392866098007010E-15, -0.2651650429449555202 ) ) ;
#329 = EDGE_CURVE ( 'NONE', #2017, #227, #1878, .T. ) ;
#330 = ORIENTED_EDGE ( 'NONE', *, *, #1016, .F. ) ;
#331 = CARTESIAN_POINT ( 'NONE',  ( 3.693554612633535330E-14, -10.57876085872868188, 0.000000000000000000 ) ) ;
#332 = CARTESIAN_POINT ( 'NONE',  ( 0.1264999999999965596, 0.9826007401928479323, 0.3226896675962094840 ) ) ;
#333 = FACE_OUTER_BOUND ( 'NONE', #1548, .T. ) ;
#334 = CARTESIAN_POINT ( 'NONE',  ( 0.07624999999999669542, 0.8399999999999993028, 0.1265000000000002789 ) ) ;
#335 = DIRECTION ( 'NONE',  ( 1.000000000000000000, 3.999045553396908601E-15, 0.000000000000000000 ) ) ;
#336 = CARTESIAN_POINT ( 'NONE',  ( 0.1264999999999971148, 0.8293933604811446481, -0.5812499999999999334 ) ) ;
#337 = ORIENTED_EDGE ( 'NONE', *, *, #1174, .T. ) ;
#338 = EDGE_CURVE ( 'NONE', #795, #632, #2089, .T. ) ;
#339 = ORIENTED_EDGE ( 'NONE', *, *, #109, .F. ) ;
#340 = FACE_OUTER_BOUND ( 'NONE', #237, .T. ) ;
#341 = ORIENTED_EDGE ( 'NONE', *, *, #2364, .T. ) ;
#342 = DIRECTION ( 'NONE',  ( -3.491481338843125072E-15, 1.000000000000000000, 7.888609052210119455E-30 ) ) ;
#343 = DIRECTION ( 'NONE',  ( 0.000000000000000000, 0.000000000000000000, -1.000000000000000000 ) ) ;
#344 = DIRECTION ( 'NONE',  ( 1.000000000000000000, 0.000000000000000000, 0.000000000000000000 ) ) ;
#345 = LINE ( 'NONE', #1132, #399 ) ;
#346 = CARTESIAN_POINT ( 'NONE',  ( 0.2639537641432858628, 9.215896418236830382E-16, -0.4246509276977873393 ) ) ;
#347 = VERTEX_POINT ( 'NONE', #2145 ) ;
#348 = CIRCLE ( 'NONE', #1578, 0.1175000000000035599 ) ;
#349 = ORIENTED_EDGE ( 'NONE', *, *, #1853, .T. ) ;
#350 = ADVANCED_FACE ( 'NONE', ( #732 ), #2210, .T. ) ;
#351 = CARTESIAN_POINT ( 'NONE',  ( -0.3151650429449555091, -1.100392866098007010E-15, 0.2651650429449555202 ) ) ;
#352 = VECTOR ( 'NONE', #1238, 39.37007874015748143 ) ;
#353 = DIRECTION ( 'NONE',  ( 0.000000000000000000, 0.000000000000000000, -1.000000000000000000 ) ) ;
#354 = DIRECTION ( 'NONE',  ( 3.491481338843134933E-15, -1.000000000000000000, 0.000000000000000000 ) ) ;
#355 = CARTESIAN_POINT ( 'NONE',  ( -0.3287500000000016520, 0.8400000000000000799, -0.1265000000000034430 ) ) ;
#356 = ORIENTED_EDGE ( 'NONE', *, *, #822, .T. ) ;
#357 = DIRECTION ( 'NONE',  ( -1.000000000000000000, -3.475724755842517188E-15, 0.000000000000000000 ) ) ;
#358 = CARTESIAN_POINT ( 'NONE',  ( 0.4344151918195235940, 0.8400000000000000799, -0.06923044929528995861 ) ) ;
#359 = ORIENTED_EDGE ( 'NONE', *, *, #1607, .T. ) ;
#360 = ORIENTED_EDGE ( 'NONE', *, *, #1846, .T. ) ;
#361 = ORIENTED_EDGE ( 'NONE', *, *, #1549, .F. ) ;
#362 = FACE_BOUND ( 'NONE', #681, .T. ) ;
#363 = EDGE_CURVE ( 'NONE', #2182, #1715, #1551, .T. ) ;
#364 = CARTESIAN_POINT ( 'NONE',  ( 0.4765000000000000346, 0.2000000000000000111, 0.000000000000000000 ) ) ;
#365 = CARTESIAN_POINT ( 'NONE',  ( -5.247696452281228265E-15, 1.503000000000000114, 0.000000000000000000 ) ) ;
#366 = EDGE_CURVE ( 'NONE', #1654, #985, #766, .T. ) ;
#367 = CARTESIAN_POINT ( 'NONE',  ( 0.4504828225734600067, 0.9154906998077293467, 0.03465562289851966543 ) ) ;
#368 = VERTEX_POINT ( 'NONE', #364 ) ;
#369 = DIRECTION ( 'NONE',  ( -1.000000000000000000, -3.491481338843134933E-15, 0.000000000000000000 ) ) ;
#370 = CARTESIAN_POINT ( 'NONE',  ( 0.1264999999999965596, 0.9798827236680244246, -0.5812499999999999334 ) ) ;
#371 = VERTEX_POINT ( 'NONE', #1520 ) ;
#372 = EDGE_CURVE ( 'NONE', #1314, #1244, #2541, .T. ) ;
#373 = DIRECTION ( 'NONE',  ( -1.000000000000000000, -3.491481338843134933E-15, 0.000000000000000000 ) ) ;
#374 = ORIENTED_EDGE ( 'NONE', *, *, #179, .T. ) ;
#375 = CARTESIAN_POINT ( 'NONE',  ( -0.06250000000000563438, 0.08999999999999977462, 0.000000000000000000 ) ) ;
#376 = CARTESIAN_POINT ( 'NONE',  ( -0.4550000000000031797, 0.9134042553191478175, -3.088268750974535705E-15 ) ) ;
#377 = CARTESIAN_POINT ( 'NONE',  ( -0.07625000000000120570, 0.8400000000000008571, -0.1265000000000008062 ) ) ;
#378 = VERTEX_POINT ( 'NONE', #545 ) ;
#379 = DIRECTION ( 'NONE',  ( 0.000000000000000000, -1.000000000000000000, 0.000000000000000000 ) ) ;
#380 = DIRECTION ( 'NONE',  ( 0.000000000000000000, 0.000000000000000000, 1.000000000000000000 ) ) ;
#381 = ORIENTED_EDGE ( 'NONE', *, *, #519, .F. ) ;
#382 = B_SPLINE_CURVE_WITH_KNOTS ( 'NONE', 3,
 ( #937, #709, #1708, #2485 ),
 .UNSPECIFIED., .F., .F.,
 ( 4, 4 ),
 ( 3.422508744630747105E-17, 0.0005372670658121110956 ),
 .UNSPECIFIED. ) ;
#383 = CARTESIAN_POINT ( 'NONE',  ( 0.4041683106577031448, 0.1150000000000013789, 0.2418335150824988400 ) ) ;
#384 = ORIENTED_EDGE ( 'NONE', *, *, #2119, .F. ) ;
#385 = CIRCLE ( 'NONE', #987, 0.5464999999999999858 ) ;
#386 = ORIENTED_EDGE ( 'NONE', *, *, #1691, .F. ) ;
#387 = CIRCLE ( 'NONE', #2450, 0.1175000000000035599 ) ;
#388 = CIRCLE ( 'NONE', #1338, 0.5065000000000000613 ) ;
#389 = CARTESIAN_POINT ( 'NONE',  ( -0.3287500000000045386, 0.8400000000000000799, 0.1264999999999965596 ) ) ;
#390 = CIRCLE ( 'NONE', #1376, 0.1875000000000035527 ) ;
#391 = CARTESIAN_POINT ( 'NONE',  ( 0.08679554273570502798, 0.9295097206028963832, -0.4209681343388143593 ) ) ;
#392 = AXIS2_PLACEMENT_3D ( 'NONE', #451, #1247, #94 ) ;
#393 = VECTOR ( 'NONE', #1454, 39.37007874015748143 ) ;
#394 = DIRECTION ( 'NONE',  ( 1.000000000000000000, 3.499164859222294928E-15, 0.000000000000000000 ) ) ;
#395 = VERTEX_POINT ( 'NONE', #375 ) ;
#396 = VECTOR ( 'NONE', #2168, 39.37007874015748143 ) ;
#397 = CARTESIAN_POINT ( 'NONE',  ( 0.2651650429449555202, 9.258187991558503420E-16, -0.2651650429449555202 ) ) ;
#398 = ORIENTED_EDGE ( 'NONE', *, *, #1359, .F. ) ;
#399 = VECTOR ( 'NONE', #1914, 39.37007874015748143 ) ;
#400 = EDGE_CURVE ( 'NONE', #952, #1649, #1283, .T. ) ;
#401 = LINE ( 'NONE', #1000, #316 ) ;
#402 = ORIENTED_EDGE ( 'NONE', *, *, #2123, .T. ) ;
#403 = EDGE_CURVE ( 'NONE', #914, #1028, #1924, .T. ) ;
#404 = ORIENTED_EDGE ( 'NONE', *, *, #1736, .T. ) ;
#405 = DIRECTION ( 'NONE',  ( 1.000000000000000000, 5.463695987328525648E-15, 0.000000000000000000 ) ) ;
#406 = ADVANCED_FACE ( 'NONE', ( #152 ), #1809, .F. ) ;
#407 = CARTESIAN_POINT ( 'NONE',  ( -0.4477705093481895160, 0.9167480413052458976, -0.04308193395858821856 ) ) ;
#408 = CARTESIAN_POINT ( 'NONE',  ( 0.3107233471412476078, 0.9900000000000001021, 0.1252038399624383902 ) ) ;
#409 = VERTEX_POINT ( 'NONE', #2482 ) ;
#410 = CARTESIAN_POINT ( 'NONE',  ( 0.3722901791045890585, 0.8400000000000003020, 0.1265000000000012781 ) ) ;
#411 = EDGE_LOOP ( 'NONE', ( #587, #2156 ) ) ;
#412 =( BOUNDED_CURVE ( )  B_SPLINE_CURVE ( 3, ( #242, #2045, #282, #1076 ),
 .UNSPECIFIED., .F., .T. ) 
 B_SPLINE_CURVE_WITH_KNOTS ( ( 4, 4 ),
 ( 3.284867705407113814, 6.139910255362265978 ),
 .UNSPECIFIED. ) 
 CURVE ( )  GEOMETRIC_REPRESENTATION_ITEM ( )  RATIONAL_B_SPLINE_CURVE ( ( 1.000000000000000000, 0.4285235794521365382, 0.4285235794521365382, 1.000000000000000000 ) ) 
 REPRESENTATION_ITEM ( '' )  );
#413 = DIRECTION ( 'NONE',  ( 3.491481338843120339E-15, -1.000000000000000000, 0.000000000000000000 ) ) ;
#414 = CARTESIAN_POINT ( 'NONE',  ( 0.3151650429449551205, 1.100392866098007010E-15, 0.2651650429449555202 ) ) ;
#415 = ORIENTED_EDGE ( 'NONE', *, *, #519, .T. ) ;
#416 = ORIENTED_EDGE ( 'NONE', *, *, #786, .F. ) ;
#417 = EDGE_CURVE ( 'NONE', #2314, #491, #728, .T. ) ;
#418 = CARTESIAN_POINT ( 'NONE',  ( 0.5088375182954697484, 0.7959954453295687848, 0.000000000000000000 ) ) ;
#419 = DIRECTION ( 'NONE',  ( 1.000000000000000000, 4.370956789862449596E-15, 0.000000000000000000 ) ) ;
#420 = CARTESIAN_POINT ( 'NONE',  ( -0.3226896675962139804, 0.9826007401928464891, 0.1264999999999966152 ) ) ;
#421 = ORIENTED_EDGE ( 'NONE', *, *, #43, .T. ) ;
#422 = CARTESIAN_POINT ( 'NONE',  ( 0.3151650429449551205, 0.09000000000000016320, 0.2651650429449555202 ) ) ;
#423 = ORIENTED_EDGE ( 'NONE', *, *, #2059, .F. ) ;
#424 = LINE ( 'NONE', #796, #1011 ) ;
#425 = CARTESIAN_POINT ( 'NONE',  ( -0.04220093871684007375, 0.8336358626036836084, 0.4479236098479714712 ) ) ;
#426 = ORIENTED_EDGE ( 'NONE', *, *, #1686, .F. ) ;
#427 = ORIENTED_EDGE ( 'NONE', *, *, #2036, .T. ) ;
#428 = DIRECTION ( 'NONE',  ( 1.000000000000000000, 3.999045553396908601E-15, 0.000000000000000000 ) ) ;
#429 = CIRCLE ( 'NONE', #1619, 0.05000000000000000971 ) ;
#430 = EDGE_CURVE ( 'NONE', #2202, #2356, #1059, .T. ) ;
#431 =( NAMED_UNIT ( * ) SI_UNIT ( $, .STERADIAN. ) SOLID_ANGLE_UNIT ( ) );
#432 = DIRECTION ( 'NONE',  ( 1.000000000000000000, 0.000000000000000000, 0.000000000000000000 ) ) ;
#433 = ORIENTED_EDGE ( 'NONE', *, *, #1718, .T. ) ;
#434 = VECTOR ( 'NONE', #1451, 39.37007874015748143 ) ;
#435 = CARTESIAN_POINT ( 'NONE',  ( -0.4344151918195291451, 0.8400000000000000799, 0.06923044929528700264 ) ) ;
#436 = AXIS2_PLACEMENT_3D ( 'NONE', #1360, #1118, #344 ) ;
#437 = ORIENTED_EDGE ( 'NONE', *, *, #1092, .T. ) ;
#438 = AXIS2_PLACEMENT_3D ( 'NONE', #1256, #2019, #1821 ) ;
#439 = CIRCLE ( 'NONE', #1303, 0.5000000000000000000 ) ;
#440 = CARTESIAN_POINT ( 'NONE',  ( -0.2151650429449551150, -7.512447322136935757E-16, -0.2651650429449555202 ) ) ;
#441 = EDGE_CURVE ( 'NONE', #1831, #573, #2108, .T. ) ;
#442 = DIRECTION ( 'NONE',  ( -1.000000000000000000, -3.491481338843135722E-15, 0.000000000000000000 ) ) ;
#443 = AXIS2_PLACEMENT_3D ( 'NONE', #307, #1889, #1119 ) ;
#444 = ORIENTED_EDGE ( 'NONE', *, *, #862, .F. ) ;
#445 = B_SPLINE_CURVE_WITH_KNOTS ( 'NONE', 3,
 ( #358, #181, #1917, #1113, #1931, #1901 ),
 .UNSPECIFIED., .F., .F.,
 ( 4, 2, 4 ),
 ( 4.074061883871021757E-18, 0.0009435012386732035067, 0.001887002477346402893 ),
 .UNSPECIFIED. ) ;
#446 = CARTESIAN_POINT ( 'NONE',  ( -0.1265000000000029434, 0.8399999999999997469, 0.07624999999999990119 ) ) ;
#447 = DIRECTION ( 'NONE',  ( 3.491481338843135327E-15, -1.000000000000000000, -0.000000000000000000 ) ) ;
#448 = B_SPLINE_CURVE_WITH_KNOTS ( 'NONE', 3,
 ( #898, #128, #332, #2288 ),
 .UNSPECIFIED., .F., .F.,
 ( 4, 4 ),
 ( 3.422508744630747105E-17, 0.0005372670658121174924 ),
 .UNSPECIFIED. ) ;
#449 = CARTESIAN_POINT ( 'NONE',  ( -0.5465000000000029834, 0.8549999999999980949, 6.692694757340287098E-17 ) ) ;
#450 = ORIENTED_EDGE ( 'NONE', *, *, #2435, .F. ) ;
#451 = CARTESIAN_POINT ( 'NONE',  ( -4.015203539669590342E-16, 0.1150000000000000050, 2.414671457353436957E-30 ) ) ;
#452 = ADVANCED_FACE ( 'NONE', ( #1740 ), #1937, .F. ) ;
#453 = ADVANCED_FACE ( 'NONE', ( #1117 ), #1527, .F. ) ;
#454 = VERTEX_POINT ( 'NONE', #829 ) ;
#455 = CARTESIAN_POINT ( 'NONE',  ( -3.142333204958787282E-16, 0.08999999999999999667, -0.6875226829615019852 ) ) ;
#456 = FACE_OUTER_BOUND ( 'NONE', #776, .T. ) ;
#457 = CARTESIAN_POINT ( 'NONE',  ( 0.1237355363854201196, 0.9613009068513205246, 0.3593852897497463172 ) ) ;
#458 = ORIENTED_EDGE ( 'NONE', *, *, #2469, .T. ) ;
#459 = DIRECTION ( 'NONE',  ( -3.491481338843134933E-15, 1.000000000000000000, 0.000000000000000000 ) ) ;
#460 = FACE_OUTER_BOUND ( 'NONE', #2107, .T. ) ;
#461 = LINE ( 'NONE', #1629, #1227 ) ;
#462 = ORIENTED_EDGE ( 'NONE', *, *, #1192, .F. ) ;
#463 = CYLINDRICAL_SURFACE ( 'NONE', #1748, 0.5464999999999999858 ) ;
#464 = ORIENTED_EDGE ( 'NONE', *, *, #91, .T. ) ;
#465 = ADVANCED_FACE ( 'NONE', ( #2005 ), #18, .T. ) ;
#466 = FACE_OUTER_BOUND ( 'NONE', #542, .T. ) ;
#467 = CARTESIAN_POINT ( 'NONE',  ( -0.3438765035354018895, 0.9699793716664989462, 0.1264999999999963654 ) ) ;
#468 = CARTESIAN_POINT ( 'NONE',  ( -0.6875226829615019852, -2.400472617591440474E-15, -7.201417852774329704E-15 ) ) ;
#469 = EDGE_LOOP ( 'NONE', ( #1074, #853 ) ) ;
#470 = PLANE ( 'NONE',  #1702 ) ;
#471 = CARTESIAN_POINT ( 'NONE',  ( -0.5464999999999631264, -10.57876085872868366, 6.692694757340285865E-17 ) ) ;
#472 = ORIENTED_EDGE ( 'NONE', *, *, #2041, .F. ) ;
#473 = CYLINDRICAL_SURFACE ( 'NONE', #32, 0.06250000000000531519 ) ;
#474 = ORIENTED_EDGE ( 'NONE', *, *, #1544, .T. ) ;
#475 = CARTESIAN_POINT ( 'NONE',  ( 0.4512173634168229475, 0.9151326703409329300, -0.03528300820364935891 ) ) ;
#476 = AXIS2_PLACEMENT_3D ( 'NONE', #2055, #685, #1072 ) ;
#477 = ORIENTED_EDGE ( 'NONE', *, *, #2424, .T. ) ;
#478 = CIRCLE ( 'NONE', #724, 0.5464999999999999858 ) ;
#479 = CARTESIAN_POINT ( 'NONE',  ( 0.1264999999999970315, 0.8400000000000005240, 0.07625000000000003997 ) ) ;
#480 = CARTESIAN_POINT ( 'NONE',  ( -4.015203539669590342E-16, 0.1150000000000000050, 3.788502556229161649E-30 ) ) ;
#481 = VECTOR ( 'NONE', #1729, 39.37007874015748143 ) ;
#482 = EDGE_CURVE ( 'NONE', #1494, #2051, #1417, .T. ) ;
#483 = AXIS2_PLACEMENT_3D ( 'NONE', #875, #57, #835 ) ;
#484 = CARTESIAN_POINT ( 'NONE',  ( 0.03497658940865577826, 0.9150900411094118336, 0.4513096577302635470 ) ) ;
#485 = EDGE_LOOP ( 'NONE', ( #756, #2189, #1902, #2023, #15, #1992 ) ) ;
#486 = AXIS2_PLACEMENT_3D ( 'NONE', #1194, #1006, #1587 ) ;
#487 = EDGE_CURVE ( 'NONE', #1045, #581, #941, .T. ) ;
#488 = CARTESIAN_POINT ( 'NONE',  ( -0.5464999999999999858, 0.7950000000000000400, 6.692694757340268609E-17 ) ) ;
#489 = CARTESIAN_POINT ( 'NONE',  ( 0.3166749461249191988, 0.9862711715073892993, 0.1260641388972643384 ) ) ;
#490 = EDGE_CURVE ( 'NONE', #2104, #1103, #2252, .T. ) ;
#491 = VERTEX_POINT ( 'NONE', #1977 ) ;
#492 = CARTESIAN_POINT ( 'NONE',  ( -5.247696452281228265E-15, 1.503000000000000114, 0.000000000000000000 ) ) ;
#493 = DIRECTION ( 'NONE',  ( 3.491481338843135327E-15, -1.000000000000000000, 0.000000000000000000 ) ) ;
#494 = CARTESIAN_POINT ( 'NONE',  ( 0.06250000000000001388, 1.068000000000000282, 0.000000000000000000 ) ) ;
#495 = CARTESIAN_POINT ( 'NONE',  ( -0.07625000000000171918, 0.9900000000000008793, -0.1265000000000008062 ) ) ;
#496 = ORIENTED_EDGE ( 'NONE', *, *, #167, .T. ) ;
#497 = FACE_OUTER_BOUND ( 'NONE', #411, .T. ) ;
#498 = EDGE_CURVE ( 'NONE', #409, #985, #2373, .T. ) ;
#499 = CARTESIAN_POINT ( 'NONE',  ( -0.3287500000000022071, 0.9789904942420136758, -0.1265000000000034430 ) ) ;
#500 = ORIENTED_EDGE ( 'NONE', *, *, #1313, .F. ) ;
#501 = CARTESIAN_POINT ( 'NONE',  ( 0.2651650429449551316, 0.08999999999999999667, 0.2651650429449555202 ) ) ;
#502 = ORIENTED_EDGE ( 'NONE', *, *, #1344, .T. ) ;
#503 = DIRECTION ( 'NONE',  ( -1.000000000000000000, -3.415609172341541165E-15, 0.000000000000000000 ) ) ;
#504 = DIRECTION ( 'NONE',  ( 0.000000000000000000, -1.000000000000000000, 0.000000000000000000 ) ) ;
#505 = CARTESIAN_POINT ( 'NONE',  ( -0.2335682736637393897, 0.08999999999999822031, 0.3973175643667803403 ) ) ;
#506 = ORIENTED_EDGE ( 'NONE', *, *, #2092, .F. ) ;
#507 = LINE ( 'NONE', #1623, #683 ) ;
#508 = DIMENSIONAL_EXPONENTS ( 1.000000000000000000, 0.000000000000000000, 0.000000000000000000, 0.000000000000000000, 0.000000000000000000, 0.000000000000000000, 0.000000000000000000 ) ;
#509 = DIRECTION ( 'NONE',  ( 0.000000000000000000, 0.000000000000000000, -1.000000000000000000 ) ) ;
#510 = ORIENTED_EDGE ( 'NONE', *, *, #1252, .F. ) ;
#511 = EDGE_CURVE ( 'NONE', #2155, #1248, #628, .T. ) ;
#512 = FACE_OUTER_BOUND ( 'NONE', #1867, .T. ) ;
#513 = DIRECTION ( 'NONE',  ( 3.491481338843135327E-15, -1.000000000000000000, -0.000000000000000000 ) ) ;
#514 = DIRECTION ( 'NONE',  ( 0.000000000000000000, 0.000000000000000000, -1.000000000000000000 ) ) ;
#515 = AXIS2_PLACEMENT_3D ( 'NONE', #100, #135, #1870 ) ;
#516 = CARTESIAN_POINT ( 'NONE',  ( -4.490626782114054683E-16, 0.1286166628518190802, 0.000000000000000000 ) ) ;
#517 = CARTESIAN_POINT ( 'NONE',  ( -0.4600404873486716451, 0.1149999999999964662, 0.2949999999999952660 ) ) ;
#518 = CIRCLE ( 'NONE', #1999, 0.3725226829615011503 ) ;
#519 = EDGE_CURVE ( 'NONE', #2431, #1621, #1712, .T. ) ;
#520 = DIRECTION ( 'NONE',  ( 3.491481338843134933E-15, -1.000000000000000000, 0.000000000000000000 ) ) ;
#521 = CONICAL_SURFACE ( 'NONE', #189, 0.5000000000000000000, 0.3842488746094968044 ) ;
#522 = AXIS2_PLACEMENT_3D ( 'NONE', #1468, #493, #1633 ) ;
#523 = CARTESIAN_POINT ( 'NONE',  ( 0.4764999999999999791, 0.2249999999999999778, 0.000000000000000000 ) ) ;
#524 = ORIENTED_EDGE ( 'NONE', *, *, #1391, .F. ) ;
#525 = CIRCLE ( 'NONE', #971, 0.4709941319773094937 ) ;
#526 = DIRECTION ( 'NONE',  ( 1.000000000000000000, 3.669646558653488400E-15, 0.000000000000000000 ) ) ;
#527 = DIRECTION ( 'NONE',  ( -3.491481338843134933E-15, 1.000000000000000000, 0.000000000000000000 ) ) ;
#528 = CARTESIAN_POINT ( 'NONE',  ( -0.3151650429449555091, 0.08999999999999805378, -0.2651650429449555202 ) ) ;
#529 = CARTESIAN_POINT ( 'NONE',  ( -0.4457337070259738687, 0.8346563412142027349, -0.04795300687425451541 ) ) ;
#530 = EDGE_CURVE ( 'NONE', #409, #1850, #993, .T. ) ;
#531 = DIRECTION ( 'NONE',  ( 1.000000000000000000, 3.483352440916007185E-15, 0.000000000000000000 ) ) ;
#532 = VERTEX_POINT ( 'NONE', #187 ) ;
#533 = CARTESIAN_POINT ( 'NONE',  ( -0.1265000000000029434, 0.8399999999999996358, -0.3287499999999999867 ) ) ;
#534 = VERTEX_POINT ( 'NONE', #2399 ) ;
#535 = CARTESIAN_POINT ( 'NONE',  ( 0.1264999999999970592, 0.8400000000000004130, 0.3287500000000000977 ) ) ;
#536 = CARTESIAN_POINT ( 'NONE',  ( -0.1265000000000029157, 0.8399999999999996358, -0.07625000000000003997 ) ) ;
#537 = DIRECTION ( 'NONE',  ( 1.000000000000000000, 4.586523389153012283E-15, 0.000000000000000000 ) ) ;
#538 = FACE_OUTER_BOUND ( 'NONE', #2366, .T. ) ;
#539 = CARTESIAN_POINT ( 'NONE',  ( 0.3349999999999999645, 0.9900000000000001021, 0.000000000000000000 ) ) ;
#540 = CARTESIAN_POINT ( 'NONE',  ( -2.851270801687078578E-15, 0.8166364144543347692, 0.000000000000000000 ) ) ;
#541 = EDGE_CURVE ( 'NONE', #1103, #2104, #2500, .T. ) ;
#542 = EDGE_LOOP ( 'NONE', ( #258, #1002, #1945, #725 ) ) ;
#543 = VERTEX_POINT ( 'NONE', #1598 ) ;
#544 = CARTESIAN_POINT ( 'NONE',  ( -0.02454359568146149279, 0.8313967345498903816, 0.4527516228338606674 ) ) ;
#545 = CARTESIAN_POINT ( 'NONE',  ( -0.3973175643667835044, 0.08999999999999783173, 0.2335682736637350598 ) ) ;
#546 = DIRECTION ( 'NONE',  ( 0.000000000000000000, -1.000000000000000000, 0.000000000000000000 ) ) ;
#547 = DIRECTION ( 'NONE',  ( -3.491481338843124678E-15, 1.000000000000000000, -7.888609052210119455E-30 ) ) ;
#548 = CARTESIAN_POINT ( 'NONE',  ( 0.3107233471412484405, 0.9900000000000001021, -0.1252038399624362253 ) ) ;
#549 = FACE_BOUND ( 'NONE', #2227, .T. ) ;
#550 = CARTESIAN_POINT ( 'NONE',  ( -0.4765000000000029212, 0.8166364144543331038, 5.835441997937151612E-17 ) ) ;
#551 = ORIENTED_EDGE ( 'NONE', *, *, #1066, .T. ) ;
#552 = PRESENTATION_LAYER_ASSIGNMENT (  '', '', ( #1421 ) ) ;
#553 = EDGE_LOOP ( 'NONE', ( #2134, #1390, #1316, #1440 ) ) ;
#554 = PRODUCT_DEFINITION_FORMATION_WITH_SPECIFIED_SOURCE ( 'ANY', '', #600, .NOT_KNOWN. ) ;
#555 = ADVANCED_FACE ( 'NONE', ( #638 ), #2389, .T. ) ;
#556 = AXIS2_PLACEMENT_3D ( 'NONE', #570, #1722, #2094 ) ;
#557 = ORIENTED_EDGE ( 'NONE', *, *, #1656, .F. ) ;
#558 = DIRECTION ( 'NONE',  ( 3.491481338843125072E-15, -1.000000000000000000, 7.888609052210119455E-30 ) ) ;
#559 = CIRCLE ( 'NONE', #1788, 0.5464999999999999858 ) ;
#560 = ADVANCED_FACE ( 'NONE', ( #969 ), #2544, .F. ) ;
#561 = AXIS2_PLACEMENT_3D ( 'NONE', #2403, #645, #2434 ) ;
#562 = CONICAL_SURFACE ( 'NONE', #968, 0.5088375182954725240, 1.002691594320465951 ) ;
#563 = CARTESIAN_POINT ( 'NONE',  ( 0.000000000000000000, -38.89867353334835087, -0.5065000000000000613 ) ) ;
#564 = CARTESIAN_POINT ( 'NONE',  ( 0.1264999999999966429, 0.9699574490024748252, -0.3439133039730917218 ) ) ;
#565 = AXIS2_PLACEMENT_3D ( 'NONE', #2277, #1310, #909 ) ;
#566 = EDGE_CURVE ( 'NONE', #101, #978, #1644, .T. ) ;
#567 = DIRECTION ( 'NONE',  ( 3.491481338843125072E-15, -1.000000000000000000, -7.888609052210119455E-30 ) ) ;
#568 = ORIENTED_EDGE ( 'NONE', *, *, #151, .T. ) ;
#569 = CARTESIAN_POINT ( 'NONE',  ( -0.4479272945231712044, 0.8336341463638152760, -0.04219079671715129237 ) ) ;
#570 = CARTESIAN_POINT ( 'NONE',  ( -9.161787471834704820E-17, 0.02624040223245291403, 0.000000000000000000 ) ) ;
#571 = ORIENTED_EDGE ( 'NONE', *, *, #1927, .F. ) ;
#572 = ORIENTED_EDGE ( 'NONE', *, *, #1853, .F. ) ;
#573 = VERTEX_POINT ( 'NONE', #2344 ) ;
#574 = CARTESIAN_POINT ( 'NONE',  ( 0.1264999999999970592, 0.8400000000000005240, -0.07625000000000003997 ) ) ;
#575 = CARTESIAN_POINT ( 'NONE',  ( -0.3887692680949160207, 0.9455920678334587270, -0.1123986250011669991 ) ) ;
#576 = DIRECTION ( 'NONE',  ( -3.491481338843120339E-15, 1.000000000000000000, 0.000000000000000000 ) ) ;
#577 = ORIENTED_EDGE ( 'NONE', *, *, #2260, .F. ) ;
#578 = DIRECTION ( 'NONE',  ( 1.000000000000000000, 3.491481338843136116E-15, 0.000000000000000000 ) ) ;
#579 = ORIENTED_EDGE ( 'NONE', *, *, #1806, .T. ) ;
#580 = DIRECTION ( 'NONE',  ( 3.491481338843135327E-15, -1.000000000000000000, 0.000000000000000000 ) ) ;
#581 = VERTEX_POINT ( 'NONE', #1182 ) ;
#582 = ORIENTED_EDGE ( 'NONE', *, *, #1092, .F. ) ;
#583 = CARTESIAN_POINT ( 'NONE',  ( -0.07625000000000899114, 0.8400000000000008571, -0.1265000000000007785 ) ) ;
#584 = CARTESIAN_POINT ( 'NONE',  ( 0.009216796986466029712, 0.9134168796561602521, -0.4549725847570902926 ) ) ;
#585 = EDGE_CURVE ( 'NONE', #1526, #952, #930, .T. ) ;
#586 = CARTESIAN_POINT ( 'NONE',  ( -0.3151650429449606161, 1.503039370078739889, 0.2651650429449555202 ) ) ;
#587 = ORIENTED_EDGE ( 'NONE', *, *, #979, .T. ) ;
#588 = CARTESIAN_POINT ( 'NONE',  ( 0.2651650429449551316, 9.258187991558503420E-16, 0.2651650429449555202 ) ) ;
#589 = ADVANCED_FACE ( 'NONE', ( #1764 ), #596, .F. ) ;
#590 = ORIENTED_EDGE ( 'NONE', *, *, #372, .T. ) ;
#591 = DIRECTION ( 'NONE',  ( 0.000000000000000000, 0.000000000000000000, -1.000000000000000000 ) ) ;
#592 = ORIENTED_EDGE ( 'NONE', *, *, #1212, .T. ) ;
#593 = EDGE_CURVE ( 'NONE', #2177, #1603, #1832, .T. ) ;
#594 = ORIENTED_EDGE ( 'NONE', *, *, #1270, .F. ) ;
#595 = AXIS2_PLACEMENT_3D ( 'NONE', #988, #2370, #2384 ) ;
#596 = CYLINDRICAL_SURFACE ( 'NONE', #1136, 0.05000000000000000971 ) ;
#597 = CIRCLE ( 'NONE', #147, 0.3725226829615011503 ) ;
#598 = CARTESIAN_POINT ( 'NONE',  ( -0.4550000000000031797, 0.9134042553191478175, -0.008852258290600371893 ) ) ;
#599 = VECTOR ( 'NONE', #104, 39.37007874015748143 ) ;
#600 = PRODUCT ( 'A2212 Brushless Motor', 'A2212 Brushless Motor', '', ( #784 ) ) ;
#601 = AXIS2_PLACEMENT_3D ( 'NONE', #1490, #1881, #1112 ) ;
#602 = B_SPLINE_CURVE_WITH_KNOTS ( 'NONE', 3,
 ( #60, #837, #1830, #1635 ),
 .UNSPECIFIED., .F., .F.,
 ( 4, 4 ),
 ( 4.525475972510098269E-17, 0.0005372670658121350565 ),
 .UNSPECIFIED. ) ;
#603 = DIRECTION ( 'NONE',  ( 0.000000000000000000, 1.000000000000000000, 0.000000000000000000 ) ) ;
#604 = ORIENTED_EDGE ( 'NONE', *, *, #2123, .F. ) ;
#605 = AXIS2_PLACEMENT_3D ( 'NONE', #1111, #2111, #1489 ) ;
#606 = FACE_BOUND ( 'NONE', #1790, .T. ) ;
#607 = ORIENTED_EDGE ( 'NONE', *, *, #1976, .F. ) ;
#608 = AXIS2_PLACEMENT_3D ( 'NONE', #36, #1024, #1405 ) ;
#609 = EDGE_CURVE ( 'NONE', #2525, #1314, #2077, .T. ) ;
#610 = EDGE_CURVE ( 'NONE', #632, #534, #1910, .T. ) ;
#611 = DIRECTION ( 'NONE',  ( 1.000000000000000000, 3.482341965662643695E-15, 0.000000000000000000 ) ) ;
#612 = CARTESIAN_POINT ( 'NONE',  ( -0.3287500000000018741, 0.8294680346564607953, 0.1264999999999965596 ) ) ;
#613 = VERTEX_POINT ( 'NONE', #1833 ) ;
#614 = VERTEX_POINT ( 'NONE', #1820 ) ;
#615 = CARTESIAN_POINT ( 'NONE',  ( 0.5465000000000369562, -10.57876085872868011, 0.000000000000000000 ) ) ;
#616 = FACE_OUTER_BOUND ( 'NONE', #643, .T. ) ;
#617 = DIRECTION ( 'NONE',  ( -1.000000000000000000, -3.487465523826613446E-15, 0.000000000000000000 ) ) ;
#618 = ORIENTED_EDGE ( 'NONE', *, *, #1550, .T. ) ;
#619 = FACE_OUTER_BOUND ( 'NONE', #871, .T. ) ;
#620 = VERTEX_POINT ( 'NONE', #1677 ) ;
#621 = CARTESIAN_POINT ( 'NONE',  ( 0.1057436503811909068, 0.8400000000000004130, 0.4105866846115539537 ) ) ;
#622 = CARTESIAN_POINT ( 'NONE',  ( -0.3287500000000048161, 0.9789904942420136758, 0.1264999999999965596 ) ) ;
#623 = UNCERTAINTY_MEASURE_WITH_UNIT (LENGTH_MEASURE( 1.000000000000000082E-05 ), #2442, 'distance_accuracy_value', 'NONE');
#624 = ORIENTED_EDGE ( 'NONE', *, *, #2308, .F. ) ;
#625 = ADVANCED_FACE ( 'NONE', ( #281 ), #1075, .F. ) ;
#626 = AXIS2_PLACEMENT_3D ( 'NONE', #1695, #2487, #373 ) ;
#627 = EDGE_LOOP ( 'NONE', ( #337, #940, #1934, #359, #2003, #474 ) ) ;
#628 = LINE ( 'NONE', #1205, #1382 ) ;
#629 = DIRECTION ( 'NONE',  ( 3.491481338843125072E-15, -1.000000000000000000, -7.888609052210119455E-30 ) ) ;
#630 = ORIENTED_EDGE ( 'NONE', *, *, #1593, .F. ) ;
#631 = DIRECTION ( 'NONE',  ( 3.491481338843125072E-15, -1.000000000000000000, 7.888609052210119455E-30 ) ) ;
#632 = VERTEX_POINT ( 'NONE', #1065 ) ;
#633 = CARTESIAN_POINT ( 'NONE',  ( 0.3287499999999962674, 0.9789904942420160072, 0.1265000000000011393 ) ) ;
#634 = CARTESIAN_POINT ( 'NONE',  ( 3.693554612633535330E-14, -10.57876085872868188, 0.000000000000000000 ) ) ;
#635 = DIRECTION ( 'NONE',  ( -3.491481338843135327E-15, 1.000000000000000000, 0.000000000000000000 ) ) ;
#636 = VERTEX_POINT ( 'NONE', #488 ) ;
#637 = ADVANCED_FACE ( 'NONE', ( #2249, #88 ), #470, .F. ) ;
#638 = FACE_OUTER_BOUND ( 'NONE', #1445, .T. ) ;
#639 = VECTOR ( 'NONE', #2438, 39.37007874015748143 ) ;
#640 = EDGE_CURVE ( 'NONE', #2192, #90, #1499, .T. ) ;
#641 = CARTESIAN_POINT ( 'NONE',  ( -0.6875226829615019852, 0.1149999999999976458, -7.201417852774329704E-15 ) ) ;
#642 = FACE_OUTER_BOUND ( 'NONE', #27, .T. ) ;
#643 = EDGE_LOOP ( 'NONE', ( #2428, #938, #178, #1291 ) ) ;
#644 = VECTOR ( 'NONE', #527, 39.37007874015748143 ) ;
#645 = DIRECTION ( 'NONE',  ( -3.491481338843135327E-15, 1.000000000000000000, 0.000000000000000000 ) ) ;
#646 = CIRCLE ( 'NONE', #2368, 0.5464999999999999858 ) ;
#647 = VERTEX_POINT ( 'NONE', #1271 ) ;
#648 = AXIS2_PLACEMENT_3D ( 'NONE', #2361, #603, #2176 ) ;
#649 = CARTESIAN_POINT ( 'NONE',  ( -0.3107233471412535475, 0.9900000000000001021, -0.1252038399624405551 ) ) ;
#650 = FACE_OUTER_BOUND ( 'NONE', #1215, .T. ) ;
#651 = CIRCLE ( 'NONE', #565, 0.3725226829615011503 ) ;
#652 = DIRECTION ( 'NONE',  ( 3.491481338843125072E-15, -1.000000000000000000, -7.888609052210119455E-30 ) ) ;
#653 = ORIENTED_EDGE ( 'NONE', *, *, #34, .T. ) ;
#654 = CARTESIAN_POINT ( 'NONE',  ( -0.2949999999999999845, 0.1149999999999970490, -0.4600404873486684809 ) ) ;
#655 = LINE ( 'NONE', #2400, #1534 ) ;
#656 = DIRECTION ( 'NONE',  ( 3.491481338843135327E-15, -1.000000000000000000, 0.000000000000000000 ) ) ;
#657 = ORIENTED_EDGE ( 'NONE', *, *, #1735, .F. ) ;
#658 = DIRECTION ( 'NONE',  ( 1.000000000000000000, 3.999045553396908601E-15, 0.000000000000000000 ) ) ;
#659 = VERTEX_POINT ( 'NONE', #2441 ) ;
#660 = CYLINDRICAL_SURFACE ( 'NONE', #483, 0.05000000000000000971 ) ;
#661 = DIRECTION ( 'NONE',  ( 0.000000000000000000, 0.000000000000000000, -1.000000000000000000 ) ) ;
#662 = CARTESIAN_POINT ( 'NONE',  ( 0.01727841552255666296, 0.9133798146510269111, 0.4550530758045156499 ) ) ;
#663 = ORIENTED_EDGE ( 'NONE', *, *, #91, .F. ) ;
#664 =( BOUNDED_SURFACE ( )  B_SPLINE_SURFACE ( 3, 1, ( 
 ( #1222, #1808 ),
 ( #895, #2082 ),
 ( #704, #713 ),
 ( #1306, #2096 ) ),
 .UNSPECIFIED., .F., .F., .F. ) 
 B_SPLINE_SURFACE_WITH_KNOTS ( ( 4, 4 ),
 ( 2, 2 ),
 ( 0.000000000000000000, 1.000000000000000000 ),
 ( 0.000000000000000000, 1.000000000000000000 ),
 .UNSPECIFIED. ) 
 GEOMETRIC_REPRESENTATION_ITEM ( )  RATIONAL_B_SPLINE_SURFACE ( (
 ( 1.000000000000000000, 1.000000000000000000),
 ( 0.3333333333333333703, 0.3333333333333333703),
 ( 0.3333333333333333703, 0.3333333333333333703),
 ( 1.000000000000000000, 1.000000000000000000) ) ) 
 REPRESENTATION_ITEM ( '' )  SURFACE ( )  );
#665 = DIRECTION ( 'NONE',  ( 0.000000000000000000, 0.000000000000000000, -1.000000000000000000 ) ) ;
#666 = DIRECTION ( 'NONE',  ( 3.491481338843134933E-15, -1.000000000000000000, 0.000000000000000000 ) ) ;
#667 = CARTESIAN_POINT ( 'NONE',  ( 0.1875000000000001110, 0.9900000000000007683, 0.000000000000000000 ) ) ;
#668 = ORIENTED_EDGE ( 'NONE', *, *, #323, .T. ) ;
#669 = LINE ( 'NONE', #2255, #434 ) ;
#670 = ADVANCED_FACE ( 'NONE', ( #77 ), #692, .F. ) ;
#671 = EDGE_LOOP ( 'NONE', ( #402, #1932 ) ) ;
#672 = CARTESIAN_POINT ( 'NONE',  ( 0.1875000000000405231, -10.57876085872868188, 0.000000000000000000 ) ) ;
#673 = EDGE_CURVE ( 'NONE', #838, #2305, #2206, .T. ) ;
#674 = CARTESIAN_POINT ( 'NONE',  ( -0.4372339742525296891, 0.9216855836029415050, 0.06698638513441551590 ) ) ;
#675 = DIRECTION ( 'NONE',  ( 3.491481338843125072E-15, -1.000000000000000000, -7.888609052210119455E-30 ) ) ;
#676 = VERTEX_POINT ( 'NONE', #1434 ) ;
#677 = DIRECTION ( 'NONE',  ( 3.491481338843135327E-15, -1.000000000000000000, 0.000000000000000000 ) ) ;
#678 = FACE_OUTER_BOUND ( 'NONE', #2479, .T. ) ;
#679 = ORIENTED_EDGE ( 'NONE', *, *, #1156, .T. ) ;
#680 = CYLINDRICAL_SURFACE ( 'NONE', #1264, 0.06250000000000452416 ) ;
#681 = EDGE_LOOP ( 'NONE', ( #1114, #2131 ) ) ;
#682 = LINE ( 'NONE', #82, #1009 ) ;
#683 = VECTOR ( 'NONE', #2018, 39.37007874015748143 ) ;
#684 = DIRECTION ( 'NONE',  ( 3.491481338843135327E-15, -1.000000000000000000, 0.000000000000000000 ) ) ;
#685 = DIRECTION ( 'NONE',  ( 3.491481338843135327E-15, -1.000000000000000000, 0.000000000000000000 ) ) ;
#686 = CIRCLE ( 'NONE', #761, 0.4398970493117945191 ) ;
#687 = CIRCLE ( 'NONE', #522, 0.05000000000000000971 ) ;
#688 = ADVANCED_FACE ( 'NONE', ( #2261, #497 ), #2220, .F. ) ;
#689 = CARTESIAN_POINT ( 'NONE',  ( -0.1057436503811967632, 0.8399999999999996358, 0.4105866846115540092 ) ) ;
#690 = ORIENTED_EDGE ( 'NONE', *, *, #593, .T. ) ;
#691 = CIRCLE ( 'NONE', #117, 0.05000000000000000971 ) ;
#692 = CYLINDRICAL_SURFACE ( 'NONE', #2410, 0.05000000000000000971 ) ;
#693 = DIRECTION ( 'NONE',  ( 3.491481338843125072E-15, -1.000000000000000000, -7.888609052210119455E-30 ) ) ;
#694 = ORIENTED_EDGE ( 'NONE', *, *, #1880, .F. ) ;
#695 = CARTESIAN_POINT ( 'NONE',  ( 7.764378988395787108E-30, -2.185478394931409391E-15, 0.000000000000000000 ) ) ;
#696 = ORIENTED_EDGE ( 'NONE', *, *, #366, .F. ) ;
#697 = CARTESIAN_POINT ( 'NONE',  ( 0.4549999999999967959, 0.9134042553191509262, 3.141214622774159509E-15 ) ) ;
#698 = DIRECTION ( 'NONE',  ( 1.000000000000000000, 3.480104495818906120E-15, 0.000000000000000000 ) ) ;
#699 = CARTESIAN_POINT ( 'NONE',  ( 0.1264999999999970592, 0.8400000000000004130, -0.3287499999999999867 ) ) ;
#700 = CARTESIAN_POINT ( 'NONE',  ( -0.2363718540741436003, 0.09832454936502028897, 0.3995739940249016242 ) ) ;
#701 = ORIENTED_EDGE ( 'NONE', *, *, #2427, .F. ) ;
#702 = EDGE_CURVE ( 'NONE', #2051, #2097, #507, .T. ) ;
#703 = CARTESIAN_POINT ( 'NONE',  ( -0.4105866846115573954, 0.8399999999999997469, -0.1057436503811986506 ) ) ;
#704 = CARTESIAN_POINT ( 'NONE',  ( 0.1264999999999970592, 0.8293933604811446481, 0.5812499999999999334 ) ) ;
#705 = VERTEX_POINT ( 'NONE', #1086 ) ;
#706 = DIRECTION ( 'NONE',  ( 3.491481338843135327E-15, -1.000000000000000000, 0.000000000000000000 ) ) ;
#707 = CARTESIAN_POINT ( 'NONE',  ( 0.000000000000000000, 0.7950000000000000400, -0.5065000000000000613 ) ) ;
#708 = DIRECTION ( 'NONE',  ( 3.491481338843135327E-15, -1.000000000000000000, 0.000000000000000000 ) ) ;
#709 = CARTESIAN_POINT ( 'NONE',  ( 0.3166795248688705211, 0.9862683028075743819, -0.1260648007510856705 ) ) ;
#710 = CARTESIAN_POINT ( 'NONE',  ( 0.2651650429449555202, 9.258187991558503420E-16, -0.2651650429449555202 ) ) ;
#711 = ADVANCED_FACE ( 'NONE', ( #1869, #2415 ), #2234, .F. ) ;
#712 = FACE_OUTER_BOUND ( 'NONE', #1124, .T. ) ;
#713 = CARTESIAN_POINT ( 'NONE',  ( 0.1264999999999965319, 0.9798827236680244246, 0.5812499999999999334 ) ) ;
#714 = EDGE_CURVE ( 'NONE', #347, #101, #153, .T. ) ;
#715 = DIRECTION ( 'NONE',  ( 0.000000000000000000, -1.000000000000000000, 0.000000000000000000 ) ) ;
#716 = CARTESIAN_POINT ( 'NONE',  ( 7.764378988395787108E-30, -2.185478394931409391E-15, 0.000000000000000000 ) ) ;
#717 = B_SPLINE_CURVE_WITH_KNOTS ( 'NONE', 3,
 ( #376, #598, #224, #1381, #407, #1167, #1195, #767, #1552, #1978, #575, #188, #995, #1627 ),
 .UNSPECIFIED., .F., .F.,
 ( 4, 2, 2, 2, 2, 2, 4 ),
 ( 0.005901310902995463015, 0.006574256340399726312, 0.007247201777803988741, 0.007920147215208251171, 0.008593092652612514468, 0.009938983527421046266, 0.01128487440222957633 ),
 .UNSPECIFIED. ) ;
#718 = DIRECTION ( 'NONE',  ( -3.491481338843135327E-15, 1.000000000000000000, -0.000000000000000000 ) ) ;
#719 = VECTOR ( 'NONE', #2217, 39.37007874015748143 ) ;
#720 = CARTESIAN_POINT ( 'NONE',  ( 3.693554612633535330E-14, -10.57876085872868188, 0.000000000000000000 ) ) ;
#721 = LINE ( 'NONE', #141, #2282 ) ;
#722 = DIMENSIONAL_EXPONENTS ( 1.000000000000000000, 0.000000000000000000, 0.000000000000000000, 0.000000000000000000, 0.000000000000000000, 0.000000000000000000, 0.000000000000000000 ) ;
#723 = AXIS2_PLACEMENT_3D ( 'NONE', #540, #171, #325 ) ;
#724 = AXIS2_PLACEMENT_3D ( 'NONE', #1939, #2337, #168 ) ;
#725 = ORIENTED_EDGE ( 'NONE', *, *, #1387, .T. ) ;
#726 = CIRCLE ( 'NONE', #2165, 0.06250000000000531519 ) ;
#727 = AXIS2_PLACEMENT_3D ( 'NONE', #1083, #1865, #891 ) ;
#728 = CIRCLE ( 'NONE', #2170, 0.3725226829615011503 ) ;
#729 = CARTESIAN_POINT ( 'NONE',  ( 0.1252038399624340326, 0.9900000000000001021, -0.3107233471412516046 ) ) ;
#730 = EDGE_LOOP ( 'NONE', ( #87, #679, #251, #927, #999, #2505 ) ) ;
#731 = VECTOR ( 'NONE', #1320, 39.37007874015748143 ) ;
#732 = FACE_OUTER_BOUND ( 'NONE', #1781, .T. ) ;
#733 = LINE ( 'NONE', #137, #644 ) ;
#734 = EDGE_CURVE ( 'NONE', #2332, #1226, #559, .T. ) ;
#735 = CYLINDRICAL_SURFACE ( 'NONE', #436, 0.1175000000000035599 ) ;
#736 = FACE_OUTER_BOUND ( 'NONE', #819, .T. ) ;
#737 = CARTESIAN_POINT ( 'NONE',  ( 0.2854848246250081822, 0.07660867031663766424, -0.4477011623827722442 ) ) ;
#738 = CARTESIAN_POINT ( 'NONE',  ( 0.000000000000000000, 0.7940000000000000391, 0.000000000000000000 ) ) ;
#739 = ORIENTED_EDGE ( 'NONE', *, *, #1058, .T. ) ;
#740 = CARTESIAN_POINT ( 'NONE',  ( -0.01242802897598011339, 0.8305724475670971385, 0.4545377812695797215 ) ) ;
#741 = CARTESIAN_POINT ( 'NONE',  ( -0.1874999999999666100, -10.57876085872868188, 2.296212748401330867E-17 ) ) ;
#742 = DIRECTION ( 'NONE',  ( -1.000000000000000000, -3.415609172341541165E-15, 0.000000000000000000 ) ) ;
#743 =( BOUNDED_CURVE ( )  B_SPLINE_CURVE ( 3, ( #2267, #1899, #888, #1879 ),
 .UNSPECIFIED., .F., .F. ) 
 B_SPLINE_CURVE_WITH_KNOTS ( ( 4, 4 ),
 ( 3.141592653589768691, 4.133282551767685220 ),
 .UNSPECIFIED. ) 
 CURVE ( )  GEOMETRIC_REPRESENTATION_ITEM ( )  RATIONAL_B_SPLINE_CURVE ( ( 1.000000000000000000, 0.9197113454673605526, 0.9197113454673605526, 1.000000000000000000 ) ) 
 REPRESENTATION_ITEM ( '' )  );
#744 = CARTESIAN_POINT ( 'NONE',  ( 0.4028974970877119421, 0.9384195196522194804, 0.1037311940729849086 ) ) ;
#745 = ADVANCED_FACE ( 'NONE', ( #1105 ), #124, .T. ) ;
#746 = CARTESIAN_POINT ( 'NONE',  ( -4.015203539669582454E-16, 0.1150000000000000050, 0.6875226829615019852 ) ) ;
#747 = ORIENTED_EDGE ( 'NONE', *, *, #105, .T. ) ;
#748 = EDGE_CURVE ( 'NONE', #90, #1085, #1903, .T. ) ;
#749 = ORIENTED_EDGE ( 'NONE', *, *, #225, .F. ) ;
#750 = ORIENTED_EDGE ( 'NONE', *, *, #2382, .T. ) ;
#751 = DIRECTION ( 'NONE',  ( 3.491481338843135327E-15, -1.000000000000000000, 0.000000000000000000 ) ) ;
#752 = ADVANCED_FACE ( 'NONE', ( #1456 ), #2258, .T. ) ;
#753 = CARTESIAN_POINT ( 'NONE',  ( 0.1264999999999965319, 0.9900000000000008793, -0.3287499999999999867 ) ) ;
#754 = CARTESIAN_POINT ( 'NONE',  ( 0.000000000000000000, 0.7950000000000000400, 0.000000000000000000 ) ) ;
#755 = FACE_OUTER_BOUND ( 'NONE', #730, .T. ) ;
#756 = ORIENTED_EDGE ( 'NONE', *, *, #1549, .T. ) ;
#757 = PLANE ( 'NONE',  #2457 ) ;
#758 = VERTEX_POINT ( 'NONE', #2426 ) ;
#759 = AXIS2_PLACEMENT_3D ( 'NONE', #2269, #2279, #122 ) ;
#760 = VERTEX_POINT ( 'NONE', #2207 ) ;
#761 = AXIS2_PLACEMENT_3D ( 'NONE', #1297, #2087, #503 ) ;
#762 = ORIENTED_EDGE ( 'NONE', *, *, #294, .T. ) ;
#763 = CIRCLE ( 'NONE', #1667, 0.1175000000000035599 ) ;
#764 = CIRCLE ( 'NONE', #1223, 0.05000000000000000971 ) ;
#765 = AXIS2_PLACEMENT_3D ( 'NONE', #1504, #1350, #369 ) ;
#766 = LINE ( 'NONE', #2120, #1184 ) ;
#767 = CARTESIAN_POINT ( 'NONE',  ( -0.4266962584133806580, 0.9267364388044000423, -0.08026367206226824036 ) ) ;
#768 = AXIS2_PLACEMENT_3D ( 'NONE', #2531, #1510, #353 ) ;
#769 = CARTESIAN_POINT ( 'NONE',  ( 0.3287500000000004863, -3.937007874197252094E-05, -0.1264999999999988634 ) ) ;
#770 = ORIENTED_EDGE ( 'NONE', *, *, #1763, .T. ) ;
#771 = DIRECTION ( 'NONE',  ( 3.491481338843135327E-15, -1.000000000000000000, 0.000000000000000000 ) ) ;
#772 = CARTESIAN_POINT ( 'NONE',  ( 0.4514312503119295994, 0.8320067331931237931, 0.03048347212149711202 ) ) ;
#773 = ORIENTED_EDGE ( 'NONE', *, *, #136, .T. ) ;
#774 = CARTESIAN_POINT ( 'NONE',  ( -0.3150000000000007794, 0.1149999999999989503, -7.201417852774329704E-15 ) ) ;
#775 = ORIENTED_EDGE ( 'NONE', *, *, #1358, .F. ) ;
#776 = EDGE_LOOP ( 'NONE', ( #172, #957, #1452, #2105, #977, #1463, #269, #701 ) ) ;
#777 = EDGE_CURVE ( 'NONE', #613, #1630, #2422, .T. ) ;
#778 = CARTESIAN_POINT ( 'NONE',  ( -0.2651650429449606272, 1.503039370078740333, -0.2651650429449555202 ) ) ;
#779 = EDGE_CURVE ( 'NONE', #1246, #2440, #2347, .T. ) ;
#780 = DIRECTION ( 'NONE',  ( -3.491481338843135327E-15, 1.000000000000000000, -0.000000000000000000 ) ) ;
#781 = CARTESIAN_POINT ( 'NONE',  ( 0.3439408433648668550, 0.9699410433053889946, 0.1265000000000012226 ) ) ;
#782 = EDGE_LOOP ( 'NONE', ( #1460, #2238, #247, #1137 ) ) ;
#783 = DIRECTION ( 'NONE',  ( 3.491481338843135327E-15, -1.000000000000000000, 0.000000000000000000 ) ) ;
#784 = PRODUCT_CONTEXT ( 'NONE', #2116, 'mechanical' ) ;
#785 = ORIENTED_EDGE ( 'NONE', *, *, #1572, .F. ) ;
#786 = EDGE_CURVE ( 'NONE', #914, #705, #2247, .T. ) ;
#787 = EDGE_LOOP ( 'NONE', ( #2172, #1819, #437, #859 ) ) ;
#788 = ORIENTED_EDGE ( 'NONE', *, *, #2226, .T. ) ;
#789 = CARTESIAN_POINT ( 'NONE',  ( 0.2418335150824972579, 0.1150000000000000050, 0.4041683106577046991 ) ) ;
#790 = CARTESIAN_POINT ( 'NONE',  ( 3.693554612633535330E-14, -10.57876085872868188, 0.000000000000000000 ) ) ;
#791 = EDGE_CURVE ( 'NONE', #1530, #2516, #276, .T. ) ;
#792 = FACE_OUTER_BOUND ( 'NONE', #671, .T. ) ;
#793 = ORIENTED_EDGE ( 'NONE', *, *, #400, .F. ) ;
#794 = DIRECTION ( 'NONE',  ( 0.8429222095775883439, -0.5380354529218647208, 0.000000000000000000 ) ) ;
#795 = VERTEX_POINT ( 'NONE', #2231 ) ;
#796 = CARTESIAN_POINT ( 'NONE',  ( -0.5464999999999631264, -10.57876085872868366, 6.692694757340285865E-17 ) ) ;
#797 = CARTESIAN_POINT ( 'NONE',  ( -0.05893561976197737862, 0.8370548293270594353, 0.4406243965322423350 ) ) ;
#798 = ORIENTED_EDGE ( 'NONE', *, *, #777, .T. ) ;
#799 = EDGE_LOOP ( 'NONE', ( #775, #450, #1339, #1951 ) ) ;
#800 = VECTOR ( 'NONE', #1025, 39.37007874015748143 ) ;
#801 = CARTESIAN_POINT ( 'NONE',  ( -0.1265000000000029434, 0.8399999999999996358, 0.3287499999999999867 ) ) ;
#802 = AXIS2_PLACEMENT_3D ( 'NONE', #1280, #1637, #302 ) ;
#803 = DIRECTION ( 'NONE',  ( 3.491481338843135327E-15, -1.000000000000000000, 0.000000000000000000 ) ) ;
#804 = AXIS2_PLACEMENT_3D ( 'NONE', #2109, #1091, #343 ) ;
#805 = CIRCLE ( 'NONE', #1672, 0.1875000000000035527 ) ;
#806 = CARTESIAN_POINT ( 'NONE',  ( 0.3287499999999930478, 0.9798822782952102406, 0.1265000000000011393 ) ) ;
#807 = ORIENTED_EDGE ( 'NONE', *, *, #1174, .F. ) ;
#808 = CIRCLE ( 'NONE', #1962, 0.5000000000000000000 ) ;
#809 = DIRECTION ( 'NONE',  ( 0.000000000000000000, 0.000000000000000000, -1.000000000000000000 ) ) ;
#810 = EDGE_CURVE ( 'NONE', #1775, #1797, #1095, .T. ) ;
#811 = ORIENTED_EDGE ( 'NONE', *, *, #1313, .T. ) ;
#812 = CARTESIAN_POINT ( 'NONE',  ( -0.1260641388972666976, 0.9862711715073891883, 0.3166749461249228070 ) ) ;
#813 = CARTESIAN_POINT ( 'NONE',  ( 0.3973175643667795076, 0.08999999999999999667, 0.2335682736637405554 ) ) ;
#814 = ORIENTED_EDGE ( 'NONE', *, *, #1739, .F. ) ;
#815 = ORIENTED_EDGE ( 'NONE', *, *, #2041, .T. ) ;
#816 = DIRECTION ( 'NONE',  ( 1.000000000000000000, 3.499164859222294928E-15, 0.000000000000000000 ) ) ;
#817 = CARTESIAN_POINT ( 'NONE',  ( -3.484498376165448524E-15, 0.9979999999999999982, 0.000000000000000000 ) ) ;
#818 = B_SPLINE_CURVE_WITH_KNOTS ( 'NONE', 3,
 ( #2444, #897, #2264, #1108 ),
 .UNSPECIFIED., .F., .F.,
 ( 4, 4 ),
 ( 2.164744371780227479E-07, 0.003156496319196678592 ),
 .UNSPECIFIED. ) ;
#819 = EDGE_LOOP ( 'NONE', ( #696, #1566, #1483, #1837, #2259, #4, #458, #1363, #1193, #433, #1307, #1734 ) ) ;
#820 = PLANE ( 'NONE',  #965 ) ;
#821 = ORIENTED_EDGE ( 'NONE', *, *, #279, .F. ) ;
#822 = EDGE_CURVE ( 'NONE', #1805, #2379, #597, .T. ) ;
#823 = CARTESIAN_POINT ( 'NONE',  ( -0.1252038399624409437, 0.9900000000000001021, 0.3107233471412516046 ) ) ;
#824 = LINE ( 'NONE', #1921, #719 ) ;
#825 = EDGE_LOOP ( 'NONE', ( #1557, #318, #502, #444 ) ) ;
#826 = EDGE_CURVE ( 'NONE', #676, #1825, #602, .T. ) ;
#827 = DIRECTION ( 'NONE',  ( 1.000000000000000000, 3.999045553396908601E-15, 0.000000000000000000 ) ) ;
#828 = ORIENTED_EDGE ( 'NONE', *, *, #1428, .T. ) ;
#829 = CARTESIAN_POINT ( 'NONE',  ( 0.4041683106577031448, 0.1150000000000013789, 0.2418335150824988400 ) ) ;
#830 = DIRECTION ( 'NONE',  ( 3.491481338843134933E-15, -1.000000000000000000, 0.000000000000000000 ) ) ;
#831 = CARTESIAN_POINT ( 'NONE',  ( -0.4461826048886620155, 0.8344444987905549338, 0.04800643131043527689 ) ) ;
#832 = ORIENTED_EDGE ( 'NONE', *, *, #1699, .T. ) ;
#833 = LINE ( 'NONE', #1824, #1789 ) ;
#834 = ORIENTED_EDGE ( 'NONE', *, *, #1500, .T. ) ;
#835 = DIRECTION ( 'NONE',  ( 1.000000000000000000, 5.463695987328525648E-15, 0.000000000000000000 ) ) ;
#836 = DIRECTION ( 'NONE',  ( 1.000000000000000000, 3.642463991552274438E-15, 0.000000000000000000 ) ) ;
#837 = CARTESIAN_POINT ( 'NONE',  ( -0.1260648007510902224, 0.9862683028075741598, -0.3166795248688734077 ) ) ;
#838 = VERTEX_POINT ( 'NONE', #1033 ) ;
#839 = CLOSED_SHELL ( 'NONE', ( #560, #589, #670, #1640, #2316, #2493, #555, #874, #752, #2115, #69, #453, #873, #262, #1050, #350, #1956, #406, #2048, #1616, #939, #292, #745, #1771, #1206, #711, #934, #688, #2526, #1506, #79, #1404, #1353, #1576, #2196, #26, #2233, #2071, #994, #2274, #465, #2303, #1732, #1078, #21, #2271, #625, #2078, #963, #2242, #1328, #857, #1251, #1799, #1662, #2243, #1318, #326, #2386, #452, #637, #1625, #1327, #183, #1285, #1453 ) ) ;
#840 = CARTESIAN_POINT ( 'NONE',  ( 0.6875226829614999868, 0.1150000000000023642, 2.400472617591444418E-15 ) ) ;
#841 = AXIS2_PLACEMENT_3D ( 'NONE', #1475, #1678, #1087 ) ;
#842 = CONICAL_SURFACE ( 'NONE', #556, 0.4351043815756488464, 0.3842488746094968044 ) ;
#843 = DIRECTION ( 'NONE',  ( 3.491481338843135327E-15, -1.000000000000000000, 0.000000000000000000 ) ) ;
#844 = ORIENTED_EDGE ( 'NONE', *, *, #1470, .T. ) ;
#845 = DIRECTION ( 'NONE',  ( -3.491481338843134933E-15, 1.000000000000000000, 0.000000000000000000 ) ) ;
#846 = CIRCLE ( 'NONE', #2286, 0.4709941319773094937 ) ;
#847 = VERTEX_POINT ( 'NONE', #2439 ) ;
#848 = AXIS2_PLACEMENT_3D ( 'NONE', #1374, #1018, #1984 ) ;
#849 = CARTESIAN_POINT ( 'NONE',  ( -0.1175000000000065020, 0.8399999999999996358, 1.438959988998183671E-17 ) ) ;
#850 = DIRECTION ( 'NONE',  ( -3.491481338843135327E-15, 1.000000000000000000, 0.000000000000000000 ) ) ;
#851 = AXIS2_PLACEMENT_3D ( 'NONE', #1874, #2461, #2029 ) ;
#852 = CARTESIAN_POINT ( 'NONE',  ( 0.3107233471412484405, 0.9900000000000001021, -0.1252038399624362253 ) ) ;
#853 = ORIENTED_EDGE ( 'NONE', *, *, #1470, .F. ) ;
#854 = DIRECTION ( 'NONE',  ( -1.000000000000000000, -3.491481338843134933E-15, 0.000000000000000000 ) ) ;
#855 = EDGE_CURVE ( 'NONE', #1797, #1940, #890, .T. ) ;
#856 = DIRECTION ( 'NONE',  ( -1.000000000000000000, -3.415609172341541165E-15, 0.000000000000000000 ) ) ;
#857 = ADVANCED_FACE ( 'NONE', ( #1333 ), #74, .T. ) ;
#858 = CARTESIAN_POINT ( 'NONE',  ( 0.04220093871683105319, 0.8336358626036830533, -0.4479236098479725814 ) ) ;
#859 = ORIENTED_EDGE ( 'NONE', *, *, #511, .F. ) ;
#860 = DIRECTION ( 'NONE',  ( 3.491481338843135327E-15, -1.000000000000000000, 0.000000000000000000 ) ) ;
#861 = EDGE_LOOP ( 'NONE', ( #2270, #2000, #1040, #2445 ) ) ;
#862 = EDGE_CURVE ( 'NONE', #1028, #304, #390, .T. ) ;
#863 = LINE ( 'NONE', #672, #393 ) ;
#864 = CARTESIAN_POINT ( 'NONE',  ( -2.851270801687078578E-15, 0.8166364144543347692, 0.000000000000000000 ) ) ;
#865 = CARTESIAN_POINT ( 'NONE',  ( 0.1183168866852038065, 0.9899999999999994360, 0.09739163799146803580 ) ) ;
#866 = EDGE_LOOP ( 'NONE', ( #1457, #2179, #1974, #2193, #1030, #1738, #2443, #828, #1053, #1981, #592, #1034 ) ) ;
#867 = DIRECTION ( 'NONE',  ( 1.000000000000000000, 5.463695987328525648E-15, 0.000000000000000000 ) ) ;
#868 = SURFACE_STYLE_USAGE ( .BOTH. , #2391 ) ;
#869 = FACE_OUTER_BOUND ( 'NONE', #1697, .T. ) ;
#870 = B_SPLINE_CURVE_WITH_KNOTS ( 'NONE', 3,
 ( #1442, #467, #2449, #2076, #1469, #1882, #674, #2230, #2025, #85 ),
 .UNSPECIFIED., .F., .F.,
 ( 4, 2, 2, 2, 4 ),
 ( 0.0005372670658121380923, 0.001878278025107969242, 0.003219288984403800499, 0.004560299943699631757, 0.005901310902995463015 ),
 .UNSPECIFIED. ) ;
#871 = EDGE_LOOP ( 'NONE', ( #103, #2293, #1919, #55 ) ) ;
#872 = LINE ( 'NONE', #1631, #599 ) ;
#873 = ADVANCED_FACE ( 'NONE', ( #2534 ), #134, .F. ) ;
#874 = ADVANCED_FACE ( 'NONE', ( #755 ), #1928, .F. ) ;
#875 = CARTESIAN_POINT ( 'NONE',  ( -0.2651650429449606272, 1.503039370078740333, -0.2651650429449555202 ) ) ;
#876 = DIRECTION ( 'NONE',  ( 0.000000000000000000, -1.000000000000000000, 0.000000000000000000 ) ) ;
#877 = DIRECTION ( 'NONE',  ( 1.000000000000000000, 3.642463991552274438E-15, 0.000000000000000000 ) ) ;
#878 = EDGE_LOOP ( 'NONE', ( #1636, #582 ) ) ;
#879 = DIRECTION ( 'NONE',  ( 3.666686779911587050E-15, 0.000000000000000000, -1.000000000000000000 ) ) ;
#880 = CARTESIAN_POINT ( 'NONE',  ( 0.06923044929528837654, 0.8400000000000000799, 0.4344151918195251483 ) ) ;
#881 = EDGE_LOOP ( 'NONE', ( #1013, #1190, #1365, #2405 ) ) ;
#882 =( GEOMETRIC_REPRESENTATION_CONTEXT ( 3 ) GLOBAL_UNCERTAINTY_ASSIGNED_CONTEXT ( ( #623 ) ) GLOBAL_UNIT_ASSIGNED_CONTEXT ( ( #2442, #1599, #431 ) ) REPRESENTATION_CONTEXT ( 'NONE', 'WORKASPACE' ) );
#883 = CARTESIAN_POINT ( 'NONE',  ( 0.5465000000000000968, 0.7940000000000000391, 0.000000000000000000 ) ) ;
#884 = ORIENTED_EDGE ( 'NONE', *, *, #212, .T. ) ;
#885 = CARTESIAN_POINT ( 'NONE',  ( 0.4246509276977866176, 1.482660789579244048E-15, 0.2639537641432874171 ) ) ;
#886 = AXIS2_PLACEMENT_3D ( 'NONE', #864, #2066, #300 ) ;
#887 = VECTOR ( 'NONE', #794, 39.37007874015748854 ) ;
#888 = CARTESIAN_POINT ( 'NONE',  ( 0.4105866846115529545, 0.8400000000000003020, -0.1057436503811937795 ) ) ;
#889 = EDGE_CURVE ( 'NONE', #222, #659, #2138, .T. ) ;
#890 = CIRCLE ( 'NONE', #25, 0.3725226829615011503 ) ;
#891 = DIRECTION ( 'NONE',  ( -1.000000000000000000, -3.483352440916007185E-15, 0.000000000000000000 ) ) ;
#892 = CARTESIAN_POINT ( 'NONE',  ( -0.4477011623827695241, 0.07660867031663549931, -0.2854848246250134558 ) ) ;
#893 = ORIENTED_EDGE ( 'NONE', *, *, #2514, .F. ) ;
#894 = CARTESIAN_POINT ( 'NONE',  ( 0.000000000000000000, 0.2249999999999999778, 0.000000000000000000 ) ) ;
#895 = CARTESIAN_POINT ( 'NONE',  ( -0.1265000000000028879, 0.8293933604811437599, 0.5812499999999999334 ) ) ;
#896 = EDGE_CURVE ( 'NONE', #61, #1257, #2387, .T. ) ;
#897 = CARTESIAN_POINT ( 'NONE',  ( 0.4359042834906529662, 0.03826872246058372895, -0.2751609897703897190 ) ) ;
#898 = CARTESIAN_POINT ( 'NONE',  ( 0.1252038399624340326, 0.9900000000000001021, 0.3107233471412516046 ) ) ;
#899 = DIRECTION ( 'NONE',  ( -1.000000000000000000, -3.475724755842517188E-15, 0.000000000000000000 ) ) ;
#900 = CARTESIAN_POINT ( 'NONE',  ( -0.2335682736637393897, 0.08999999999999822031, -0.3973175643667803403 ) ) ;
#901 = CYLINDRICAL_SURFACE ( 'NONE', #476, 0.4765000000000000346 ) ;
#902 = FACE_BOUND ( 'NONE', #1713, .T. ) ;
#903 = EDGE_CURVE ( 'NONE', #2517, #581, #846, .T. ) ;
#904 = EDGE_CURVE ( 'NONE', #2273, #2305, #478, .T. ) ;
#905 = DIRECTION ( 'NONE',  ( 1.000000000000000000, 3.483352440916007185E-15, 0.000000000000000000 ) ) ;
#906 = ORIENTED_EDGE ( 'NONE', *, *, #1965, .T. ) ;
#907 = CARTESIAN_POINT ( 'NONE',  ( 6.202836037681344434E-17, -38.89867353334835087, 0.5065000000000000613 ) ) ;
#908 = CYLINDRICAL_SURFACE ( 'NONE', #28, 0.4765000000000000346 ) ;
#909 = DIRECTION ( 'NONE',  ( -1.000000000000000000, -3.483352440916007185E-15, 0.000000000000000000 ) ) ;
#910 = DIRECTION ( 'NONE',  ( 3.491481338843120339E-15, -1.000000000000000000, 0.000000000000000000 ) ) ;
#911 = CARTESIAN_POINT ( 'NONE',  ( 0.4549999999999971290, 0.8303598187096575822, -6.089062484971631557E-17 ) ) ;
#912 = FACE_BOUND ( 'NONE', #296, .T. ) ;
#913 = CARTESIAN_POINT ( 'NONE',  ( 6.202836037681344434E-17, 0.7950000000000000400, 0.5065000000000000613 ) ) ;
#914 = VERTEX_POINT ( 'NONE', #1719 ) ;
#915 = CARTESIAN_POINT ( 'NONE',  ( -2.985216544710870105E-15, 0.8549999999999999822, 0.000000000000000000 ) ) ;
#916 = DIRECTION ( 'NONE',  ( -1.000000000000000000, -3.491481338843135722E-15, 0.000000000000000000 ) ) ;
#917 =( BOUNDED_SURFACE ( )  B_SPLINE_SURFACE ( 3, 1, ( 
 ( #2519, #207 ),
 ( #220, #164 ),
 ( #1001, #235 ),
 ( #612, #1785 ) ),
 .UNSPECIFIED., .F., .F., .T. ) 
 B_SPLINE_SURFACE_WITH_KNOTS ( ( 4, 4 ),
 ( 2, 2 ),
 ( 0.000000000000000000, 1.000000000000000000 ),
 ( 0.000000000000000000, 1.000000000000000000 ),
 .UNSPECIFIED. ) 
 GEOMETRIC_REPRESENTATION_ITEM ( )  RATIONAL_B_SPLINE_SURFACE ( (
 ( 1.000000000000000000, 1.000000000000000000),
 ( 0.3333333333333212134, 0.3333333333333212134),
 ( 0.3333333333333212134, 0.3333333333333212134),
 ( 1.000000000000000000, 1.000000000000000000) ) ) 
 REPRESENTATION_ITEM ( '' )  SURFACE ( )  );
#918 = DIRECTION ( 'NONE',  ( 1.000000000000000000, 3.483352440916007185E-15, 0.000000000000000000 ) ) ;
#919 = DIRECTION ( 'NONE',  ( -3.491481338843135327E-15, 1.000000000000000000, -0.000000000000000000 ) ) ;
#920 = AXIS2_PLACEMENT_3D ( 'NONE', #2006, #1067, #1235 ) ;
#921 = CARTESIAN_POINT ( 'NONE',  ( -0.4527550479769683056, 0.8313951520307787391, -0.02452677427479429614 ) ) ;
#922 = CARTESIAN_POINT ( 'NONE',  ( 0.4406264535916560865, 0.8370538583149242928, 0.05893192164895513785 ) ) ;
#923 = AXIS2_PLACEMENT_3D ( 'NONE', #1236, #2198, #202 ) ;
#924 = ORIENTED_EDGE ( 'NONE', *, *, #1817, .F. ) ;
#925 = AXIS2_PLACEMENT_3D ( 'NONE', #306, #513, #1897 ) ;
#926 = VECTOR ( 'NONE', #1096, 39.37007874015748143 ) ;
#927 = ORIENTED_EDGE ( 'NONE', *, *, #1585, .T. ) ;
#928 = CARTESIAN_POINT ( 'NONE',  ( 0.01237089188605495008, 0.8303586419998482127, 0.4550025553670555833 ) ) ;
#929 = ORIENTED_EDGE ( 'NONE', *, *, #2527, .F. ) ;
#930 = CIRCLE ( 'NONE', #1258, 0.5464999999999999858 ) ;
#931 = EDGE_CURVE ( 'NONE', #760, #1246, #2067, .T. ) ;
#932 = CARTESIAN_POINT ( 'NONE',  ( -0.1265000000000034708, 0.9900000000000001021, -0.3287499999999999867 ) ) ;
#933 = CARTESIAN_POINT ( 'NONE',  ( -0.3150000000000007794, -1.099816621735585705E-15, -7.201417852774329704E-15 ) ) ;
#934 = ADVANCED_FACE ( 'NONE', ( #333 ), #735, .F. ) ;
#935 = FACE_OUTER_BOUND ( 'NONE', #132, .T. ) ;
#936 = CARTESIAN_POINT ( 'NONE',  ( 0.07624999999999705624, 0.9899999999999994360, -0.1264999999999997793 ) ) ;
#937 = CARTESIAN_POINT ( 'NONE',  ( 0.3107233471412484405, 0.9900000000000001021, -0.1252038399624362253 ) ) ;
#938 = ORIENTED_EDGE ( 'NONE', *, *, #2059, .T. ) ;
#939 = ADVANCED_FACE ( 'NONE', ( #2522 ), #1512, .F. ) ;
#940 = ORIENTED_EDGE ( 'NONE', *, *, #1692, .T. ) ;
#941 = B_SPLINE_CURVE_WITH_KNOTS ( 'NONE', 3,
 ( #200, #223, #1807, #789 ),
 .UNSPECIFIED., .F., .F.,
 ( 4, 4 ),
 ( 2.178853872809254347E-07, 0.0006912878645519374837 ),
 .UNSPECIFIED. ) ;
#942 = ORIENTED_EDGE ( 'NONE', *, *, #810, .T. ) ;
#943 = FACE_OUTER_BOUND ( 'NONE', #881, .T. ) ;
#944 = DIRECTION ( 'NONE',  ( 3.491481338843135327E-15, -1.000000000000000000, 0.000000000000000000 ) ) ;
#945 = CARTESIAN_POINT ( 'NONE',  ( -0.5464999999999631264, -10.57876085872868366, 6.692694757340285865E-17 ) ) ;
#946 = DIRECTION ( 'NONE',  ( -1.000000000000000000, -3.491481338843135722E-15, 0.000000000000000000 ) ) ;
#947 = ORIENTED_EDGE ( 'NONE', *, *, #2229, .T. ) ;
#948 = DIRECTION ( 'NONE',  ( 1.000000000000000000, 3.642463991552282327E-15, 0.000000000000000000 ) ) ;
#949 = EDGE_CURVE ( 'NONE', #985, #409, #230, .T. ) ;
#950 =( LENGTH_UNIT ( ) NAMED_UNIT ( * ) SI_UNIT ( $, .METRE. ) );
#951 = ORIENTED_EDGE ( 'NONE', *, *, #1893, .T. ) ;
#952 = VERTEX_POINT ( 'NONE', #156 ) ;
#953 = ORIENTED_EDGE ( 'NONE', *, *, #1043, .T. ) ;
#954 = DIRECTION ( 'NONE',  ( -0.8429222095775845691, -0.5380354529218707160, 1.032281985889405685E-16 ) ) ;
#955 = CARTESIAN_POINT ( 'NONE',  ( 0.2363718540741427954, 0.09832454936502153797, -0.3995739940249014022 ) ) ;
#956 = CARTESIAN_POINT ( 'NONE',  ( 0.4364868319843016042, 0.9220494051835028682, 0.06648697961822068458 ) ) ;
#957 = ORIENTED_EDGE ( 'NONE', *, *, #1966, .T. ) ;
#958 = DIRECTION ( 'NONE',  ( 3.491481338843135327E-15, -1.000000000000000000, 0.000000000000000000 ) ) ;
#959 = CARTESIAN_POINT ( 'NONE',  ( -0.4246509276977842307, -1.482660789579234188E-15, -0.2639537641432901927 ) ) ;
#960 = ORIENTED_EDGE ( 'NONE', *, *, #1500, .F. ) ;
#961 = B_SPLINE_CURVE_WITH_KNOTS ( 'NONE', 3,
 ( #1198, #1993, #194, #2394 ),
 .UNSPECIFIED., .F., .F.,
 ( 4, 4 ),
 ( 2.164744371483348784E-07, 0.003156496319196630887 ),
 .UNSPECIFIED. ) ;
#962 = CIRCLE ( 'NONE', #920, 0.4765000000000000346 ) ;
#963 = ADVANCED_FACE ( 'NONE', ( #935 ), #38, .F. ) ;
#964 = CARTESIAN_POINT ( 'NONE',  ( 0.6875226829615019852, 2.400472617591440474E-15, 2.400472617591444418E-15 ) ) ;
#965 = AXIS2_PLACEMENT_3D ( 'NONE', #1798, #1602, #2162 ) ;
#966 = EDGE_LOOP ( 'NONE', ( #947, #1337, #960, #42 ) ) ;
#967 = AXIS2_PLACEMENT_3D ( 'NONE', #250, #1253, #877 ) ;
#968 = AXIS2_PLACEMENT_3D ( 'NONE', #2190, #580, #3 ) ;
#969 = FACE_OUTER_BOUND ( 'NONE', #787, .T. ) ;
#970 = DIRECTION ( 'NONE',  ( 1.000000000000000000, 3.499164859222294928E-15, 0.000000000000000000 ) ) ;
#971 = AXIS2_PLACEMENT_3D ( 'NONE', #1720, #919, #698 ) ;
#972 = CARTESIAN_POINT ( 'NONE',  ( -0.07625000000000459188, 0.9900000000000008793, 0.1264999999999996683 ) ) ;
#973 = ORIENTED_EDGE ( 'NONE', *, *, #2183, .F. ) ;
#974 = FACE_OUTER_BOUND ( 'NONE', #782, .T. ) ;
#975 = EDGE_LOOP ( 'NONE', ( #749, #807, #2419, #148, #1774, #1577, #2352, #1077, #668, #2213, #1370, #33 ) ) ;
#976 = DIRECTION ( 'NONE',  ( 3.491481338843120339E-15, -1.000000000000000000, 0.000000000000000000 ) ) ;
#977 = ORIENTED_EDGE ( 'NONE', *, *, #714, .T. ) ;
#978 = VERTEX_POINT ( 'NONE', #2377 ) ;
#979 = EDGE_CURVE ( 'NONE', #532, #1004, #763, .T. ) ;
#980 = DIRECTION ( 'NONE',  ( 3.491481338843125072E-15, -1.000000000000000000, 7.888609052210119455E-30 ) ) ;
#981 = CARTESIAN_POINT ( 'NONE',  ( -0.01727841552256313001, 0.9133798146510265781, -0.4550530758045156499 ) ) ;
#982 = CARTESIAN_POINT ( 'NONE',  ( 0.3287499999999936029, 0.8294680346564630158, 0.1265000000000011393 ) ) ;
#983 = ORIENTED_EDGE ( 'NONE', *, *, #1779, .T. ) ;
#984 = LINE ( 'NONE', #1769, #887 ) ;
#985 = VERTEX_POINT ( 'NONE', #449 ) ;
#986 = CARTESIAN_POINT ( 'NONE',  ( -0.3107233471412563230, 0.9900000000000001021, 0.1252038399624340326 ) ) ;
#987 = AXIS2_PLACEMENT_3D ( 'NONE', #738, #2133, #1151 ) ;
#988 = CARTESIAN_POINT ( 'NONE',  ( 0.5464999999999999858, 0.7950000000000000400, 0.000000000000000000 ) ) ;
#989 = ORIENTED_EDGE ( 'NONE', *, *, #2447, .T. ) ;
#990 = B_SPLINE_CURVE_WITH_KNOTS ( 'NONE', 3,
 ( #911, #2539, #1160, #2515, #772, #2141, #1505, #922, #2313, #1302 ),
 .UNSPECIFIED., .F., .F.,
 ( 4, 2, 2, 2, 4 ),
 ( 0.001887002477346402893, 0.002359084968783191696, 0.002831167460219980933, 0.003303249951656770170, 0.003775332443093559840 ),
 .UNSPECIFIED. ) ;
#991 = VERTEX_POINT ( 'NONE', #2349 ) ;
#992 = B_SPLINE_CURVE_WITH_KNOTS ( 'NONE', 3,
 ( #1409, #2339, #1398, #1371 ),
 .UNSPECIFIED., .F., .F.,
 ( 4, 4 ),
 ( 2.174419981510568798E-07, 0.0006912874211628210457 ),
 .UNSPECIFIED. ) ;
#993 = LINE ( 'NONE', #615, #157 ) ;
#994 = ADVANCED_FACE ( 'NONE', ( #642 ), #2335, .F. ) ;
#995 = CARTESIAN_POINT ( 'NONE',  ( -0.3439408433648729058, 0.9699410433053863301, -0.1265000000000036373 ) ) ;
#996 = CARTESIAN_POINT ( 'NONE',  ( 0.5812500000000054845, 0.9798822782952109067, 0.1265000000000083280 ) ) ;
#997 = ORIENTED_EDGE ( 'NONE', *, *, #822, .F. ) ;
#998 = CARTESIAN_POINT ( 'NONE',  ( -0.1265000000000029434, 0.8399999999999996358, 0.3287499999999999867 ) ) ;
#999 = ORIENTED_EDGE ( 'NONE', *, *, #2036, .F. ) ;
#1000 = CARTESIAN_POINT ( 'NONE',  ( -0.1265000000000000013, -3.937007874350702616E-05, 0.3287499999999999867 ) ) ;
#1001 = CARTESIAN_POINT ( 'NONE',  ( -0.5812500000000110356, 0.8294680346564601292, 0.1264999999999985858 ) ) ;
#1002 = ORIENTED_EDGE ( 'NONE', *, *, #2346, .T. ) ;
#1003 =( BOUNDED_CURVE ( )  B_SPLINE_CURVE ( 3, ( #1657, #2054, #479, #1441 ),
 .UNSPECIFIED., .F., .F. ) 
 B_SPLINE_CURVE_WITH_KNOTS ( ( 4, 4 ),
 ( 0.000000000000000000, 3.141592653589793116 ),
 .UNSPECIFIED. ) 
 CURVE ( )  GEOMETRIC_REPRESENTATION_ITEM ( )  RATIONAL_B_SPLINE_CURVE ( ( 1.000000000000000000, 0.3333333333333333703, 0.3333333333333333703, 1.000000000000000000 ) ) 
 REPRESENTATION_ITEM ( '' )  );
#1004 = VERTEX_POINT ( 'NONE', #2401 ) ;
#1005 = CONICAL_SURFACE ( 'NONE', #2454, 0.4351043815756488464, 0.3842488746094968044 ) ;
#1006 = DIRECTION ( 'NONE',  ( 0.000000000000000000, -1.000000000000000000, 0.000000000000000000 ) ) ;
#1007 = AXIS2_PLACEMENT_3D ( 'NONE', #2026, #635, #2451 ) ;
#1008 = CARTESIAN_POINT ( 'NONE',  ( 0.04336453193919639904, 0.9167962076409172933, -0.4476670628854927947 ) ) ;
#1009 = VECTOR ( 'NONE', #1465, 39.37007874015748143 ) ;
#1010 = EDGE_CURVE ( 'NONE', #1507, #2104, #2008, .T. ) ;
#1011 = VECTOR ( 'NONE', #1973, 39.37007874015748143 ) ;
#1012 = CARTESIAN_POINT ( 'NONE',  ( -0.4344151918195291451, 0.8400000000000000799, 0.06923044929528700264 ) ) ;
#1013 = ORIENTED_EDGE ( 'NONE', *, *, #265, .F. ) ;
#1014 = AXIS2_PLACEMENT_3D ( 'NONE', #2296, #342, #1356 ) ;
#1015 = CARTESIAN_POINT ( 'NONE',  ( 0.000000000000000000, 0.7950000000000000400, 0.000000000000000000 ) ) ;
#1016 = EDGE_CURVE ( 'NONE', #1244, #2304, #2174, .T. ) ;
#1017 = ORIENTED_EDGE ( 'NONE', *, *, #1965, .F. ) ;
#1018 = DIRECTION ( 'NONE',  ( -3.491481338843135327E-15, 1.000000000000000000, -0.000000000000000000 ) ) ;
#1019 = FACE_OUTER_BOUND ( 'NONE', #2021, .T. ) ;
#1020 = ORIENTED_EDGE ( 'NONE', *, *, #1779, .F. ) ;
#1021 = CARTESIAN_POINT ( 'NONE',  ( -0.1265000000000034430, 0.9699574490024738260, 0.3439133039730914998 ) ) ;
#1022 = EDGE_CURVE ( 'NONE', #1724, #1530, #1126, .T. ) ;
#1023 = VERTEX_POINT ( 'NONE', #1407 ) ;
#1024 = DIRECTION ( 'NONE',  ( 3.491481338843135327E-15, -1.000000000000000000, 0.000000000000000000 ) ) ;
#1025 = DIRECTION ( 'NONE',  ( 3.491481338843134933E-15, -1.000000000000000000, 0.000000000000000000 ) ) ;
#1026 = CARTESIAN_POINT ( 'NONE',  ( 0.3287499999999939915, 0.9798822782952102406, -0.1264999999999988634 ) ) ;
#1027 = B_SPLINE_CURVE_WITH_KNOTS ( 'NONE', 3,
 ( #110, #892, #2102, #959 ),
 .UNSPECIFIED., .F., .F.,
 ( 4, 4 ),
 ( 2.157830518280581854E-07, 0.003156495627811353732 ),
 .UNSPECIFIED. ) ;
#1028 = VERTEX_POINT ( 'NONE', #1991 ) ;
#1029 = LINE ( 'NONE', #270, #1093 ) ;
#1030 = ORIENTED_EDGE ( 'NONE', *, *, #338, .F. ) ;
#1031 = CARTESIAN_POINT ( 'NONE',  ( 0.1264999999999970592, 0.8400000000000004130, 0.3287499999999999867 ) ) ;
#1032 = CARTESIAN_POINT ( 'NONE',  ( -0.06419540046180025050, 0.8384345651559316215, 0.4377010636098320751 ) ) ;
#1033 = CARTESIAN_POINT ( 'NONE',  ( 0.4041683106577046991, 0.1150000000000013789, -0.2418335150824960644 ) ) ;
#1034 = ORIENTED_EDGE ( 'NONE', *, *, #279, .T. ) ;
#1035 = DIRECTION ( 'NONE',  ( -3.491481338843125072E-15, 1.000000000000000000, 7.888609052210119455E-30 ) ) ;
#1036 = DIRECTION ( 'NONE',  ( -1.063339166174360142E-14, 0.000000000000000000, 1.000000000000000000 ) ) ;
#1037 = DIRECTION ( 'NONE',  ( 3.491481338843135327E-15, -1.000000000000000000, 0.000000000000000000 ) ) ;
#1038 = ORIENTED_EDGE ( 'NONE', *, *, #105, .F. ) ;
#1039 = DIRECTION ( 'NONE',  ( -0.3748628890350762521, 0.9270802632050129111, 0.000000000000000000 ) ) ;
#1040 = ORIENTED_EDGE ( 'NONE', *, *, #1281, .T. ) ;
#1041 = CARTESIAN_POINT ( 'NONE',  ( -0.2151650429449558921, 0.08999999999999838685, 0.2651650429449555202 ) ) ;
#1042 = FACE_OUTER_BOUND ( 'NONE', #975, .T. ) ;
#1043 = EDGE_CURVE ( 'NONE', #1319, #2142, #313, .T. ) ;
#1044 = CARTESIAN_POINT ( 'NONE',  ( -0.1237196051875644881, 0.9612997185056870730, 0.3593905693527646439 ) ) ;
#1045 = VERTEX_POINT ( 'NONE', #1369 ) ;
#1046 = EDGE_CURVE ( 'NONE', #368, #847, #1051, .T. ) ;
#1047 = CARTESIAN_POINT ( 'NONE',  ( 0.1252038399624340326, 0.9900000000000001021, 0.3107233471412516046 ) ) ;
#1048 = AXIS2_PLACEMENT_3D ( 'NONE', #1282, #2458, #509 ) ;
#1049 = CARTESIAN_POINT ( 'NONE',  ( 3.693554612633535330E-14, -10.57876085872868188, 0.000000000000000000 ) ) ;
#1050 = ADVANCED_FACE ( 'NONE', ( #1589 ), #226, .T. ) ;
#1051 = CIRCLE ( 'NONE', #923, 0.4765000000000000346 ) ;
#1052 = DIRECTION ( 'NONE',  ( 1.047444401652940322E-14, 0.000000000000000000, -1.000000000000000000 ) ) ;
#1053 = ORIENTED_EDGE ( 'NONE', *, *, #78, .F. ) ;
#1054 = CIRCLE ( 'NONE', #73, 0.04999999999999998196 ) ;
#1055 = CARTESIAN_POINT ( 'NONE',  ( 0.3438765035353943400, 0.9699793716665010557, -0.1264999999999988078 ) ) ;
#1056 = AXIS2_PLACEMENT_3D ( 'NONE', #1674, #1733, #1312 ) ;
#1057 = ORIENTED_EDGE ( 'NONE', *, *, #7, .F. ) ;
#1058 = EDGE_CURVE ( 'NONE', #1603, #2273, #646, .T. ) ;
#1059 = CIRCLE ( 'NONE', #1379, 0.05000000000000000971 ) ;
#1060 = DIRECTION ( 'NONE',  ( -3.491481338843124678E-15, 1.000000000000000000, 7.888609052210119455E-30 ) ) ;
#1061 = DIRECTION ( 'NONE',  ( 3.491481338843135327E-15, -1.000000000000000000, 0.000000000000000000 ) ) ;
#1062 = AXIS2_PLACEMENT_3D ( 'NONE', #1393, #1753, #816 ) ;
#1063 = CARTESIAN_POINT ( 'NONE',  ( -0.5088375182954752995, 0.7959954453295652321, 6.231462380666331338E-17 ) ) ;
#1064 = ORIENTED_EDGE ( 'NONE', *, *, #2007, .T. ) ;
#1065 = CARTESIAN_POINT ( 'NONE',  ( -0.4709941319773097712, 0.1149999999999983397, 0.000000000000000000 ) ) ;
#1066 = EDGE_CURVE ( 'NONE', #532, #2142, #64, .T. ) ;
#1067 = DIRECTION ( 'NONE',  ( 0.000000000000000000, -1.000000000000000000, 0.000000000000000000 ) ) ;
#1068 = CARTESIAN_POINT ( 'NONE',  ( -0.4018576884605494226, 0.1066584767751871943, 0.2391261777554749279 ) ) ;
#1069 = EDGE_LOOP ( 'NONE', ( #2354, #770, #330, #811, #1386, #594 ) ) ;
#1070 = DIRECTION ( 'NONE',  ( 1.000000000000000000, 3.491481338843135327E-15, 0.000000000000000000 ) ) ;
#1071 = CYLINDRICAL_SURFACE ( 'NONE', #1139, 0.1875000000000035527 ) ;
#1072 = DIRECTION ( 'NONE',  ( 1.000000000000000000, 4.586523389153012283E-15, 0.000000000000000000 ) ) ;
#1073 = CARTESIAN_POINT ( 'NONE',  ( -0.04336453193920287996, 0.9167962076409168493, 0.4476670628854927947 ) ) ;
#1074 = ORIENTED_EDGE ( 'NONE', *, *, #1125, .F. ) ;
#1075 = CYLINDRICAL_SURFACE ( 'NONE', #1221, 0.3725226829615011503 ) ;
#1076 = CARTESIAN_POINT ( 'NONE',  ( 0.1252038399624340326, 0.9900000000000001021, -0.3107233471412516046 ) ) ;
#1077 = ORIENTED_EDGE ( 'NONE', *, *, #240, .T. ) ;
#1078 = ADVANCED_FACE ( 'NONE', ( #9, #792 ), #1573, .F. ) ;
#1079 = CARTESIAN_POINT ( 'NONE',  ( -0.04799864132374428299, 0.8344428097503548969, -0.4461862206519796037 ) ) ;
#1080 = ORIENTED_EDGE ( 'NONE', *, *, #2514, .T. ) ;
#1081 = FACE_OUTER_BOUND ( 'NONE', #2139, .T. ) ;
#1082 = CARTESIAN_POINT ( 'NONE',  ( -0.3287500000000019851, 0.8400000000000000799, -0.1265000000000034430 ) ) ;
#1083 = CARTESIAN_POINT ( 'NONE',  ( -4.015203539669606120E-16, 0.1150000000000000050, -0.6875226829615019852 ) ) ;
#1084 = CARTESIAN_POINT ( 'NONE',  ( -0.1265000000000034153, 0.9789904942420144529, 0.3287499999999999867 ) ) ;
#1085 = VERTEX_POINT ( 'NONE', #408 ) ;
#1086 = CARTESIAN_POINT ( 'NONE',  ( 0.1875000000000002220, 1.068000000000000727, 0.000000000000000000 ) ) ;
#1087 = DIRECTION ( 'NONE',  ( 1.000000000000000000, 3.499164859222294928E-15, 0.000000000000000000 ) ) ;
#1088 = B_SPLINE_CURVE_WITH_KNOTS ( 'NONE', 3,
 ( #1839, #1055, #1275, #2225, #54, #1671, #66, #475, #2420, #697 ),
 .UNSPECIFIED., .F., .F.,
 ( 4, 2, 2, 2, 4 ),
 ( 0.0005372670658121110956, 0.001878278025107964254, 0.003219288984403817413, 0.004560299943699670788, 0.005901310902995523730 ),
 .UNSPECIFIED. ) ;
#1089 = AXIS2_PLACEMENT_3D ( 'NONE', #1049, #1638, #1406 ) ;
#1090 = CARTESIAN_POINT ( 'NONE',  ( 0.04796088579118707590, 0.8346578985047001797, -0.4457303782412391224 ) ) ;
#1091 = DIRECTION ( 'NONE',  ( 0.000000000000000000, -1.000000000000000000, 0.000000000000000000 ) ) ;
#1092 = EDGE_CURVE ( 'NONE', #2079, #1248, #1791, .T. ) ;
#1093 = VECTOR ( 'NONE', #1039, 39.37007874015748854 ) ;
#1094 = DIRECTION ( 'NONE',  ( 1.000000000000000000, 3.482341965662643695E-15, 0.000000000000000000 ) ) ;
#1095 = CIRCLE ( 'NONE', #1300, 0.3725226829615011503 ) ;
#1096 = DIRECTION ( 'NONE',  ( 3.491481338843134933E-15, -1.000000000000000000, 0.000000000000000000 ) ) ;
#1097 = EDGE_CURVE ( 'NONE', #573, #1715, #29, .T. ) ;
#1098 = B_SPLINE_CURVE_WITH_KNOTS ( 'NONE', 3,
 ( #30, #1175, #812, #823 ),
 .UNSPECIFIED., .F., .F.,
 ( 4, 4 ),
 ( 0.01128487440222956419, 0.01182222865384974578 ),
 .UNSPECIFIED. ) ;
#1099 = PRODUCT_RELATED_PRODUCT_CATEGORY ( 'part', '', ( #600 ) ) ;
#1100 = DIRECTION ( 'NONE',  ( 1.000000000000000000, 3.499164859222294928E-15, 0.000000000000000000 ) ) ;
#1101 = AXIS2_PLACEMENT_3D ( 'NONE', #365, #1990, #419 ) ;
#1102 = CIRCLE ( 'NONE', #2413, 0.4608854363251346786 ) ;
#1103 = VERTEX_POINT ( 'NONE', #1213 ) ;
#1104 = AXIS2_PLACEMENT_3D ( 'NONE', #915, #2307, #1946 ) ;
#1105 = FACE_OUTER_BOUND ( 'NONE', #2030, .T. ) ;
#1106 = DIRECTION ( 'NONE',  ( 1.000000000000000000, 3.414809992080328333E-15, 0.000000000000000000 ) ) ;
#1107 = ORIENTED_EDGE ( 'NONE', *, *, #1895, .F. ) ;
#1108 = CARTESIAN_POINT ( 'NONE',  ( 0.4600404873486693136, 0.1150000000000000050, -0.2949999999999999845 ) ) ;
#1109 = CARTESIAN_POINT ( 'NONE',  ( -2.932844324628232097E-15, 0.8400000000000000799, 0.000000000000000000 ) ) ;
#1110 =( BOUNDED_CURVE ( )  B_SPLINE_CURVE ( 3, ( #1159, #1941, #180, #1210 ),
 .UNSPECIFIED., .F., .T. ) 
 B_SPLINE_CURVE_WITH_KNOTS ( ( 4, 4 ),
 ( 0.000000000000000000, 3.141592653589768691 ),
 .UNSPECIFIED. ) 
 CURVE ( )  GEOMETRIC_REPRESENTATION_ITEM ( )  RATIONAL_B_SPLINE_CURVE ( ( 1.000000000000000000, 0.3333333333333415305, 0.3333333333333415305, 1.000000000000000000 ) ) 
 REPRESENTATION_ITEM ( '' )  );
#1111 = CARTESIAN_POINT ( 'NONE',  ( 0.2651650429449500246, 1.503039370078740333, -0.2651650429449555202 ) ) ;
#1112 = DIRECTION ( 'NONE',  ( 1.000000000000000000, 3.551402391763240247E-15, 0.000000000000000000 ) ) ;
#1113 = CARTESIAN_POINT ( 'NONE',  ( 0.4531525015320275185, 0.8312072668476627735, -0.02474610340135270994 ) ) ;
#1114 = ORIENTED_EDGE ( 'NONE', *, *, #1772, .F. ) ;
#1115 = CARTESIAN_POINT ( 'NONE',  ( -0.1265000000000029434, 0.8399999999999996358, -0.3722901791045901687 ) ) ;
#1116 = ORIENTED_EDGE ( 'NONE', *, *, #487, .F. ) ;
#1117 = FACE_OUTER_BOUND ( 'NONE', #1995, .T. ) ;
#1118 = DIRECTION ( 'NONE',  ( 3.491481338843135327E-15, -1.000000000000000000, 0.000000000000000000 ) ) ;
#1119 = DIRECTION ( 'NONE',  ( 0.000000000000000000, 0.000000000000000000, -1.000000000000000000 ) ) ;
#1120 = CARTESIAN_POINT ( 'NONE',  ( -3.456566525454708411E-15, 0.9900000000000001021, 0.000000000000000000 ) ) ;
#1121 = CARTESIAN_POINT ( 'NONE',  ( 0.1264999999999965874, 0.9826035367454180047, -0.3226849731686304290 ) ) ;
#1122 = ORIENTED_EDGE ( 'NONE', *, *, #593, .F. ) ;
#1123 = EDGE_CURVE ( 'NONE', #454, #2219, #17, .T. ) ;
#1124 = EDGE_LOOP ( 'NONE', ( #1427, #1176, #1152, #231, #339, #356, #832, #1987, #421 ) ) ;
#1125 = EDGE_CURVE ( 'NONE', #395, #2343, #1877, .T. ) ;
#1126 = B_SPLINE_CURVE_WITH_KNOTS ( 'NONE', 3,
 ( #1012, #1396, #831, #1612, #1969, #22 ),
 .UNSPECIFIED., .F., .F.,
 ( 4, 2, 4 ),
 ( 4.074061883871021757E-18, 0.0009435012386731737996, 0.001887002477346343479 ),
 .UNSPECIFIED. ) ;
#1127 = EDGE_LOOP ( 'NONE', ( #2412, #1669, #2528, #2224 ) ) ;
#1128 = CARTESIAN_POINT ( 'NONE',  ( 0.1264999999999965319, 0.9900000000000008793, 0.3287500000000000977 ) ) ;
#1129 = CARTESIAN_POINT ( 'NONE',  ( -0.1265000000000034153, 0.9789904942420144529, -0.3287499999999999867 ) ) ;
#1130 = EDGE_CURVE ( 'NONE', #2440, #1314, #1098, .T. ) ;
#1131 = DIRECTION ( 'NONE',  ( 1.000000000000000000, 3.499164859222294928E-15, 0.000000000000000000 ) ) ;
#1132 = CARTESIAN_POINT ( 'NONE',  ( 0.2151650429449499802, 1.503039370078739889, -0.2651650429449555202 ) ) ;
#1133 = CIRCLE ( 'NONE', #759, 0.05000000000000000971 ) ;
#1134 = FACE_BOUND ( 'NONE', #1561, .T. ) ;
#1135 = CARTESIAN_POINT ( 'NONE',  ( 0.1260641388972598143, 0.9862711715073891883, -0.3166749461249231401 ) ) ;
#1136 = AXIS2_PLACEMENT_3D ( 'NONE', #1380, #2028, #867 ) ;
#1137 = ORIENTED_EDGE ( 'NONE', *, *, #541, .T. ) ;
#1138 = CIRCLE ( 'NONE', #1219, 0.5000000000000000000 ) ;
#1139 = AXIS2_PLACEMENT_3D ( 'NONE', #273, #309, #1827 ) ;
#1140 = CIRCLE ( 'NONE', #2047, 0.4765000000000000346 ) ;
#1141 = EDGE_LOOP ( 'NONE', ( #1823, #416 ) ) ;
#1142 = CARTESIAN_POINT ( 'NONE',  ( 0.1175000000000006040, 0.8400000000000004130, 0.000000000000000000 ) ) ;
#1143 = EDGE_CURVE ( 'NONE', #2219, #1045, #2289, .T. ) ;
#1144 = CARTESIAN_POINT ( 'NONE',  ( -3.456566525454700917E-15, 0.9900000000000001021, 0.000000000000000000 ) ) ;
#1145 = CARTESIAN_POINT ( 'NONE',  ( 0.5465000000000000968, 0.7950000000000000400, 0.000000000000000000 ) ) ;
#1146 = CARTESIAN_POINT ( 'NONE',  ( 0.3594463759652152257, 0.9612685395304283453, 0.1237095033123666726 ) ) ;
#1147 = VERTEX_POINT ( 'NONE', #1958 ) ;
#1148 = DIRECTION ( 'NONE',  ( 3.491481338843135327E-15, -1.000000000000000000, 0.000000000000000000 ) ) ;
#1149 =( NAMED_UNIT ( * ) SI_UNIT ( $, .STERADIAN. ) SOLID_ANGLE_UNIT ( ) );
#1150 = VERTEX_POINT ( 'NONE', #1773 ) ;
#1151 = DIRECTION ( 'NONE',  ( 0.000000000000000000, 0.000000000000000000, -1.000000000000000000 ) ) ;
#1152 = ORIENTED_EDGE ( 'NONE', *, *, #1212, .F. ) ;
#1153 = FACE_OUTER_BOUND ( 'NONE', #1403, .T. ) ;
#1154 = DIRECTION ( 'NONE',  ( 3.491481338843120339E-15, -1.000000000000000000, 0.000000000000000000 ) ) ;
#1155 = DIRECTION ( 'NONE',  ( 1.000000000000000000, 3.414809992080328333E-15, 0.000000000000000000 ) ) ;
#1156 = EDGE_CURVE ( 'NONE', #2379, #1797, #197, .T. ) ;
#1157 = CARTESIAN_POINT ( 'NONE',  ( -3.456566525454708411E-15, 0.9900000000000001021, 0.000000000000000000 ) ) ;
#1158 = ORIENTED_EDGE ( 'NONE', *, *, #1311, .T. ) ;
#1159 = CARTESIAN_POINT ( 'NONE',  ( 0.3287499999999964340, 0.8400000000000000799, 0.1265000000000011393 ) ) ;
#1160 = CARTESIAN_POINT ( 'NONE',  ( 0.4545400057007028538, 0.8305714228931122545, 0.01240650883524754833 ) ) ;
#1161 = ORIENTED_EDGE ( 'NONE', *, *, #1022, .F. ) ;
#1162 = DIRECTION ( 'NONE',  ( 3.666686779911587050E-15, 3.908006483660656855E-30, -1.000000000000000000 ) ) ;
#1163 = EDGE_CURVE ( 'NONE', #1630, #2440, #401, .T. ) ;
#1164 = ORIENTED_EDGE ( 'NONE', *, *, #2333, .T. ) ;
#1165 = EDGE_CURVE ( 'NONE', #1150, #620, #2088, .T. ) ;
#1166 = CARTESIAN_POINT ( 'NONE',  ( 0.4359042834906510788, 0.03826872246058393712, 0.2751609897703927721 ) ) ;
#1167 = CARTESIAN_POINT ( 'NONE',  ( -0.4407554140140805266, 0.9200352612761010240, -0.05901819004503983807 ) ) ;
#1168 = CARTESIAN_POINT ( 'NONE',  ( 7.764378988395787108E-30, -2.185478394931409391E-15, 0.000000000000000000 ) ) ;
#1169 = ORIENTED_EDGE ( 'NONE', *, *, #441, .F. ) ;
#1170 = CYLINDRICAL_SURFACE ( 'NONE', #1705, 0.05000000000000000971 ) ;
#1171 = DIRECTION ( 'NONE',  ( 1.000000000000000000, 0.000000000000000000, 0.000000000000000000 ) ) ;
#1172 = ORIENTED_EDGE ( 'NONE', *, *, #2390, .F. ) ;
#1173 = AXIS2_PLACEMENT_3D ( 'NONE', #634, #751, #45 ) ;
#1174 = EDGE_CURVE ( 'NONE', #454, #182, #1707, .T. ) ;
#1175 = CARTESIAN_POINT ( 'NONE',  ( -0.1265000000000034430, 0.9826035367454172276, 0.3226849731686302070 ) ) ;
#1176 = ORIENTED_EDGE ( 'NONE', *, *, #2167, .T. ) ;
#1177 = VECTOR ( 'NONE', #576, 39.37007874015748143 ) ;
#1178 = AXIS2_PLACEMENT_3D ( 'NONE', #1385, #2178, #2548 ) ;
#1179 = ORIENTED_EDGE ( 'NONE', *, *, #2498, .F. ) ;
#1180 = AXIS2_PLACEMENT_3D ( 'NONE', #114, #459, #854 ) ;
#1181 = AXIS2_PLACEMENT_3D ( 'NONE', #1265, #2268, #299 ) ;
#1182 = CARTESIAN_POINT ( 'NONE',  ( 0.2418335150824972579, 0.1150000000000000050, 0.4041683106577046991 ) ) ;
#1183 = CARTESIAN_POINT ( 'NONE',  ( 0.000000000000000000, 0.000000000000000000, -0.6875226829615019852 ) ) ;
#1184 = VECTOR ( 'NONE', #954, 39.37007874015748143 ) ;
#1185 = DIRECTION ( 'NONE',  ( 3.491481338843134933E-15, -1.000000000000000000, 0.000000000000000000 ) ) ;
#1186 = ORIENTED_EDGE ( 'NONE', *, *, #1163, .T. ) ;
#1187 = ORIENTED_EDGE ( 'NONE', *, *, #2130, .T. ) ;
#1188 = B_SPLINE_CURVE_WITH_KNOTS ( 'NONE', 3,
 ( #2513, #324, #1890, #921, #1524, #569, #529, #1514, #1537, #2502 ),
 .UNSPECIFIED., .F., .F.,
 ( 4, 2, 2, 2, 4 ),
 ( 0.001887002477346343479, 0.002359084968783155267, 0.002831167460219967055, 0.003303249951656778410, 0.003775332443093590198 ),
 .UNSPECIFIED. ) ;
#1189 = CARTESIAN_POINT ( 'NONE',  ( 0.000000000000000000, 0.2249999999999999778, 0.000000000000000000 ) ) ;
#1190 = ORIENTED_EDGE ( 'NONE', *, *, #254, .F. ) ;
#1191 =( BOUNDED_CURVE ( )  B_SPLINE_CURVE ( 3, ( #2297, #2521, #536, #2073 ),
 .UNSPECIFIED., .F., .F. ) 
 B_SPLINE_CURVE_WITH_KNOTS ( ( 4, 4 ),
 ( 0.000000000000000000, 3.141592653589793116 ),
 .UNSPECIFIED. ) 
 CURVE ( )  GEOMETRIC_REPRESENTATION_ITEM ( )  RATIONAL_B_SPLINE_CURVE ( ( 1.000000000000000000, 0.3333333333333333703, 0.3333333333333333703, 1.000000000000000000 ) ) 
 REPRESENTATION_ITEM ( '' )  );
#1192 = EDGE_CURVE ( 'NONE', #2097, #758, #1263, .T. ) ;
#1193 = ORIENTED_EDGE ( 'NONE', *, *, #1418, .T. ) ;
#1194 = CARTESIAN_POINT ( 'NONE',  ( 0.000000000000000000, -38.89867353334835087, 0.000000000000000000 ) ) ;
#1195 = CARTESIAN_POINT ( 'NONE',  ( -0.4364868319843087097, 0.9220494051834998706, -0.06648697961822201685 ) ) ;
#1196 = CARTESIAN_POINT ( 'NONE',  ( -0.2651650429449551316, -9.258187991558503420E-16, -0.2651650429449555202 ) ) ;
#1197 = ORIENTED_EDGE ( 'NONE', *, *, #372, .F. ) ;
#1198 = CARTESIAN_POINT ( 'NONE',  ( -0.4246509276977897263, -1.482660789579257853E-15, 0.2639537641432811443 ) ) ;
#1199 = ORIENTED_EDGE ( 'NONE', *, *, #1204, .T. ) ;
#1200 = DIRECTION ( 'NONE',  ( 0.000000000000000000, -1.000000000000000000, 0.000000000000000000 ) ) ;
#1201 = CARTESIAN_POINT ( 'NONE',  ( -0.03049802042150441539, 0.8320084497511520683, 0.4514275439101980147 ) ) ;
#1202 = ORIENTED_EDGE ( 'NONE', *, *, #2390, .T. ) ;
#1203 = ORIENTED_EDGE ( 'NONE', *, *, #218, .T. ) ;
#1204 = EDGE_CURVE ( 'NONE', #760, #1402, #1794, .T. ) ;
#1205 = CARTESIAN_POINT ( 'NONE',  ( -0.2151650429449606106, 1.503039370078740555, -0.2651650429449555202 ) ) ;
#1206 = ADVANCED_FACE ( 'NONE', ( #2341 ), #562, .F. ) ;
#1207 = CARTESIAN_POINT ( 'NONE',  ( -0.06677335596572608889, 0.9216211815150004982, -0.4373700977244558419 ) ) ;
#1208 = CARTESIAN_POINT ( 'NONE',  ( -4.015203539669606120E-16, 0.1150000000000000050, -0.6875226829615019852 ) ) ;
#1209 = VERTEX_POINT ( 'NONE', #234 ) ;
#1210 = CARTESIAN_POINT ( 'NONE',  ( 0.3287499999999972666, 0.8400000000000000799, -0.1264999999999988634 ) ) ;
#1211 = ORIENTED_EDGE ( 'NONE', *, *, #609, .F. ) ;
#1212 = EDGE_CURVE ( 'NONE', #301, #2395, #1102, .T. ) ;
#1213 = CARTESIAN_POINT ( 'NONE',  ( -0.2151650429449555035, -7.512447322136935757E-16, 0.2651650429449555202 ) ) ;
#1214 = FACE_OUTER_BOUND ( 'NONE', #1813, .T. ) ;
#1215 = EDGE_LOOP ( 'NONE', ( #1811, #2518, #653, #1269, #2117, #821, #1613, #2164 ) ) ;
#1216 = AXIS2_PLACEMENT_3D ( 'NONE', #317, #1906, #2272 ) ;
#1217 = DIRECTION ( 'NONE',  ( -1.063339166174360142E-14, -4.429074014815411476E-29, 1.000000000000000000 ) ) ;
#1218 = ORIENTED_EDGE ( 'NONE', *, *, #1806, .F. ) ;
#1219 = AXIS2_PLACEMENT_3D ( 'NONE', #2031, #2463, #1070 ) ;
#1220 = DIRECTION ( 'NONE',  ( 1.000000000000000000, 4.370956789862560037E-15, 0.000000000000000000 ) ) ;
#1221 = AXIS2_PLACEMENT_3D ( 'NONE', #62, #1458, #1446 ) ;
#1222 = CARTESIAN_POINT ( 'NONE',  ( -0.1265000000000029157, 0.8293933604811437599, 0.3287499999999999867 ) ) ;
#1223 = AXIS2_PLACEMENT_3D ( 'NONE', #2376, #780, #1155 ) ;
#1224 = AXIS2_PLACEMENT_3D ( 'NONE', #720, #2101, #335 ) ;
#1225 = CARTESIAN_POINT ( 'NONE',  ( -4.015203539669606120E-16, 0.1149999999999980344, 0.000000000000000000 ) ) ;
#1226 = VERTEX_POINT ( 'NONE', #1230 ) ;
#1227 = VECTOR ( 'NONE', #102, 39.37007874015748854 ) ;
#1228 = CARTESIAN_POINT ( 'NONE',  ( -0.4550000000000031797, 0.9134042553191478175, -3.088268750974535705E-15 ) ) ;
#1229 = ORIENTED_EDGE ( 'NONE', *, *, #2011, .F. ) ;
#1230 = CARTESIAN_POINT ( 'NONE',  ( 0.5465000000000000968, 0.2249999999999999778, 0.000000000000000000 ) ) ;
#1231 = DIRECTION ( 'NONE',  ( 1.000000000000000000, 3.483352440916008368E-15, 0.000000000000000000 ) ) ;
#1232 = CARTESIAN_POINT ( 'NONE',  ( -0.08679554273571153666, 0.9295097206028958281, 0.4209681343388142483 ) ) ;
#1233 = ORIENTED_EDGE ( 'NONE', *, *, #1905, .T. ) ;
#1234 = CARTESIAN_POINT ( 'NONE',  ( -3.728902069884472040E-15, 1.068000000000000060, 0.000000000000000000 ) ) ;
#1235 = DIRECTION ( 'NONE',  ( 0.000000000000000000, 0.000000000000000000, -1.000000000000000000 ) ) ;
#1236 = CARTESIAN_POINT ( 'NONE',  ( 0.000000000000000000, 0.2000000000000000111, 0.000000000000000000 ) ) ;
#1237 = ORIENTED_EDGE ( 'NONE', *, *, #1066, .F. ) ;
#1238 = DIRECTION ( 'NONE',  ( -3.491481338843124678E-15, 1.000000000000000000, -7.888609052210119455E-30 ) ) ;
#1239 = EDGE_CURVE ( 'NONE', #2150, #991, #424, .T. ) ;
#1240 = ORIENTED_EDGE ( 'NONE', *, *, #826, .F. ) ;
#1241 = CARTESIAN_POINT ( 'NONE',  ( 0.4765000000000369496, -10.57876085872868011, 0.000000000000000000 ) ) ;
#1242 = CARTESIAN_POINT ( 'NONE',  ( -4.015203539669606120E-16, 0.1149999999999980344, 0.000000000000000000 ) ) ;
#1243 = CARTESIAN_POINT ( 'NONE',  ( 0.06677335596571949694, 0.9216211815150010533, 0.4373700977244558419 ) ) ;
#1244 = VERTEX_POINT ( 'NONE', #986 ) ;
#1245 = CARTESIAN_POINT ( 'NONE',  ( -0.01237089188606250480, 0.8303586419998483237, -0.4550025553670555278 ) ) ;
#1246 = VERTEX_POINT ( 'NONE', #1996 ) ;
#1247 = DIRECTION ( 'NONE',  ( -3.491481338843125072E-15, 1.000000000000000000, -7.888609052210119455E-30 ) ) ;
#1248 = VERTEX_POINT ( 'NONE', #440 ) ;
#1249 = DIRECTION ( 'NONE',  ( 3.491481338843135327E-15, -1.000000000000000000, 0.000000000000000000 ) ) ;
#1250 = FACE_OUTER_BOUND ( 'NONE', #2013, .T. ) ;
#1251 = ADVANCED_FACE ( 'NONE', ( #2180 ), #1801, .T. ) ;
#1252 = EDGE_CURVE ( 'NONE', #1436, #2547, #2317, .T. ) ;
#1253 = DIRECTION ( 'NONE',  ( 3.491481338843135327E-15, -1.000000000000000000, 0.000000000000000000 ) ) ;
#1254 = ORIENTED_EDGE ( 'NONE', *, *, #2194, .F. ) ;
#1255 = CARTESIAN_POINT ( 'NONE',  ( -0.1252038399624409437, 0.9900000000000001021, 0.3107233471412516046 ) ) ;
#1256 = CARTESIAN_POINT ( 'NONE',  ( -3.728902069884472040E-15, 1.068000000000000060, 0.000000000000000000 ) ) ;
#1257 = VERTEX_POINT ( 'NONE', #633 ) ;
#1258 = AXIS2_PLACEMENT_3D ( 'NONE', #1964, #980, #2173 ) ;
#1259 = CARTESIAN_POINT ( 'NONE',  ( -0.4600404873486653723, 0.1149999999999984368, -0.2950000000000047029 ) ) ;
#1260 = ORIENTED_EDGE ( 'NONE', *, *, #748, .F. ) ;
#1261 = CIRCLE ( 'NONE', #232, 0.3725226829615011503 ) ;
#1262 = DIRECTION ( 'NONE',  ( 1.047444401652940164E-14, 4.417621069237664989E-29, -1.000000000000000000 ) ) ;
#1263 = CIRCLE ( 'NONE', #1545, 0.4765000000000000346 ) ;
#1264 = AXIS2_PLACEMENT_3D ( 'NONE', #1462, #656, #2432 ) ;
#1265 = CARTESIAN_POINT ( 'NONE',  ( 0.3437613414807499934, 0.1150000000000000050, 1.200236308795720237E-15 ) ) ;
#1266 = LINE ( 'NONE', #2466, #639 ) ;
#1267 = AXIS2_PLACEMENT_3D ( 'NONE', #2195, #1570, #428 ) ;
#1268 = CARTESIAN_POINT ( 'NONE',  ( -0.06669649867722207692, 0.9221112791991722402, 0.4363564742372126326 ) ) ;
#1269 = ORIENTED_EDGE ( 'NONE', *, *, #265, .T. ) ;
#1270 = EDGE_CURVE ( 'NONE', #101, #614, #2423, .T. ) ;
#1271 = CARTESIAN_POINT ( 'NONE',  ( 0.4344151918195235940, 0.8400000000000000799, -0.06923044929528995861 ) ) ;
#1272 = CARTESIAN_POINT ( 'NONE',  ( -2.932844324628232097E-15, 0.8400000000000000799, 0.000000000000000000 ) ) ;
#1273 = CARTESIAN_POINT ( 'NONE',  ( 0.006224677391941932543, 0.8303604089284225553, -0.4549987182688704501 ) ) ;
#1274 = ORIENTED_EDGE ( 'NONE', *, *, #1778, .T. ) ;
#1275 = CARTESIAN_POINT ( 'NONE',  ( 0.3593293378922373105, 0.9613321790460597205, -0.1237455587731640244 ) ) ;
#1276 = DIRECTION ( 'NONE',  ( 3.491481338843134933E-15, -1.000000000000000000, 0.000000000000000000 ) ) ;
#1277 = CARTESIAN_POINT ( 'NONE',  ( 0.4765000000000010338, 0.1286166628518207455, 5.835441997937156542E-17 ) ) ;
#1278 = DIRECTION ( 'NONE',  ( -3.491481338843120339E-15, 1.000000000000000000, -0.000000000000000000 ) ) ;
#1279 = EDGE_LOOP ( 'NONE', ( #496, #2372, #618, #1960 ) ) ;
#1280 = CARTESIAN_POINT ( 'NONE',  ( 0.1875000000000000278, 0.9979999999999999982, 0.000000000000000000 ) ) ;
#1281 = EDGE_CURVE ( 'NONE', #368, #2433, #95, .T. ) ;
#1282 = CARTESIAN_POINT ( 'NONE',  ( 0.000000000000000000, -38.89867353334835087, 0.000000000000000000 ) ) ;
#1283 = B_SPLINE_CURVE_WITH_KNOTS ( 'NONE', 3,
 ( #2136, #2509, #1166, #1532 ),
 .UNSPECIFIED., .F., .F.,
 ( 4, 4 ),
 ( 2.157830517985691304E-07, 0.003156495627811309931 ),
 .UNSPECIFIED. ) ;
#1284 = ORIENTED_EDGE ( 'NONE', *, *, #1848, .T. ) ;
#1285 = ADVANCED_FACE ( 'NONE', ( #466 ), #660, .F. ) ;
#1286 = CARTESIAN_POINT ( 'NONE',  ( 0.3995739940249012911, 0.09832454936502187104, -0.2363718540741427399 ) ) ;
#1287 = DIRECTION ( 'NONE',  ( 3.491481338843134933E-15, -1.000000000000000000, 0.000000000000000000 ) ) ;
#1288 = CARTESIAN_POINT ( 'NONE',  ( 0.07624999999999616807, 0.9899999999999994360, 0.1265000000000002789 ) ) ;
#1289 = FACE_OUTER_BOUND ( 'NONE', #627, .T. ) ;
#1290 = CARTESIAN_POINT ( 'NONE',  ( 0.000000000000000000, 0.7950000000000000400, 0.000000000000000000 ) ) ;
#1291 = ORIENTED_EDGE ( 'NONE', *, *, #530, .F. ) ;
#1292 = CARTESIAN_POINT ( 'NONE',  ( -0.3287500000000019851, 0.8400000000000000799, -0.1265000000000034430 ) ) ;
#1293 = CARTESIAN_POINT ( 'NONE',  ( -0.06923044929529428848, 0.8400000000000000799, -0.4344151918195251483 ) ) ;
#1294 = ORIENTED_EDGE ( 'NONE', *, *, #417, .F. ) ;
#1295 = AXIS2_PLACEMENT_3D ( 'NONE', #2070, #693, #905 ) ;
#1296 = DIRECTION ( 'NONE',  ( -3.491481338843135327E-15, 1.000000000000000000, 0.000000000000000000 ) ) ;
#1297 = CARTESIAN_POINT ( 'NONE',  ( -2.932844324628232097E-15, 0.8400000000000000799, 0.000000000000000000 ) ) ;
#1298 = CIRCLE ( 'NONE', #1540, 0.06250000000000531519 ) ;
#1299 = CARTESIAN_POINT ( 'NONE',  ( -0.2335682736637393897, 0.08999999999999822031, -0.3973175643667803403 ) ) ;
#1300 = AXIS2_PLACEMENT_3D ( 'NONE', #468, #675, #1217 ) ;
#1301 = FACE_BOUND ( 'NONE', #2236, .T. ) ;
#1302 = CARTESIAN_POINT ( 'NONE',  ( 0.4344151918195220397, 0.8400000000000000799, 0.06923044929529310887 ) ) ;
#1303 = AXIS2_PLACEMENT_3D ( 'NONE', #2448, #84, #2256 ) ;
#1304 = DIRECTION ( 'NONE',  ( 1.000000000000000000, 3.491481338843134933E-15, 0.000000000000000000 ) ) ;
#1305 = AXIS2_PLACEMENT_3D ( 'NONE', #268, #118, #1052 ) ;
#1306 = CARTESIAN_POINT ( 'NONE',  ( 0.1264999999999970870, 0.8293933604811446481, 0.3287499999999999867 ) ) ;
#1307 = ORIENTED_EDGE ( 'NONE', *, *, #1593, .T. ) ;
#1308 = CARTESIAN_POINT ( 'NONE',  ( -0.1265000000000034985, 0.9900000000000003242, -0.07625000000000003997 ) ) ;
#1309 = CARTESIAN_POINT ( 'NONE',  ( -3.456566525454700917E-15, 0.9900000000000001021, 0.000000000000000000 ) ) ;
#1310 = DIRECTION ( 'NONE',  ( 3.491481338843135327E-15, -1.000000000000000000, 0.000000000000000000 ) ) ;
#1311 = EDGE_CURVE ( 'NONE', #1630, #760, #1003, .T. ) ;
#1312 = DIRECTION ( 'NONE',  ( 0.000000000000000000, 0.000000000000000000, -1.000000000000000000 ) ) ;
#1313 = EDGE_CURVE ( 'NONE', #1244, #1399, #56, .T. ) ;
#1314 = VERTEX_POINT ( 'NONE', #2465 ) ;
#1315 = EDGE_CURVE ( 'NONE', #1775, #2177, #439, .T. ) ;
#1316 = ORIENTED_EDGE ( 'NONE', *, *, #1572, .T. ) ;
#1317 = CARTESIAN_POINT ( 'NONE',  ( -0.1057436503811968048, 0.8399999999999996358, -0.4105866846115539537 ) ) ;
#1318 = ADVANCED_FACE ( 'NONE', ( #1617 ), #259, .T. ) ;
#1319 = VERTEX_POINT ( 'NONE', #849 ) ;
#1320 = DIRECTION ( 'NONE',  ( 3.491481338843134933E-15, -1.000000000000000000, 0.000000000000000000 ) ) ;
#1321 = CARTESIAN_POINT ( 'NONE',  ( -3.484498376165448524E-15, 0.9979999999999999982, 0.000000000000000000 ) ) ;
#1322 = CARTESIAN_POINT ( 'NONE',  ( -2.985216544710870105E-15, 0.8549999999999999822, 0.000000000000000000 ) ) ;
#1323 = CYLINDRICAL_SURFACE ( 'NONE', #605, 0.05000000000000000971 ) ;
#1324 = DIRECTION ( 'NONE',  ( -3.491481338843134933E-15, 1.000000000000000000, 0.000000000000000000 ) ) ;
#1325 = CARTESIAN_POINT ( 'NONE',  ( 0.1264999999999965596, 0.9798827236680244246, -0.3287499999999999867 ) ) ;
#1326 = ORIENTED_EDGE ( 'NONE', *, *, #2427, .T. ) ;
#1327 = ADVANCED_FACE ( 'NONE', ( #1841 ), #287, .F. ) ;
#1328 = ADVANCED_FACE ( 'NONE', ( #1289 ), #1481, .T. ) ;
#1329 = VERTEX_POINT ( 'NONE', #1041 ) ;
#1330 = CARTESIAN_POINT ( 'NONE',  ( 0.2651650429449551316, 0.08999999999999999667, -0.2651650429449555202 ) ) ;
#1331 = DIRECTION ( 'NONE',  ( 0.000000000000000000, -1.000000000000000000, 0.000000000000000000 ) ) ;
#1332 = LINE ( 'NONE', #2121, #1622 ) ;
#1333 = FACE_OUTER_BOUND ( 'NONE', #1768, .T. ) ;
#1334 = ORIENTED_EDGE ( 'NONE', *, *, #2469, .F. ) ;
#1335 = AXIS2_PLACEMENT_3D ( 'NONE', #1618, #58, #836 ) ;
#1336 = DIRECTION ( 'NONE',  ( 1.000000000000000000, 3.483352440916007185E-15, 0.000000000000000000 ) ) ;
#1337 = ORIENTED_EDGE ( 'NONE', *, *, #403, .T. ) ;
#1338 = AXIS2_PLACEMENT_3D ( 'NONE', #1290, #876, #72 ) ;
#1339 = ORIENTED_EDGE ( 'NONE', *, *, #702, .T. ) ;
#1340 = CIRCLE ( 'NONE', #2455, 0.5464999999999999858 ) ;
#1341 = VECTOR ( 'NONE', #2239, 39.37007874015748143 ) ;
#1342 = CIRCLE ( 'NONE', #236, 0.05000000000000000971 ) ;
#1343 = EDGE_LOOP ( 'NONE', ( #423, #83, #1645, #161 ) ) ;
#1344 = EDGE_CURVE ( 'NONE', #705, #304, #863, .T. ) ;
#1345 = DIRECTION ( 'NONE',  ( 0.000000000000000000, 0.000000000000000000, -1.000000000000000000 ) ) ;
#1346 = CARTESIAN_POINT ( 'NONE',  ( -0.1265000000000029712, 0.8399999999999996358, -0.07625000000000003997 ) ) ;
#1347 = DIRECTION ( 'NONE',  ( 3.491481338843135327E-15, -1.000000000000000000, 0.000000000000000000 ) ) ;
#1348 = CARTESIAN_POINT ( 'NONE',  ( -0.3287500000000022071, 0.9900000000000001021, -0.1265000000000034430 ) ) ;
#1349 = ORIENTED_EDGE ( 'NONE', *, *, #1496, .T. ) ;
#1350 = DIRECTION ( 'NONE',  ( -3.491481338843134933E-15, 1.000000000000000000, 0.000000000000000000 ) ) ;
#1351 = CARTESIAN_POINT ( 'NONE',  ( 0.1264999999999970870, 0.8293933604811446481, -0.3287499999999999867 ) ) ;
#1352 = ORIENTED_EDGE ( 'NONE', *, *, #1239, .T. ) ;
#1353 = ADVANCED_FACE ( 'NONE', ( #2075 ), #1071, .T. ) ;
#1354 = ORIENTED_EDGE ( 'NONE', *, *, #2103, .F. ) ;
#1355 = ORIENTED_EDGE ( 'NONE', *, *, #904, .F. ) ;
#1356 = DIRECTION ( 'NONE',  ( 1.000000000000000000, 3.480104495818906120E-15, 0.000000000000000000 ) ) ;
#1357 = CARTESIAN_POINT ( 'NONE',  ( -0.3722901791045949982, 0.8399999999999998579, 0.1264999999999969205 ) ) ;
#1358 = EDGE_CURVE ( 'NONE', #2516, #758, #108, .T. ) ;
#1359 = EDGE_CURVE ( 'NONE', #301, #198, #233, .T. ) ;
#1360 = CARTESIAN_POINT ( 'NONE',  ( 3.693554612633535330E-14, -10.57876085872868188, 0.000000000000000000 ) ) ;
#1361 = ORIENTED_EDGE ( 'NONE', *, *, #2498, .T. ) ;
#1362 = CARTESIAN_POINT ( 'NONE',  ( -0.06250000000001057487, 1.502999999999999892, 7.654042494671701724E-18 ) ) ;
#1363 = ORIENTED_EDGE ( 'NONE', *, *, #640, .T. ) ;
#1364 = CARTESIAN_POINT ( 'NONE',  ( -4.015203539669590342E-16, 0.1150000000000000050, 2.414671457353436957E-30 ) ) ;
#1365 = ORIENTED_EDGE ( 'NONE', *, *, #1473, .F. ) ;
#1366 =( BOUNDED_CURVE ( )  B_SPLINE_CURVE ( 3, ( #2359, #1357, #1741, #2532 ),
 .UNSPECIFIED., .F., .F. ) 
 B_SPLINE_CURVE_WITH_KNOTS ( ( 4, 4 ),
 ( 3.141592653589774464, 4.133282551767681667 ),
 .UNSPECIFIED. ) 
 CURVE ( )  GEOMETRIC_REPRESENTATION_ITEM ( )  RATIONAL_B_SPLINE_CURVE ( ( 1.000000000000000000, 0.9197113454673619959, 0.9197113454673619959, 1.000000000000000000 ) ) 
 REPRESENTATION_ITEM ( '' )  );
#1367 = ORIENTED_EDGE ( 'NONE', *, *, #702, .F. ) ;
#1368 = CARTESIAN_POINT ( 'NONE',  ( 0.03496184861157744517, 0.9155316381172057261, -0.4503945128941837517 ) ) ;
#1369 = CARTESIAN_POINT ( 'NONE',  ( 0.2335682736637389734, 0.08999999999999999667, 0.3973175643667803403 ) ) ;
#1370 = ORIENTED_EDGE ( 'NONE', *, *, #1703, .T. ) ;
#1371 = CARTESIAN_POINT ( 'NONE',  ( -0.3973175643667787860, 0.08999999999999783173, -0.2335682736637433310 ) ) ;
#1372 = ORIENTED_EDGE ( 'NONE', *, *, #1394, .T. ) ;
#1373 = AXIS2_PLACEMENT_3D ( 'NONE', #1727, #558, #1231 ) ;
#1374 = CARTESIAN_POINT ( 'NONE',  ( -3.142333204958814399E-16, 0.08999999999999999667, 0.000000000000000000 ) ) ;
#1375 = ORIENTED_EDGE ( 'NONE', *, *, #167, .F. ) ;
#1376 = AXIS2_PLACEMENT_3D ( 'NONE', #1157, #1522, #2310 ) ;
#1377 = EDGE_LOOP ( 'NONE', ( #1606, #1652, #1080, #2523, #1179, #1218, #2362, #607 ) ) ;
#1378 = AXIS2_PLACEMENT_3D ( 'NONE', #516, #130, #357 ) ;
#1379 = AXIS2_PLACEMENT_3D ( 'NONE', #2320, #1716, #1700 ) ;
#1380 = CARTESIAN_POINT ( 'NONE',  ( 0.2651650429449500246, 1.503039370078740333, -0.2651650429449555202 ) ) ;
#1381 = CARTESIAN_POINT ( 'NONE',  ( -0.4504828225734668901, 0.9154906998077259050, -0.03465562289852011646 ) ) ;
#1382 = VECTOR ( 'NONE', #211, 39.37007874015748143 ) ;
#1383 = DIRECTION ( 'NONE',  ( 3.491481338843135327E-15, -1.000000000000000000, -0.000000000000000000 ) ) ;
#1384 = ORIENTED_EDGE ( 'NONE', *, *, #2543, .T. ) ;
#1385 = CARTESIAN_POINT ( 'NONE',  ( -0.2651650429449606272, 1.503039370078740333, 0.2651650429449555202 ) ) ;
#1386 = ORIENTED_EDGE ( 'NONE', *, *, #2148, .F. ) ;
#1387 = EDGE_CURVE ( 'NONE', #1248, #2079, #687, .T. ) ;
#1388 = CARTESIAN_POINT ( 'NONE',  ( -3.142333204958787282E-16, 0.08999999999999999667, 0.000000000000000000 ) ) ;
#1389 = CYLINDRICAL_SURFACE ( 'NONE', #1173, 0.06250000000000452416 ) ;
#1390 = ORIENTED_EDGE ( 'NONE', *, *, #1686, .T. ) ;
#1391 = EDGE_CURVE ( 'NONE', #2273, #2388, #2250, .T. ) ;
#1392 = EDGE_LOOP ( 'NONE', ( #1057, #123 ) ) ;
#1393 = CARTESIAN_POINT ( 'NONE',  ( -2.985216544710870105E-15, 0.8549999999999999822, 0.000000000000000000 ) ) ;
#1394 = EDGE_CURVE ( 'NONE', #1715, #573, #2166, .T. ) ;
#1395 = CARTESIAN_POINT ( 'NONE',  ( 0.08042851999632102955, 0.9268021897739069370, -0.4265600556380438890 ) ) ;
#1396 = CARTESIAN_POINT ( 'NONE',  ( -0.4409848929696331687, 0.8368701033540562051, 0.05916348131133291471 ) ) ;
#1397 = ORIENTED_EDGE ( 'NONE', *, *, #1473, .T. ) ;
#1398 = CARTESIAN_POINT ( 'NONE',  ( -0.3995739940248990707, 0.09832454936501966447, -0.2363718540741476526 ) ) ;
#1399 = VERTEX_POINT ( 'NONE', #2476 ) ;
#1400 = CARTESIAN_POINT ( 'NONE',  ( 0.06923044929528837654, 0.8400000000000000799, 0.4344151918195251483 ) ) ;
#1401 = CARTESIAN_POINT ( 'NONE',  ( 0.4600404873486693136, 0.1150000000000000050, -0.2949999999999999845 ) ) ;
#1402 = VERTEX_POINT ( 'NONE', #2140 ) ;
#1403 = EDGE_LOOP ( 'NONE', ( #2468, #81 ) ) ;
#1404 = ADVANCED_FACE ( 'NONE', ( #2524, #1301 ), #757, .T. ) ;
#1405 = DIRECTION ( 'NONE',  ( 1.000000000000000000, 3.491481338843134144E-15, 0.000000000000000000 ) ) ;
#1406 = DIRECTION ( 'NONE',  ( 1.000000000000000000, 0.000000000000000000, 0.000000000000000000 ) ) ;
#1407 = CARTESIAN_POINT ( 'NONE',  ( -0.06923044929529428848, 0.8400000000000000799, -0.4344151918195251483 ) ) ;
#1408 = EDGE_LOOP ( 'NONE', ( #205, #1759 ) ) ;
#1409 = CARTESIAN_POINT ( 'NONE',  ( -0.4041683106577023676, 0.1149999999999986172, -0.2418335150825015878 ) ) ;
#1410 = ORIENTED_EDGE ( 'NONE', *, *, #430, .F. ) ;
#1411 = CARTESIAN_POINT ( 'NONE',  ( 0.06923044929528837654, 0.8400000000000000799, -0.4344151918195251483 ) ) ;
#1412 = DIRECTION ( 'NONE',  ( -1.000000000000000000, -3.487465523826613446E-15, 0.000000000000000000 ) ) ;
#1413 = AXIS2_PLACEMENT_3D ( 'NONE', #641, #629, #1036 ) ;
#1414 = CARTESIAN_POINT ( 'NONE',  ( -0.06923044929529428848, 0.8400000000000000799, 0.4344151918195251483 ) ) ;
#1415 = ORIENTED_EDGE ( 'NONE', *, *, #1864, .T. ) ;
#1416 =( GEOMETRIC_REPRESENTATION_CONTEXT ( 3 ) GLOBAL_UNCERTAINTY_ASSIGNED_CONTEXT ( ( #2169 ) ) GLOBAL_UNIT_ASSIGNED_CONTEXT ( ( #2302, #160, #1149 ) ) REPRESENTATION_CONTEXT ( 'NONE', 'WORKASPACE' ) );
#1417 = LINE ( 'NONE', #418, #155 ) ;
#1418 = EDGE_CURVE ( 'NONE', #90, #659, #382, .T. ) ;
#1419 = AXIS2_PLACEMENT_3D ( 'NONE', #1208, #843, #1600 ) ;
#1420 = SURFACE_STYLE_FILL_AREA ( #1859 ) ;
#1421 = STYLED_ITEM ( 'NONE', ( #1651 ), #1998 ) ;
#1422 = AXIS2_PLACEMENT_3D ( 'NONE', #1529, #1200, #591 ) ;
#1423 = CARTESIAN_POINT ( 'NONE',  ( -2.932844324628232097E-15, 0.8400000000000000799, 0.000000000000000000 ) ) ;
#1424 = ORIENTED_EDGE ( 'NONE', *, *, #1156, .F. ) ;
#1425 = AXIS2_PLACEMENT_3D ( 'NONE', #1144, #944, #526 ) ;
#1426 = CARTESIAN_POINT ( 'NONE',  ( 0.06250000000000183187, 0.9980000000000002203, 7.654042494671609280E-18 ) ) ;
#1427 = ORIENTED_EDGE ( 'NONE', *, *, #1143, .F. ) ;
#1428 = EDGE_CURVE ( 'NONE', #198, #543, #1922, .T. ) ;
#1429 = DIRECTION ( 'NONE',  ( 1.000000000000000000, 3.491481338843134933E-15, 0.000000000000000000 ) ) ;
#1430 = DIRECTION ( 'NONE',  ( -3.491481338843135327E-15, 1.000000000000000000, -0.000000000000000000 ) ) ;
#1431 = DIRECTION ( 'NONE',  ( -1.063339166174360142E-14, -4.429074014815411476E-29, 1.000000000000000000 ) ) ;
#1432 = EDGE_CURVE ( 'NONE', #2155, #53, #2494, .T. ) ;
#1433 = ORIENTED_EDGE ( 'NONE', *, *, #1923, .F. ) ;
#1434 = CARTESIAN_POINT ( 'NONE',  ( -0.1252038399624409437, 0.9900000000000001021, -0.3107233471412516046 ) ) ;
#1435 = DIRECTION ( 'NONE',  ( -1.000000000000000000, -3.491481338843137300E-15, 0.000000000000000000 ) ) ;
#1436 = VERTEX_POINT ( 'NONE', #140 ) ;
#1437 = DIRECTION ( 'NONE',  ( 3.491481338843124678E-15, -1.000000000000000000, -7.604884873907215524E-30 ) ) ;
#1438 = EDGE_CURVE ( 'NONE', #1530, #347, #1188, .T. ) ;
#1439 = EDGE_CURVE ( 'NONE', #2433, #2, #150, .T. ) ;
#1440 = ORIENTED_EDGE ( 'NONE', *, *, #2382, .F. ) ;
#1441 = CARTESIAN_POINT ( 'NONE',  ( 0.1264999999999970592, 0.8400000000000004130, 0.3287499999999999867 ) ) ;
#1442 = CARTESIAN_POINT ( 'NONE',  ( -0.3287500000000048161, 0.9789904942420136758, 0.1264999999999965596 ) ) ;
#1443 = PRODUCT_DEFINITION_CONTEXT ( 'detailed design', #1898, 'design' ) ;
#1444 = CARTESIAN_POINT ( 'NONE',  ( 3.693554612633535330E-14, -10.57876085872868188, 0.000000000000000000 ) ) ;
#1445 = EDGE_LOOP ( 'NONE', ( #951, #1352, #1472, #1609, #2126, #1581, #2315, #1871 ) ) ;
#1446 = DIRECTION ( 'NONE',  ( 1.000000000000000000, 3.483352440916007185E-15, 0.000000000000000000 ) ) ;
#1447 = CARTESIAN_POINT ( 'NONE',  ( 0.4764999999999971481, 0.8166364144543364345, 0.000000000000000000 ) ) ;
#1448 =( BOUNDED_SURFACE ( )  B_SPLINE_SURFACE ( 3, 1, ( 
 ( #1351, #1325 ),
 ( #336, #370 ),
 ( #1746, #2486 ),
 ( #131, #1516 ) ),
 .UNSPECIFIED., .F., .F., .F. ) 
 B_SPLINE_SURFACE_WITH_KNOTS ( ( 4, 4 ),
 ( 2, 2 ),
 ( 0.000000000000000000, 1.000000000000000000 ),
 ( 0.000000000000000000, 1.000000000000000000 ),
 .UNSPECIFIED. ) 
 GEOMETRIC_REPRESENTATION_ITEM ( )  RATIONAL_B_SPLINE_SURFACE ( (
 ( 1.000000000000000000, 1.000000000000000000),
 ( 0.3333333333333333703, 0.3333333333333333703),
 ( 0.3333333333333333703, 0.3333333333333333703),
 ( 1.000000000000000000, 1.000000000000000000) ) ) 
 REPRESENTATION_ITEM ( '' )  SURFACE ( )  );
#1449 = CARTESIAN_POINT ( 'NONE',  ( 0.06419540046155762514, 0.8384345651558655632, -0.4377010636099714080 ) ) ;
#1450 = ORIENTED_EDGE ( 'NONE', *, *, #889, .F. ) ;
#1451 = DIRECTION ( 'NONE',  ( -3.491481338843124678E-15, 1.000000000000000000, 7.888609052210119455E-30 ) ) ;
#1452 = ORIENTED_EDGE ( 'NONE', *, *, #1022, .T. ) ;
#1453 = ADVANCED_FACE ( 'NONE', ( #2312, #170, #1134, #549, #2327 ), #1916, .F. ) ;
#1454 = DIRECTION ( 'NONE',  ( 3.491481338843134933E-15, -1.000000000000000000, 0.000000000000000000 ) ) ;
#1455 = CARTESIAN_POINT ( 'NONE',  ( 0.06250000000000499600, 0.09000000000000021871, 7.654042494671801873E-18 ) ) ;
#1456 = FACE_OUTER_BOUND ( 'NONE', #2402, .T. ) ;
#1457 = ORIENTED_EDGE ( 'NONE', *, *, #1692, .F. ) ;
#1458 = DIRECTION ( 'NONE',  ( 3.491481338843120339E-15, -1.000000000000000000, 0.000000000000000000 ) ) ;
#1459 = AXIS2_PLACEMENT_3D ( 'NONE', #2204, #2181, #442 ) ;
#1460 = ORIENTED_EDGE ( 'NONE', *, *, #1010, .F. ) ;
#1461 = AXIS2_PLACEMENT_3D ( 'NONE', #1650, #1035, #2043 ) ;
#1462 = CARTESIAN_POINT ( 'NONE',  ( 3.693554612633535330E-14, -10.57876085872868188, 0.000000000000000000 ) ) ;
#1463 = ORIENTED_EDGE ( 'NONE', *, *, #1270, .T. ) ;
#1464 = CIRCLE ( 'NONE', #2125, 0.3725226829615011503 ) ;
#1465 = DIRECTION ( 'NONE',  ( 3.491481338843134933E-15, -1.000000000000000000, 0.000000000000000000 ) ) ;
#1466 = CIRCLE ( 'NONE', #1915, 0.3725226829615011503 ) ;
#1467 = AXIS2_PLACEMENT_3D ( 'NONE', #331, #1728, #2334 ) ;
#1468 = CARTESIAN_POINT ( 'NONE',  ( -0.2651650429449551316, -9.258187991558503420E-16, -0.2651650429449555202 ) ) ;
#1469 = CARTESIAN_POINT ( 'NONE',  ( -0.4028030688324449882, 0.9384672156945860211, 0.1037939916033227827 ) ) ;
#1470 = EDGE_CURVE ( 'NONE', #2343, #395, #2537, .T. ) ;
#1471 = CARTESIAN_POINT ( 'NONE',  ( -0.05925535510009125734, 0.9200946445558146891, 0.4406293658824873005 ) ) ;
#1472 = ORIENTED_EDGE ( 'NONE', *, *, #2333, .F. ) ;
#1473 = EDGE_CURVE ( 'NONE', #2273, #1844, #1610, .T. ) ;
#1474 = DIRECTION ( 'NONE',  ( 1.000000000000000000, 3.669646558653488400E-15, 0.000000000000000000 ) ) ;
#1475 = CARTESIAN_POINT ( 'NONE',  ( -4.015203539669606120E-16, 0.1149999999999980344, 0.000000000000000000 ) ) ;
#1476 = ORIENTED_EDGE ( 'NONE', *, *, #1923, .T. ) ;
#1477 = CARTESIAN_POINT ( 'NONE',  ( -0.6875226829615019852, 0.1149999999999976458, -7.201417852774329704E-15 ) ) ;
#1478 = ORIENTED_EDGE ( 'NONE', *, *, #363, .T. ) ;
#1479 = LINE ( 'NONE', #2446, #2409 ) ;
#1480 = CARTESIAN_POINT ( 'NONE',  ( 7.764378988395787108E-30, -2.185478394931409391E-15, 0.000000000000000000 ) ) ;
#1481 = PLANE ( 'NONE',  #1181 ) ;
#1482 = DIRECTION ( 'NONE',  ( 1.000000000000000000, 3.491481338843136116E-15, 0.000000000000000000 ) ) ;
#1483 = ORIENTED_EDGE ( 'NONE', *, *, #2148, .T. ) ;
#1484 = DIRECTION ( 'NONE',  ( 3.491481338843135327E-15, -1.000000000000000000, 0.000000000000000000 ) ) ;
#1485 = CARTESIAN_POINT ( 'NONE',  ( -0.2151650429449606106, 1.503039370078740555, 0.2651650429449555202 ) ) ;
#1486 = ORIENTED_EDGE ( 'NONE', *, *, #1252, .T. ) ;
#1487 = CARTESIAN_POINT ( 'NONE',  ( 0.3226849731686265987, 0.9826035367454185598, 0.1265000000000011393 ) ) ;
#1488 = DIRECTION ( 'NONE',  ( -3.491481338843135327E-15, 1.000000000000000000, 0.000000000000000000 ) ) ;
#1489 = DIRECTION ( 'NONE',  ( 1.000000000000000000, 5.463695987328525648E-15, 0.000000000000000000 ) ) ;
#1490 = CARTESIAN_POINT ( 'NONE',  ( -3.142333204958814399E-16, 0.08999999999999999667, 0.000000000000000000 ) ) ;
#1491 = CARTESIAN_POINT ( 'NONE',  ( 0.3973175643667810619, 0.08999999999999999667, -0.2335682736637378354 ) ) ;
#1492 = PLANE ( 'NONE',  #1979 ) ;
#1493 = LINE ( 'NONE', #1485, #143 ) ;
#1494 = VERTEX_POINT ( 'NONE', #159 ) ;
#1495 = CIRCLE ( 'NONE', #515, 0.3725226829615010393 ) ;
#1496 = EDGE_CURVE ( 'NONE', #620, #2517, #1466, .T. ) ;
#1497 = DIRECTION ( 'NONE',  ( 3.491481338843135327E-15, -1.000000000000000000, 0.000000000000000000 ) ) ;
#1498 = CARTESIAN_POINT ( 'NONE',  ( -0.1265000000000034153, 0.9789904942420144529, -0.3287499999999999867 ) ) ;
#1499 = CIRCLE ( 'NONE', #2085, 0.3349999999999999645 ) ;
#1500 = EDGE_CURVE ( 'NONE', #304, #1028, #805, .T. ) ;
#1501 = CIRCLE ( 'NONE', #561, 0.06250000000000531519 ) ;
#1502 = CARTESIAN_POINT ( 'NONE',  ( 0.4709941319773090496, 0.1150000000000016426, 5.768014561431980292E-17 ) ) ;
#1503 = VECTOR ( 'NONE', #1060, 39.37007874015748143 ) ;
#1504 = CARTESIAN_POINT ( 'NONE',  ( 9.705473735494725127E-30, -3.551402391763543170E-15, 0.000000000000000000 ) ) ;
#1505 = CARTESIAN_POINT ( 'NONE',  ( 0.4457337070259681511, 0.8346563412142059546, 0.04795300687425200353 ) ) ;
#1506 = ADVANCED_FACE ( 'NONE', ( #2278 ), #2091, .T. ) ;
#1507 = VERTEX_POINT ( 'NONE', #1900 ) ;
#1508 = CARTESIAN_POINT ( 'NONE',  ( 0.04799864132373792697, 0.8344428097503548969, 0.4461862206519799923 ) ) ;
#1509 = ORIENTED_EDGE ( 'NONE', *, *, #254, .T. ) ;
#1510 = DIRECTION ( 'NONE',  ( 0.000000000000000000, -1.000000000000000000, 0.000000000000000000 ) ) ;
#1511 = DIRECTION ( 'NONE',  ( 3.491481338843135327E-15, -1.000000000000000000, 0.000000000000000000 ) ) ;
#1512 = CYLINDRICAL_SURFACE ( 'NONE', #1873, 0.4765000000000000346 ) ;
#1513 = CARTESIAN_POINT ( 'NONE',  ( 0.4246509276977881719, 1.482660789579247993E-15, -0.2639537641432842530 ) ) ;
#1514 = CARTESIAN_POINT ( 'NONE',  ( -0.4406264535916615821, 0.8370538583149211842, -0.05893192164895818402 ) ) ;
#1515 = EDGE_CURVE ( 'NONE', #1639, #1857, #2348, .T. ) ;
#1516 = CARTESIAN_POINT ( 'NONE',  ( -0.1265000000000034430, 0.9798827236680236474, -0.3287499999999999867 ) ) ;
#1517 = ORIENTED_EDGE ( 'NONE', *, *, #261, .T. ) ;
#1518 = ORIENTED_EDGE ( 'NONE', *, *, #1016, .T. ) ;
#1519 = CARTESIAN_POINT ( 'NONE',  ( 0.2151650429449551150, 0.08999999999999983014, 0.2651650429449555202 ) ) ;
#1520 = CARTESIAN_POINT ( 'NONE',  ( 0.2151650429449555035, 7.512447322136934770E-16, -0.2651650429449555202 ) ) ;
#1521 = DIRECTION ( 'NONE',  ( -3.491481338843135327E-15, 1.000000000000000000, 0.000000000000000000 ) ) ;
#1522 = DIRECTION ( 'NONE',  ( 3.491481338843135327E-15, -1.000000000000000000, 0.000000000000000000 ) ) ;
#1523 = CARTESIAN_POINT ( 'NONE',  ( -2.985216544710870105E-15, 0.8549999999999999822, 0.000000000000000000 ) ) ;
#1524 = CARTESIAN_POINT ( 'NONE',  ( -0.4514312503119357056, 0.8320067331931207955, -0.03048347212149874960 ) ) ;
#1525 = CARTESIAN_POINT ( 'NONE',  ( 0.1264999999999970592, 0.8400000000000004130, -0.3287499999999999867 ) ) ;
#1526 = VERTEX_POINT ( 'NONE', #2351 ) ;
#1527 =( BOUNDED_SURFACE ( )  B_SPLINE_SURFACE ( 3, 1, ( 
 ( #535, #1128 ),
 ( #1776, #2211 ),
 ( #446, #50 ),
 ( #801, #241 ) ),
 .UNSPECIFIED., .F., .F., .F. ) 
 B_SPLINE_SURFACE_WITH_KNOTS ( ( 4, 4 ),
 ( 2, 2 ),
 ( 0.000000000000000000, 1.000000000000000000 ),
 ( 0.000000000000000000, 1.000000000000000000 ),
 .UNSPECIFIED. ) 
 GEOMETRIC_REPRESENTATION_ITEM ( )  RATIONAL_B_SPLINE_SURFACE ( (
 ( 1.000000000000000000, 1.000000000000000000),
 ( 0.3333333333333332038, 0.3333333333333332038),
 ( 0.3333333333333332038, 0.3333333333333332038),
 ( 1.000000000000000000, 1.000000000000000000) ) ) 
 REPRESENTATION_ITEM ( '' )  SURFACE ( )  );
#1528 = EDGE_CURVE ( 'NONE', #795, #1805, #992, .T. ) ;
#1529 = CARTESIAN_POINT ( 'NONE',  ( 0.000000000000000000, 0.7940000000000000391, 0.000000000000000000 ) ) ;
#1530 = VERTEX_POINT ( 'NONE', #1971 ) ;
#1531 = PLANE ( 'NONE',  #2488 ) ;
#1532 = CARTESIAN_POINT ( 'NONE',  ( 0.4246509276977866176, 1.482660789579244048E-15, 0.2639537641432874171 ) ) ;
#1533 = CARTESIAN_POINT ( 'NONE',  ( 0.1264999999999965874, 0.9789904942420153411, -0.3287500000000000977 ) ) ;
#1534 = VECTOR ( 'NONE', #830, 39.37007874015748143 ) ;
#1535 = CARTESIAN_POINT ( 'NONE',  ( 3.693554612633535330E-14, -10.57876085872868188, 0.000000000000000000 ) ) ;
#1536 = ORIENTED_EDGE ( 'NONE', *, *, #566, .F. ) ;
#1537 = CARTESIAN_POINT ( 'NONE',  ( -0.4377022189934419716, 0.8384340147151752021, -0.06419363002968031529 ) ) ;
#1538 = CARTESIAN_POINT ( 'NONE',  ( 0.1264999999999965874, 0.9789904942420153411, -0.3287500000000000977 ) ) ;
#1539 = ORIENTED_EDGE ( 'NONE', *, *, #1966, .F. ) ;
#1540 = AXIS2_PLACEMENT_3D ( 'NONE', #492, #2022, #2063 ) ;
#1541 = AXIS2_PLACEMENT_3D ( 'NONE', #1444, #2244, #827 ) ;
#1542 = ORIENTED_EDGE ( 'NONE', *, *, #1735, .T. ) ;
#1543 = CIRCLE ( 'NONE', #1875, 0.4398970493117945191 ) ;
#1544 = EDGE_CURVE ( 'NONE', #952, #454, #2326, .T. ) ;
#1545 = AXIS2_PLACEMENT_3D ( 'NONE', #1189, #1558, #1760 ) ;
#1546 = B_SPLINE_CURVE_WITH_KNOTS ( 'NONE', 3,
 ( #1938, #201, #1947, #1571 ),
 .UNSPECIFIED., .F., .F.,
 ( 4, 4 ),
 ( 2.164744372238603594E-07, 0.003156496319196727598 ),
 .UNSPECIFIED. ) ;
#1547 = AXIS2_PLACEMENT_3D ( 'NONE', #695, #706, #305 ) ;
#1548 = EDGE_LOOP ( 'NONE', ( #506, #2068, #551, #788 ) ) ;
#1549 = EDGE_CURVE ( 'NONE', #1857, #222, #1110, .T. ) ;
#1550 = EDGE_CURVE ( 'NONE', #371, #2318, #1054, .T. ) ;
#1551 = LINE ( 'NONE', #907, #1586 ) ;
#1552 = CARTESIAN_POINT ( 'NONE',  ( -0.4211041804491698626, 0.9294433626379415836, -0.08665178484953076077 ) ) ;
#1553 = CARTESIAN_POINT ( 'NONE',  ( 0.4266962584133737191, 0.9267364388044037060, 0.08026367206226665829 ) ) ;
#1554 = EDGE_LOOP ( 'NONE', ( #98, #815 ) ) ;
#1555 = CARTESIAN_POINT ( 'NONE',  ( 0.3287499999999964340, 0.8400000000000000799, 0.1265000000000011393 ) ) ;
#1556 = CARTESIAN_POINT ( 'NONE',  ( 0.1252038399624340326, 0.9900000000000001021, 0.3107233471412516046 ) ) ;
#1557 = ORIENTED_EDGE ( 'NONE', *, *, #403, .F. ) ;
#1558 = DIRECTION ( 'NONE',  ( 0.000000000000000000, -1.000000000000000000, 0.000000000000000000 ) ) ;
#1559 = B_SPLINE_CURVE_WITH_KNOTS ( 'NONE', 3,
 ( #127, #295, #1079, #1668, #1245, #1273, #1680, #2072, #1861, #858, #1090, #1653, #1449, #2473 ),
 .UNSPECIFIED., .F., .F.,
 ( 4, 2, 2, 2, 2, 2, 4 ),
 ( 1.422744275024847482E-17, 0.0009438331107733995010, 0.001887666221546785341, 0.002359582776933478315, 0.002831499332320171723, 0.003303415887706865565, 0.003775332443093558973 ),
 .UNSPECIFIED. ) ;
#1560 = VERTEX_POINT ( 'NONE', #1362 ) ;
#1561 = EDGE_LOOP ( 'NONE', ( #1410, #785 ) ) ;
#1562 = DIRECTION ( 'NONE',  ( 3.491481338843135327E-15, -1.000000000000000000, 0.000000000000000000 ) ) ;
#1563 = CARTESIAN_POINT ( 'NONE',  ( -0.6875226829615019852, 0.1149999999999976458, -7.201417852774329704E-15 ) ) ;
#1564 = ORIENTED_EDGE ( 'NONE', *, *, #714, .F. ) ;
#1565 = DIRECTION ( 'NONE',  ( 1.000000000000000000, 5.463695987328525648E-15, 0.000000000000000000 ) ) ;
#1566 = ORIENTED_EDGE ( 'NONE', *, *, #1968, .T. ) ;
#1567 = CARTESIAN_POINT ( 'NONE',  ( -3.142333204958787282E-16, 0.08999999999999999667, 0.000000000000000000 ) ) ;
#1568 = ORIENTED_EDGE ( 'NONE', *, *, #2300, .F. ) ;
#1569 = ORIENTED_EDGE ( 'NONE', *, *, #2053, .T. ) ;
#1570 = DIRECTION ( 'NONE',  ( 3.491481338843135327E-15, -1.000000000000000000, 0.000000000000000000 ) ) ;
#1571 = CARTESIAN_POINT ( 'NONE',  ( 0.2949999999999999845, 0.1150000000000000050, 0.4600404873486684809 ) ) ;
#1572 = EDGE_CURVE ( 'NONE', #2356, #2202, #2492, .T. ) ;
#1573 = PLANE ( 'NONE',  #648 ) ;
#1574 = ORIENTED_EDGE ( 'NONE', *, *, #338, .T. ) ;
#1575 = CARTESIAN_POINT ( 'NONE',  ( -0.2949999999999999845, 0.1149999999999970490, -0.4600404873486684809 ) ) ;
#1576 = ADVANCED_FACE ( 'NONE', ( #606, #216 ), #820, .T. ) ;
#1577 = ORIENTED_EDGE ( 'NONE', *, *, #903, .F. ) ;
#1578 = AXIS2_PLACEMENT_3D ( 'NONE', #253, #2060, #293 ) ;
#1579 = DIRECTION ( 'NONE',  ( -3.491481338843125072E-15, 1.000000000000000000, -7.888609052210119455E-30 ) ) ;
#1580 = DIRECTION ( 'NONE',  ( 1.000000000000000000, 3.414809992080328333E-15, 0.000000000000000000 ) ) ;
#1581 = ORIENTED_EDGE ( 'NONE', *, *, #2364, .F. ) ;
#1582 = CIRCLE ( 'NONE', #2205, 0.5464999999999999858 ) ;
#1583 = ORIENTED_EDGE ( 'NONE', *, *, #1656, .T. ) ;
#1584 = AXIS2_PLACEMENT_3D ( 'NONE', #1364, #1579, #1594 ) ;
#1585 = EDGE_CURVE ( 'NONE', #1940, #2508, #961, .T. ) ;
#1586 = VECTOR ( 'NONE', #1331, 39.37007874015748143 ) ;
#1587 = DIRECTION ( 'NONE',  ( 0.000000000000000000, 0.000000000000000000, -1.000000000000000000 ) ) ;
#1588 = CARTESIAN_POINT ( 'NONE',  ( 0.1124499828705197574, 0.9456461632040069620, -0.3886655824184477304 ) ) ;
#1589 = FACE_OUTER_BOUND ( 'NONE', #966, .T. ) ;
#1590 = ORIENTED_EDGE ( 'NONE', *, *, #1976, .T. ) ;
#1591 = CARTESIAN_POINT ( 'NONE',  ( 0.4344151918195220397, 0.8400000000000000799, 0.06923044929529310887 ) ) ;
#1592 = ORIENTED_EDGE ( 'NONE', *, *, #1585, .F. ) ;
#1593 = EDGE_CURVE ( 'NONE', #61, #409, #984, .T. ) ;
#1594 = DIRECTION ( 'NONE',  ( 1.000000000000000000, 3.480104495818906120E-15, -1.776356839400250465E-15 ) ) ;
#1595 = FACE_OUTER_BOUND ( 'NONE', #1392, .T. ) ;
#1596 = ORIENTED_EDGE ( 'NONE', *, *, #2053, .F. ) ;
#1597 = ORIENTED_EDGE ( 'NONE', *, *, #1125, .T. ) ;
#1598 = CARTESIAN_POINT ( 'NONE',  ( -0.2418335150824980351, 0.1150000000000000050, -0.4041683106577046991 ) ) ;
#1599 =( NAMED_UNIT ( * ) PLANE_ANGLE_UNIT ( ) SI_UNIT ( $, .RADIAN. ) );
#1600 = DIRECTION ( 'NONE',  ( 1.000000000000000000, 3.483352440916007185E-15, 0.000000000000000000 ) ) ;
#1601 = VERTEX_POINT ( 'NONE', #422 ) ;
#1602 = DIRECTION ( 'NONE',  ( -3.491481338843134933E-15, 1.000000000000000000, 0.000000000000000000 ) ) ;
#1603 = VERTEX_POINT ( 'NONE', #1575 ) ;
#1604 = DIRECTION ( 'NONE',  ( -1.000000000000000000, -3.491481338843120339E-15, 0.000000000000000000 ) ) ;
#1605 = CARTESIAN_POINT ( 'NONE',  ( 0.06250000000000006939, 1.503000000000000336, 0.000000000000000000 ) ) ;
#1606 = ORIENTED_EDGE ( 'NONE', *, *, #1438, .F. ) ;
#1607 = EDGE_CURVE ( 'NONE', #2305, #1526, #2248, .T. ) ;
#1608 = CARTESIAN_POINT ( 'NONE',  ( -0.1265000000000029434, 0.8399999999999996358, 0.3722901791045901687 ) ) ;
#1609 = ORIENTED_EDGE ( 'NONE', *, *, #2130, .F. ) ;
#1610 = B_SPLINE_CURVE_WITH_KNOTS ( 'NONE', 3,
 ( #121, #737, #2292, #346 ),
 .UNSPECIFIED., .F., .F.,
 ( 4, 4 ),
 ( 2.157830518171888998E-07, 0.003156495627811320339 ),
 .UNSPECIFIED. ) ;
#1611 = DIRECTION ( 'NONE',  ( 3.491481338843135327E-15, -1.000000000000000000, 0.000000000000000000 ) ) ;
#1612 = CARTESIAN_POINT ( 'NONE',  ( -0.4531525015320330696, 0.8312072668476596649, 0.02474610340135200218 ) ) ;
#1613 = ORIENTED_EDGE ( 'NONE', *, *, #2167, .F. ) ;
#1614 = CARTESIAN_POINT ( 'NONE',  ( -0.3437613414807507706, 0.1150000000000000050, -3.600708926387164852E-15 ) ) ;
#1615 = ORIENTED_EDGE ( 'NONE', *, *, #1515, .T. ) ;
#1616 = ADVANCED_FACE ( 'NONE', ( #1982 ), #1955, .F. ) ;
#1617 = FACE_OUTER_BOUND ( 'NONE', #1787, .T. ) ;
#1618 = CARTESIAN_POINT ( 'NONE',  ( -3.728902069884472040E-15, 1.068000000000000060, 0.000000000000000000 ) ) ;
#1619 = AXIS2_PLACEMENT_3D ( 'NONE', #1330, #2262, #1106 ) ;
#1620 = CARTESIAN_POINT ( 'NONE',  ( -0.6875226829615019852, -2.400472617591440474E-15, -7.201417852774329704E-15 ) ) ;
#1621 = VERTEX_POINT ( 'NONE', #229 ) ;
#1622 = VECTOR ( 'NONE', #354, 39.37007874015748143 ) ;
#1623 = CARTESIAN_POINT ( 'NONE',  ( 0.4765000000000369496, -10.57876085872868011, 0.000000000000000000 ) ) ;
#1624 = AXIS2_PLACEMENT_3D ( 'NONE', #778, #1562, #405 ) ;
#1625 = ADVANCED_FACE ( 'NONE', ( #974 ), #2151, .F. ) ;
#1626 = EDGE_CURVE ( 'NONE', #636, #1850, #1582, .T. ) ;
#1627 = CARTESIAN_POINT ( 'NONE',  ( -0.3287500000000022071, 0.9789904942420136758, -0.1265000000000034430 ) ) ;
#1628 = AXIS2_PLACEMENT_3D ( 'NONE', #2065, #1249, #2216 ) ;
#1629 = CARTESIAN_POINT ( 'NONE',  ( 0.4351043815756487909, 0.02624040223245443365, 5.328491881916070085E-17 ) ) ;
#1630 = VERTEX_POINT ( 'NONE', #998 ) ;
#1631 = CARTESIAN_POINT ( 'NONE',  ( 0.2151650429449499802, 1.503039370078739889, 0.2651650429449555202 ) ) ;
#1632 = EDGE_LOOP ( 'NONE', ( #2032, #1284 ) ) ;
#1633 = DIRECTION ( 'NONE',  ( 1.000000000000000000, 3.491481338843134144E-15, 0.000000000000000000 ) ) ;
#1634 = DIRECTION ( 'NONE',  ( 0.000000000000000000, -1.000000000000000000, 0.000000000000000000 ) ) ;
#1635 = CARTESIAN_POINT ( 'NONE',  ( -0.1265000000000034153, 0.9789904942420144529, -0.3287499999999999867 ) ) ;
#1636 = ORIENTED_EDGE ( 'NONE', *, *, #1387, .F. ) ;
#1637 = DIRECTION ( 'NONE',  ( -3.491481338843134933E-15, 1.000000000000000000, 0.000000000000000000 ) ) ;
#1638 = DIRECTION ( 'NONE',  ( 3.491481338843135327E-15, -1.000000000000000000, 0.000000000000000000 ) ) ;
#1639 = VERTEX_POINT ( 'NONE', #1591 ) ;
#1640 = ADVANCED_FACE ( 'NONE', ( #619 ), #1170, .F. ) ;
#1641 = CARTESIAN_POINT ( 'NONE',  ( 0.3973175643667810619, 0.08999999999999999667, -0.2335682736637378354 ) ) ;
#1642 = EDGE_LOOP ( 'NONE', ( #23, #65, #1762, #1349 ) ) ;
#1643 = CARTESIAN_POINT ( 'NONE',  ( -0.6875226829615019852, 0.08999999999999665212, -7.201417852774329704E-15 ) ) ;
#1644 =( BOUNDED_CURVE ( )  B_SPLINE_CURVE ( 3, ( #2357, #583, #2157, #389 ),
 .UNSPECIFIED., .F., .F. ) 
 B_SPLINE_CURVE_WITH_KNOTS ( ( 4, 4 ),
 ( 0.000000000000000000, 3.141592653589774464 ),
 .UNSPECIFIED. ) 
 CURVE ( )  GEOMETRIC_REPRESENTATION_ITEM ( )  RATIONAL_B_SPLINE_CURVE ( ( 1.000000000000000000, 0.3333333333333395876, 0.3333333333333395876, 1.000000000000000000 ) ) 
 REPRESENTATION_ITEM ( '' )  );
#1645 = ORIENTED_EDGE ( 'NONE', *, *, #530, .T. ) ;
#1646 = DIRECTION ( 'NONE',  ( 3.491481338843125072E-15, -1.000000000000000000, -7.888609052210119455E-30 ) ) ;
#1647 = CARTESIAN_POINT ( 'NONE',  ( 0.1037111100216530774, 0.9384049598376178469, 0.4029263996032557693 ) ) ;
#1648 = B_SPLINE_CURVE_WITH_KNOTS ( 'NONE', 3,
 ( #1887, #1487, #489, #2253 ),
 .UNSPECIFIED., .F., .F.,
 ( 4, 4 ),
 ( 0.01128487440222955378, 0.01182222865384972323 ),
 .UNSPECIFIED. ) ;
#1649 = VERTEX_POINT ( 'NONE', #885 ) ;
#1650 = CARTESIAN_POINT ( 'NONE',  ( -4.015203539669590342E-16, 0.1150000000000000050, -2.337798115674539707E-30 ) ) ;
#1651 = PRESENTATION_STYLE_ASSIGNMENT (( #868 ) ) ;
#1652 = ORIENTED_EDGE ( 'NONE', *, *, #791, .T. ) ;
#1653 = CARTESIAN_POINT ( 'NONE',  ( 0.05893561976196920460, 0.8370548293270589912, -0.4406243965322433898 ) ) ;
#1654 = VERTEX_POINT ( 'NONE', #1228 ) ;
#1655 = DIRECTION ( 'NONE',  ( 3.491481338843135327E-15, -1.000000000000000000, 0.000000000000000000 ) ) ;
#1656 = EDGE_CURVE ( 'NONE', #2343, #1761, #1479, .T. ) ;
#1657 = CARTESIAN_POINT ( 'NONE',  ( -0.1265000000000029434, 0.8399999999999996358, 0.3287499999999999867 ) ) ;
#1658 = EDGE_CURVE ( 'NONE', #2314, #1940, #1138, .T. ) ;
#1659 = CARTESIAN_POINT ( 'NONE',  ( 0.000000000000000000, 0.2000000000000000111, 0.000000000000000000 ) ) ;
#1660 = DIRECTION ( 'NONE',  ( -0.8429222095775845691, -0.5380354529218707160, 1.032281985889405685E-16 ) ) ;
#1661 = ORIENTED_EDGE ( 'NONE', *, *, #779, .T. ) ;
#1662 = ADVANCED_FACE ( 'NONE', ( #1081 ), #2010, .T. ) ;
#1663 = DIRECTION ( 'NONE',  ( 1.000000000000000000, 5.463695987328525648E-15, 0.000000000000000000 ) ) ;
#1664 = CARTESIAN_POINT ( 'NONE',  ( -0.1174999999999666311, -10.57876085872868188, 1.438959988998183671E-17 ) ) ;
#1665 = EDGE_LOOP ( 'NONE', ( #1172, #192 ) ) ;
#1666 = CIRCLE ( 'NONE', #886, 0.4765000000000000346 ) ;
#1667 = AXIS2_PLACEMENT_3D ( 'NONE', #817, #2392, #617 ) ;
#1668 = CARTESIAN_POINT ( 'NONE',  ( -0.02472934784349272233, 0.8312055404256294411, -0.4531562394246388403 ) ) ;
#1669 = ORIENTED_EDGE ( 'NONE', *, *, #2416, .T. ) ;
#1670 = CIRCLE ( 'NONE', #925, 0.4398970493117945191 ) ;
#1671 = CARTESIAN_POINT ( 'NONE',  ( 0.4270596521224652720, 0.9265060975496595130, -0.08109061265300288035 ) ) ;
#1672 = AXIS2_PLACEMENT_3D ( 'NONE', #1120, #1148, #948 ) ;
#1673 = CARTESIAN_POINT ( 'NONE',  ( -3.142333204958787282E-16, 0.08999999999999999667, 0.000000000000000000 ) ) ;
#1674 = CARTESIAN_POINT ( 'NONE',  ( 0.000000000000000000, 0.7940000000000000391, 0.000000000000000000 ) ) ;
#1675 = CARTESIAN_POINT ( 'NONE',  ( -0.2639537641432858628, -9.215896418236790939E-16, 0.4246509276977873393 ) ) ;
#1676 = VERTEX_POINT ( 'NONE', #1851 ) ;
#1677 = CARTESIAN_POINT ( 'NONE',  ( -0.2949999999999999845, 0.1150000000000000050, 0.4600404873486684809 ) ) ;
#1678 = DIRECTION ( 'NONE',  ( 3.491481338843135327E-15, -1.000000000000000000, 0.000000000000000000 ) ) ;
#1679 = VERTEX_POINT ( 'NONE', #245 ) ;
#1680 = CARTESIAN_POINT ( 'NONE',  ( 0.01242802897597182835, 0.8305724475670972495, -0.4545377812695799991 ) ) ;
#1681 = DIRECTION ( 'NONE',  ( 0.000000000000000000, 0.000000000000000000, -1.000000000000000000 ) ) ;
#1682 = CARTESIAN_POINT ( 'NONE',  ( 0.3287499999999969891, 0.9900000000000001021, -0.1264999999999988634 ) ) ;
#1683 = CARTESIAN_POINT ( 'NONE',  ( -0.2391261777554794798, 0.1066584767751882212, -0.4018576884605468691 ) ) ;
#1684 = CARTESIAN_POINT ( 'NONE',  ( 0.2151650429449551150, 7.512447322136935757E-16, 0.2651650429449555202 ) ) ;
#1685 = FACE_BOUND ( 'NONE', #1972, .T. ) ;
#1686 = EDGE_CURVE ( 'NONE', #2144, #2356, #872, .T. ) ;
#1687 = CYLINDRICAL_SURFACE ( 'NONE', #1295, 0.3725226829615011503 ) ;
#1688 = ORIENTED_EDGE ( 'NONE', *, *, #1765, .T. ) ;
#1689 = CARTESIAN_POINT ( 'NONE',  ( 0.1264999999999965319, 0.9900000000000009903, -0.07625000000000003997 ) ) ;
#1690 = DIRECTION ( 'NONE',  ( 3.491481338843135327E-15, -1.000000000000000000, -0.000000000000000000 ) ) ;
#1691 = EDGE_CURVE ( 'NONE', #1560, #2265, #1298, .T. ) ;
#1692 = EDGE_CURVE ( 'NONE', #182, #838, #312, .T. ) ;
#1693 = DIRECTION ( 'NONE',  ( 1.000000000000000000, 3.499164859222294928E-15, 0.000000000000000000 ) ) ;
#1694 = DIRECTION ( 'NONE',  ( -1.000000000000000000, -3.491481338843134933E-15, 0.000000000000000000 ) ) ;
#1695 = CARTESIAN_POINT ( 'NONE',  ( 0.06250000000000000000, 1.503000000000000114, 0.000000000000000000 ) ) ;
#1696 = DIRECTION ( 'NONE',  ( 1.000000000000000000, 3.414809992080328333E-15, 0.000000000000000000 ) ) ;
#1697 = EDGE_LOOP ( 'NONE', ( #2506, #360, #381, #929 ) ) ;
#1698 = CIRCLE ( 'NONE', #107, 0.05000000000000000971 ) ;
#1699 = EDGE_CURVE ( 'NONE', #2379, #378, #1261, .T. ) ;
#1700 = DIRECTION ( 'NONE',  ( 1.000000000000000000, 3.491481338843134144E-15, 0.000000000000000000 ) ) ;
#1701 = DIRECTION ( 'NONE',  ( 3.491481338843135327E-15, -1.000000000000000000, 0.000000000000000000 ) ) ;
#1702 = AXIS2_PLACEMENT_3D ( 'NONE', #1858, #2456, #665 ) ;
#1703 = EDGE_CURVE ( 'NONE', #632, #2, #1029, .T. ) ;
#1704 = DIRECTION ( 'NONE',  ( 1.000000000000000000, 3.480104495818906120E-15, 0.000000000000000000 ) ) ;
#1705 = AXIS2_PLACEMENT_3D ( 'NONE', #1952, #783, #1565 ) ;
#1706 = CARTESIAN_POINT ( 'NONE',  ( -0.4764999999999630642, -10.57876085872868366, 5.835441997937138053E-17 ) ) ;
#1707 = CIRCLE ( 'NONE', #1584, 0.4709941319773094937 ) ;
#1708 = CARTESIAN_POINT ( 'NONE',  ( 0.3226896675962065975, 0.9826007401928483764, -0.1264999999999988634 ) ) ;
#1709 = LENGTH_MEASURE_WITH_UNIT ( LENGTH_MEASURE( 0.02539999999999999897 ), #950 );
#1710 = VECTOR ( 'NONE', #715, 39.37007874015748143 ) ;
#1711 = ORIENTED_EDGE ( 'NONE', *, *, #417, .T. ) ;
#1712 = CIRCLE ( 'NONE', #280, 0.06250000000000373312 ) ;
#1713 = EDGE_LOOP ( 'NONE', ( #973, #1770 ) ) ;
#1714 = DIRECTION ( 'NONE',  ( 3.491481338843134933E-15, -1.000000000000000000, 0.000000000000000000 ) ) ;
#1715 = VERTEX_POINT ( 'NONE', #1812 ) ;
#1716 = DIRECTION ( 'NONE',  ( 3.491481338843135327E-15, -1.000000000000000000, 0.000000000000000000 ) ) ;
#1717 = CARTESIAN_POINT ( 'NONE',  ( -0.1037111100216597387, 0.9384049598376175139, -0.4029263996032556028 ) ) ;
#1718 = EDGE_CURVE ( 'NONE', #659, #61, #1088, .T. ) ;
#1719 = CARTESIAN_POINT ( 'NONE',  ( -0.1875000000000076605, 1.067999999999999394, 2.296212748401337029E-17 ) ) ;
#1720 = CARTESIAN_POINT ( 'NONE',  ( -4.015203539669606120E-16, 0.1150000000000000050, 0.000000000000000000 ) ) ;
#1721 = CARTESIAN_POINT ( 'NONE',  ( -0.2651650429449555202, 0.08999999999999822031, -0.2651650429449555202 ) ) ;
#1722 = DIRECTION ( 'NONE',  ( -3.491481338843135327E-15, 1.000000000000000000, 0.000000000000000000 ) ) ;
#1723 = ORIENTED_EDGE ( 'NONE', *, *, #1658, .T. ) ;
#1724 = VERTEX_POINT ( 'NONE', #435 ) ;
#1725 =( BOUNDED_SURFACE ( )  B_SPLINE_SURFACE ( 3, 1, ( 
 ( #2100, #1682 ),
 ( #158, #936 ),
 ( #334, #1288 ),
 ( #2064, #2501 ) ),
 .UNSPECIFIED., .F., .F., .F. ) 
 B_SPLINE_SURFACE_WITH_KNOTS ( ( 4, 4 ),
 ( 2, 2 ),
 ( 0.000000000000000000, 1.000000000000000000 ),
 ( 0.000000000000000000, 1.000000000000000000 ),
 .UNSPECIFIED. ) 
 GEOMETRIC_REPRESENTATION_ITEM ( )  RATIONAL_B_SPLINE_SURFACE ( (
 ( 1.000000000000000000, 1.000000000000000000),
 ( 0.3333333333333333703, 0.3333333333333333703),
 ( 0.3333333333333333703, 0.3333333333333333703),
 ( 1.000000000000000000, 1.000000000000000000) ) ) 
 REPRESENTATION_ITEM ( '' )  SURFACE ( )  );
#1726 = EDGE_LOOP ( 'NONE', ( #657, #199, #1203, #1486, #1886, #1107 ) ) ;
#1727 = CARTESIAN_POINT ( 'NONE',  ( 0.6875226829614999868, 0.1150000000000023642, 2.400472617591444418E-15 ) ) ;
#1728 = DIRECTION ( 'NONE',  ( 3.491481338843135327E-15, -1.000000000000000000, 0.000000000000000000 ) ) ;
#1729 = DIRECTION ( 'NONE',  ( 3.491481338843134933E-15, -1.000000000000000000, 0.000000000000000000 ) ) ;
#1730 = CARTESIAN_POINT ( 'NONE',  ( 0.4477705093481825771, 0.9167480413052491173, 0.04308193395858750385 ) ) ;
#1731 = ORIENTED_EDGE ( 'NONE', *, *, #1358, .T. ) ;
#1732 = ADVANCED_FACE ( 'NONE', ( #2052 ), #463, .T. ) ;
#1733 = DIRECTION ( 'NONE',  ( 0.000000000000000000, -1.000000000000000000, 0.000000000000000000 ) ) ;
#1734 = ORIENTED_EDGE ( 'NONE', *, *, #949, .F. ) ;
#1735 = EDGE_CURVE ( 'NONE', #208, #1825, #833, .T. ) ;
#1736 = EDGE_CURVE ( 'NONE', #227, #1226, #682, .T. ) ;
#1737 = FACE_BOUND ( 'NONE', #93, .T. ) ;
#1738 = ORIENTED_EDGE ( 'NONE', *, *, #1528, .T. ) ;
#1739 = EDGE_CURVE ( 'NONE', #1147, #1761, #1501, .T. ) ;
#1740 = FACE_OUTER_BOUND ( 'NONE', #861, .T. ) ;
#1741 = CARTESIAN_POINT ( 'NONE',  ( -0.4105866846115591717, 0.8399999999999998579, 0.1057436503811908235 ) ) ;
#1742 = CIRCLE ( 'NONE', #20, 0.5464999999999999858 ) ;
#1743 = CARTESIAN_POINT ( 'NONE',  ( 0.4549999999999965739, 0.9134042553191512592, 0.008852258290600293830 ) ) ;
#1744 = EDGE_LOOP ( 'NONE', ( #1954, #1929, #404, #1963 ) ) ;
#1745 = CARTESIAN_POINT ( 'NONE',  ( 0.6875226829614999868, 0.1150000000000023642, 2.400472617591444418E-15 ) ) ;
#1746 = CARTESIAN_POINT ( 'NONE',  ( -0.1265000000000028602, 0.8293933604811437599, -0.5812499999999999334 ) ) ;
#1747 = ORIENTED_EDGE ( 'NONE', *, *, #43, .F. ) ;
#1748 = AXIS2_PLACEMENT_3D ( 'NONE', #286, #1655, #658 ) ;
#1749 = AXIS2_PLACEMENT_3D ( 'NONE', #790, #803, #37 ) ;
#1750 = AXIS2_PLACEMENT_3D ( 'NONE', #44, #413, #1604 ) ;
#1751 = AXIS2_PLACEMENT_3D ( 'NONE', #2464, #504, #514 ) ;
#1752 = ORIENTED_EDGE ( 'NONE', *, *, #855, .F. ) ;
#1753 = DIRECTION ( 'NONE',  ( 3.491481338843135327E-15, -1.000000000000000000, 0.000000000000000000 ) ) ;
#1754 = CARTESIAN_POINT ( 'NONE',  ( 0.2335682736637386125, 0.08999999999999999667, -0.3973175643667803403 ) ) ;
#1755 = CARTESIAN_POINT ( 'NONE',  ( 0.4540827773409588652, 0.9138257291971162433, 0.01755167374932968538 ) ) ;
#1756 = ORIENTED_EDGE ( 'NONE', *, *, #610, .T. ) ;
#1757 = DIRECTION ( 'NONE',  ( 3.666686779911587050E-15, 0.000000000000000000, -1.000000000000000000 ) ) ;
#1758 = APPLICATION_PROTOCOL_DEFINITION ( 'draft international standard', 'automotive_design', 1998, #1898 ) ;
#1759 = ORIENTED_EDGE ( 'NONE', *, *, #1043, .F. ) ;
#1760 = DIRECTION ( 'NONE',  ( 0.000000000000000000, 0.000000000000000000, -1.000000000000000000 ) ) ;
#1761 = VERTEX_POINT ( 'NONE', #1426 ) ;
#1762 = ORIENTED_EDGE ( 'NONE', *, *, #1165, .T. ) ;
#1763 = EDGE_CURVE ( 'NONE', #978, #2304, #669, .T. ) ;
#1764 = FACE_OUTER_BOUND ( 'NONE', #1279, .T. ) ;
#1765 = EDGE_CURVE ( 'NONE', #1857, #1257, #2214, .T. ) ;
#1766 = CARTESIAN_POINT ( 'NONE',  ( -0.2854848246250090149, 0.07660867031663674831, 0.4477011623827725217 ) ) ;
#1767 = CARTESIAN_POINT ( 'NONE',  ( 0.5812500000000069278, 0.8294680346564637929, -0.1265000000000041092 ) ) ;
#1768 = EDGE_LOOP ( 'NONE', ( #793, #341, #1017, #142 ) ) ;
#1769 = CARTESIAN_POINT ( 'NONE',  ( 0.5464999999999969882, 0.8550000000000019806, 0.000000000000000000 ) ) ;
#1770 = ORIENTED_EDGE ( 'NONE', *, *, #294, .F. ) ;
#1771 = ADVANCED_FACE ( 'NONE', ( #1863 ), #908, .F. ) ;
#1772 = EDGE_CURVE ( 'NONE', #1831, #2182, #1872, .T. ) ;
#1773 = CARTESIAN_POINT ( 'NONE',  ( 0.2949999999999999845, 0.1150000000000000050, 0.4600404873486684809 ) ) ;
#1774 = ORIENTED_EDGE ( 'NONE', *, *, #487, .T. ) ;
#1775 = VERTEX_POINT ( 'NONE', #1925 ) ;
#1776 = CARTESIAN_POINT ( 'NONE',  ( 0.1264999999999971980, 0.8400000000000004130, 0.07624999999999998446 ) ) ;
#1777 = CARTESIAN_POINT ( 'NONE',  ( 0.2391261777554783974, 0.1066584767751890123, -0.4018576884605465915 ) ) ;
#1778 = EDGE_CURVE ( 'NONE', #1209, #2318, #2309, .T. ) ;
#1779 = EDGE_CURVE ( 'NONE', #613, #1724, #1670, .T. ) ;
#1780 = CARTESIAN_POINT ( 'NONE',  ( 0.3287499999999945466, 0.8294680346564630158, -0.1264999999999988634 ) ) ;
#1781 = EDGE_LOOP ( 'NONE', ( #1518, #1326, #2188, #2491, #630, #1840, #884, #349, #221, #1661, #2393, #590 ) ) ;
#1782 = DIRECTION ( 'NONE',  ( -3.491481338843135722E-15, 0.000000000000000000, 1.000000000000000000 ) ) ;
#1783 = ORIENTED_EDGE ( 'NONE', *, *, #482, .T. ) ;
#1784 = CARTESIAN_POINT ( 'NONE',  ( -4.015203539669551392E-16, 0.1150000000000000050, 0.000000000000000000 ) ) ;
#1785 = CARTESIAN_POINT ( 'NONE',  ( -0.3287500000000023737, 0.9798822782952079091, 0.1264999999999965596 ) ) ;
#1786 = CIRCLE ( 'NONE', #723, 0.4765000000000000346 ) ;
#1787 = EDGE_LOOP ( 'NONE', ( #68, #773, #739, #46 ) ) ;
#1788 = AXIS2_PLACEMENT_3D ( 'NONE', #894, #1884, #2081 ) ;
#1789 = VECTOR ( 'NONE', #297, 39.37007874015748143 ) ;
#1790 = EDGE_LOOP ( 'NONE', ( #415, #2325 ) ) ;
#1791 = CIRCLE ( 'NONE', #2044, 0.05000000000000000971 ) ;
#1792 = AXIS2_PLACEMENT_3D ( 'NONE', #1793, #1611, #6 ) ;
#1793 = CARTESIAN_POINT ( 'NONE',  ( -0.2651650429449555202, -9.258187991558503420E-16, 0.2651650429449555202 ) ) ;
#1794 =( BOUNDED_CURVE ( )  B_SPLINE_CURVE ( 3, ( #1031, #2203, #621, #1400 ),
 .UNSPECIFIED., .F., .F. ) 
 B_SPLINE_CURVE_WITH_KNOTS ( ( 4, 4 ),
 ( 3.141592653589793116, 4.133282551767694102 ),
 .UNSPECIFIED. ) 
 CURVE ( )  GEOMETRIC_REPRESENTATION_ITEM ( )  RATIONAL_B_SPLINE_CURVE ( ( 1.000000000000000000, 0.9197113454673631061, 0.9197113454673631061, 1.000000000000000000 ) ) 
 REPRESENTATION_ITEM ( '' )  );
#1795 = CARTESIAN_POINT ( 'NONE',  ( 0.06669649867721562375, 0.9221112791991726843, -0.4363564742372125216 ) ) ;
#1796 = CARTESIAN_POINT ( 'NONE',  ( -0.3166795248688786257, 0.9862683028075740488, 0.1260648007510835056 ) ) ;
#1797 = VERTEX_POINT ( 'NONE', #933 ) ;
#1798 = CARTESIAN_POINT ( 'NONE',  ( 0.1875000000000000278, 1.068000000000000060, 0.000000000000000000 ) ) ;
#1799 = ADVANCED_FACE ( 'NONE', ( #166 ), #521, .T. ) ;
#1800 = ORIENTED_EDGE ( 'NONE', *, *, #2467, .F. ) ;
#1801 = PLANE ( 'NONE',  #1750 ) ;
#1802 = CARTESIAN_POINT ( 'NONE',  ( 7.764378988395787108E-30, -2.185478394931409391E-15, 0.000000000000000000 ) ) ;
#1803 = ORIENTED_EDGE ( 'NONE', *, *, #1130, .F. ) ;
#1804 = DIRECTION ( 'NONE',  ( 3.491481338843135327E-15, -1.000000000000000000, 0.000000000000000000 ) ) ;
#1805 = VERTEX_POINT ( 'NONE', #2276 ) ;
#1806 = EDGE_CURVE ( 'NONE', #1436, #647, #686, .T. ) ;
#1807 = CARTESIAN_POINT ( 'NONE',  ( 0.2391261777554783419, 0.1066584767751890400, 0.4018576884605465915 ) ) ;
#1808 = CARTESIAN_POINT ( 'NONE',  ( -0.1265000000000034430, 0.9798827236680236474, 0.3287499999999999867 ) ) ;
#1809 =( BOUNDED_SURFACE ( )  B_SPLINE_SURFACE ( 3, 1, ( 
 ( #165, #932 ),
 ( #1346, #1308 ),
 ( #574, #1689 ),
 ( #2520, #753 ) ),
 .UNSPECIFIED., .F., .F., .F. ) 
 B_SPLINE_SURFACE_WITH_KNOTS ( ( 4, 4 ),
 ( 2, 2 ),
 ( 0.000000000000000000, 1.000000000000000000 ),
 ( 0.000000000000000000, 1.000000000000000000 ),
 .UNSPECIFIED. ) 
 GEOMETRIC_REPRESENTATION_ITEM ( )  RATIONAL_B_SPLINE_SURFACE ( (
 ( 1.000000000000000000, 1.000000000000000000),
 ( 0.3333333333333333703, 0.3333333333333333703),
 ( 0.3333333333333333703, 0.3333333333333333703),
 ( 1.000000000000000000, 1.000000000000000000) ) ) 
 REPRESENTATION_ITEM ( '' )  SURFACE ( )  );
#1810 = CARTESIAN_POINT ( 'NONE',  ( -0.3287500000000048161, 0.9789904942420136758, 0.1264999999999965596 ) ) ;
#1811 = ORIENTED_EDGE ( 'NONE', *, *, #1544, .F. ) ;
#1812 = CARTESIAN_POINT ( 'NONE',  ( 6.202836037681344434E-17, 0.7940000000000000391, 0.5065000000000000613 ) ) ;
#1813 = EDGE_LOOP ( 'NONE', ( #2529, #1883, #2350, #2481 ) ) ;
#1814 = DIRECTION ( 'NONE',  ( 3.491481338843135327E-15, -1.000000000000000000, 0.000000000000000000 ) ) ;
#1815 = FACE_BOUND ( 'NONE', #2453, .T. ) ;
#1816 = EDGE_CURVE ( 'NONE', #2547, #2062, #733, .T. ) ;
#1817 = EDGE_CURVE ( 'NONE', #1639, #1402, #2084, .T. ) ;
#1818 = CARTESIAN_POINT ( 'NONE',  ( 0.3107233471412476078, 0.9900000000000001021, 0.1252038399624383902 ) ) ;
#1819 = ORIENTED_EDGE ( 'NONE', *, *, #2050, .T. ) ;
#1820 = CARTESIAN_POINT ( 'NONE',  ( -0.3287500000000022071, 0.9789904942420136758, -0.1265000000000034430 ) ) ;
#1821 = DIRECTION ( 'NONE',  ( 1.000000000000000000, 4.370956789862560037E-15, 0.000000000000000000 ) ) ;
#1822 = DIRECTION ( 'NONE',  ( 3.491481338843135327E-15, -1.000000000000000000, 0.000000000000000000 ) ) ;
#1823 = ORIENTED_EDGE ( 'NONE', *, *, #2229, .F. ) ;
#1824 = CARTESIAN_POINT ( 'NONE',  ( -0.1265000000000000013, -3.937007874296057471E-05, -0.3287499999999999867 ) ) ;
#1825 = VERTEX_POINT ( 'NONE', #1498 ) ;
#1826 = AXIS2_PLACEMENT_3D ( 'NONE', #184, #2291, #129 ) ;
#1827 = DIRECTION ( 'NONE',  ( 1.000000000000000000, 0.000000000000000000, 0.000000000000000000 ) ) ;
#1828 = CARTESIAN_POINT ( 'NONE',  ( -0.3150000000000007794, 0.08999999999999794276, -7.201417852774329704E-15 ) ) ;
#1829 = AXIS2_PLACEMENT_3D ( 'NONE', #1802, #2408, #31 ) ;
#1830 = CARTESIAN_POINT ( 'NONE',  ( -0.1265000000000034430, 0.9826007401928470442, -0.3226896675962093175 ) ) ;
#1831 = VERTEX_POINT ( 'NONE', #707 ) ;
#1832 = B_SPLINE_CURVE_WITH_KNOTS ( 'NONE', 3,
 ( #252, #2429, #266, #654 ),
 .UNSPECIFIED., .F., .F.,
 ( 4, 4 ),
 ( 2.164744371689486692E-07, 0.003156496319196646066 ),
 .UNSPECIFIED. ) ;
#1833 = CARTESIAN_POINT ( 'NONE',  ( -0.06923044929529428848, 0.8400000000000000799, 0.4344151918195251483 ) ) ;
#1834 = LINE ( 'NONE', #2430, #271 ) ;
#1835 = CIRCLE ( 'NONE', #443, 0.4765000000000000346 ) ;
#1836 = DIRECTION ( 'NONE',  ( 3.491481338843125072E-15, -1.000000000000000000, -7.888609052210119455E-30 ) ) ;
#1837 = ORIENTED_EDGE ( 'NONE', *, *, #2308, .T. ) ;
#1838 = CIRCLE ( 'NONE', #1305, 0.5464999999999999858 ) ;
#1839 = CARTESIAN_POINT ( 'NONE',  ( 0.3287499999999971001, 0.9789904942420160072, -0.1264999999999988634 ) ) ;
#1840 = ORIENTED_EDGE ( 'NONE', *, *, #896, .T. ) ;
#1841 = FACE_OUTER_BOUND ( 'NONE', #2160, .T. ) ;
#1842 = CARTESIAN_POINT ( 'NONE',  ( 0.3151650429449555091, 1.100392866098007010E-15, -0.2651650429449555202 ) ) ;
#1843 = CARTESIAN_POINT ( 'NONE',  ( -0.01789646457859461401, 0.9138485800570762541, 0.4540331714537856889 ) ) ;
#1844 = VERTEX_POINT ( 'NONE', #2510 ) ;
#1845 = CARTESIAN_POINT ( 'NONE',  ( 0.09739163799146885458, 0.9900000000000003242, 0.1183168866851977696 ) ) ;
#1846 = EDGE_CURVE ( 'NONE', #1560, #1621, #1332, .T. ) ;
#1847 = CARTESIAN_POINT ( 'NONE',  ( 0.1264999999999965874, 0.9789904942420153411, -0.3287500000000000977 ) ) ;
#1848 = EDGE_CURVE ( 'NONE', #1761, #1147, #726, .T. ) ;
#1849 = CARTESIAN_POINT ( 'NONE',  ( -0.3973175643667835044, 0.08999999999999783173, 0.2335682736637350598 ) ) ;
#1850 = VERTEX_POINT ( 'NONE', #1145 ) ;
#1851 = CARTESIAN_POINT ( 'NONE',  ( -0.2335682736637393897, 0.08999999999999822031, 0.3973175643667803403 ) ) ;
#1852 = CARTESIAN_POINT ( 'NONE',  ( -0.3287499999999987099, -3.937007874415803535E-05, -0.1265000000000034430 ) ) ;
#1853 = EDGE_CURVE ( 'NONE', #1085, #2525, #2367, .T. ) ;
#1854 = DIRECTION ( 'NONE',  ( -1.000000000000000000, -3.492473325533599245E-15, 0.000000000000000000 ) ) ;
#1855 = CARTESIAN_POINT ( 'NONE',  ( -0.1038149194472173381, 0.9384822150083238501, 0.4027732769871668062 ) ) ;
#1856 = EDGE_CURVE ( 'NONE', #2525, #1246, #448, .T. ) ;
#1857 = VERTEX_POINT ( 'NONE', #2496 ) ;
#1858 = CARTESIAN_POINT ( 'NONE',  ( 0.5464999999999999858, 0.2000000000000000111, 0.000000000000000000 ) ) ;
#1859 = FILL_AREA_STYLE ('',( #63 ) ) ;
#1860 = EDGE_LOOP ( 'NONE', ( #893, #1731, #464, #1367 ) ) ;
#1861 = CARTESIAN_POINT ( 'NONE',  ( 0.03049802042149565851, 0.8320084497511515131, -0.4514275439101989029 ) ) ;
#1862 = ORIENTED_EDGE ( 'NONE', *, *, #2092, .T. ) ;
#1863 = FACE_OUTER_BOUND ( 'NONE', #799, .T. ) ;
#1864 = EDGE_CURVE ( 'NONE', #2017, #2332, #2483, .T. ) ;
#1865 = DIRECTION ( 'NONE',  ( 3.491481338843135327E-15, -1.000000000000000000, 0.000000000000000000 ) ) ;
#1866 = CARTESIAN_POINT ( 'NONE',  ( -4.015203539669582454E-16, 0.1150000000000000050, 0.6875226829615019852 ) ) ;
#1867 = EDGE_LOOP ( 'NONE', ( #1597, #1583, #814, #577 ) ) ;
#1868 = CIRCLE ( 'NONE', #1949, 0.05000000000000000971 ) ;
#1869 = FACE_BOUND ( 'NONE', #1408, .T. ) ;
#1870 = DIRECTION ( 'NONE',  ( 1.000000000000000000, 3.483352440916008368E-15, 0.000000000000000000 ) ) ;
#1871 = ORIENTED_EDGE ( 'NONE', *, *, #2007, .F. ) ;
#1872 = CIRCLE ( 'NONE', #275, 0.5065000000000000613 ) ;
#1873 = AXIS2_PLACEMENT_3D ( 'NONE', #1535, #2149, #537 ) ;
#1874 = CARTESIAN_POINT ( 'NONE',  ( -3.142333204958787282E-16, 0.08999999999999999667, 0.000000000000000000 ) ) ;
#1875 = AXIS2_PLACEMENT_3D ( 'NONE', #1272, #447, #856 ) ;
#1876 = CARTESIAN_POINT ( 'NONE',  ( -0.1123593431961503047, 0.9455413425734268129, -0.3888646935291970586 ) ) ;
#1877 = CIRCLE ( 'NONE', #848, 0.06250000000000531519 ) ;
#1878 = CIRCLE ( 'NONE', #768, 0.5464999999999999858 ) ;
#1879 = CARTESIAN_POINT ( 'NONE',  ( 0.4344151918195235940, 0.8400000000000000799, -0.06923044929528995861 ) ) ;
#1880 = EDGE_CURVE ( 'NONE', #2547, #208, #1191, .T. ) ;
#1881 = DIRECTION ( 'NONE',  ( -3.491481338843135327E-15, 1.000000000000000000, -0.000000000000000000 ) ) ;
#1882 = CARTESIAN_POINT ( 'NONE',  ( -0.4270596521224713227, 0.9265060975496568485, 0.08109061265300120114 ) ) ;
#1883 = ORIENTED_EDGE ( 'NONE', *, *, #1691, .T. ) ;
#1884 = DIRECTION ( 'NONE',  ( 0.000000000000000000, -1.000000000000000000, 0.000000000000000000 ) ) ;
#1885 = CARTESIAN_POINT ( 'NONE',  ( -0.3226849731686322054, 0.9826035367454164504, -0.1265000000000033875 ) ) ;
#1886 = ORIENTED_EDGE ( 'NONE', *, *, #1816, .T. ) ;
#1887 = CARTESIAN_POINT ( 'NONE',  ( 0.3287499999999962674, 0.9789904942420160072, 0.1265000000000011393 ) ) ;
#1888 = DIRECTION ( 'NONE',  ( -1.000000000000000000, -4.370956789862449596E-15, 0.000000000000000000 ) ) ;
#1889 = DIRECTION ( 'NONE',  ( 0.000000000000000000, -1.000000000000000000, 0.000000000000000000 ) ) ;
#1890 = CARTESIAN_POINT ( 'NONE',  ( -0.4545400057007087935, 0.8305714228931089238, -0.01240650883524823181 ) ) ;
#1891 = FACE_OUTER_BOUND ( 'NONE', #1726, .T. ) ;
#1892 = PLANE ( 'NONE',  #626 ) ;
#1893 = EDGE_CURVE ( 'NONE', #39, #2150, #1913, .T. ) ;
#1894 = CARTESIAN_POINT ( 'NONE',  ( -0.3107233471412535475, 0.9900000000000001021, -0.1252038399624405551 ) ) ;
#1895 = EDGE_CURVE ( 'NONE', #1825, #2062, #2223, .T. ) ;
#1896 = DIRECTION ( 'NONE',  ( 1.000000000000000000, 3.491481338843119945E-15, 0.000000000000000000 ) ) ;
#1897 = DIRECTION ( 'NONE',  ( -1.000000000000000000, -3.415609172341541165E-15, -8.881784197001252323E-16 ) ) ;
#1898 = APPLICATION_CONTEXT ( 'automotive_design' ) ;
#1899 = CARTESIAN_POINT ( 'NONE',  ( 0.3722901791045882258, 0.8400000000000001910, -0.1264999999999997793 ) ) ;
#1900 = CARTESIAN_POINT ( 'NONE',  ( -0.3151650429449558977, 0.08999999999999805378, 0.2651650429449555202 ) ) ;
#1901 = CARTESIAN_POINT ( 'NONE',  ( 0.4549999999999971290, 0.8303598187096575822, -6.089062484971631557E-17 ) ) ;
#1902 = ORIENTED_EDGE ( 'NONE', *, *, #1418, .F. ) ;
#1903 =( BOUNDED_CURVE ( )  B_SPLINE_CURVE ( 3, ( #852, #289, #865, #1818 ),
 .UNSPECIFIED., .F., .F. ) 
 B_SPLINE_CURVE_WITH_KNOTS ( ( 4, 4 ),
 ( 3.284867705407141791, 6.139910255362237557 ),
 .UNSPECIFIED. ) 
 CURVE ( )  GEOMETRIC_REPRESENTATION_ITEM ( )  RATIONAL_B_SPLINE_CURVE ( ( 1.000000000000000000, 0.4285235794521551900, 0.4285235794521551900, 1.000000000000000000 ) ) 
 REPRESENTATION_ITEM ( '' )  );
#1904 = ORIENTED_EDGE ( 'NONE', *, *, #1736, .F. ) ;
#1905 = EDGE_CURVE ( 'NONE', #1844, #2177, #1464, .T. ) ;
#1906 = DIRECTION ( 'NONE',  ( 0.000000000000000000, -1.000000000000000000, 0.000000000000000000 ) ) ;
#1907 = ORIENTED_EDGE ( 'NONE', *, *, #1933, .F. ) ;
#1908 = CYLINDRICAL_SURFACE ( 'NONE', #1467, 0.5464999999999999858 ) ;
#1909 = CARTESIAN_POINT ( 'NONE',  ( -0.1265000000000033598, 0.9699629760074864882, -0.3439040260767841084 ) ) ;
#1910 = CIRCLE ( 'NONE', #1461, 0.4709941319773094937 ) ;
#1911 = CARTESIAN_POINT ( 'NONE',  ( 0.1265000000000000013, -3.937007874262367921E-05, 0.3287499999999999867 ) ) ;
#1912 = B_SPLINE_CURVE_WITH_KNOTS ( 'NONE', 3,
 ( #1538, #1121, #1135, #1942 ),
 .UNSPECIFIED., .F., .F.,
 ( 4, 4 ),
 ( 0.01128487440222958847, 0.01182222865384976139 ),
 .UNSPECIFIED. ) ;
#1913 = CIRCLE ( 'NONE', #804, 0.5464999999999999858 ) ;
#1914 = DIRECTION ( 'NONE',  ( 3.491481338843134933E-15, -1.000000000000000000, 0.000000000000000000 ) ) ;
#1915 = AXIS2_PLACEMENT_3D ( 'NONE', #746, #910, #1336 ) ;
#1916 = PLANE ( 'NONE',  #765 ) ;
#1917 = CARTESIAN_POINT ( 'NONE',  ( 0.4461826048886566309, 0.8344444987905579314, -0.04800643131043658834 ) ) ;
#1918 = CIRCLE ( 'NONE', #851, 0.4608854363251346786 ) ;
#1919 = ORIENTED_EDGE ( 'NONE', *, *, #490, .T. ) ;
#1920 = EDGE_LOOP ( 'NONE', ( #462, #663 ) ) ;
#1921 = CARTESIAN_POINT ( 'NONE',  ( -0.06250000000000531519, -3.769619975441257937E-15, 0.000000000000000000 ) ) ;
#1922 = B_SPLINE_CURVE_WITH_KNOTS ( 'NONE', 3,
 ( #900, #1930, #1683, #2128 ),
 .UNSPECIFIED., .F., .F.,
 ( 4, 4 ),
 ( 2.178853872334040541E-07, 0.0006912878645519340143 ),
 .UNSPECIFIED. ) ;
#1923 = EDGE_CURVE ( 'NONE', #311, #1603, #1340, .T. ) ;
#1924 = LINE ( 'NONE', #741, #731 ) ;
#1925 = CARTESIAN_POINT ( 'NONE',  ( -0.4246509276977842307, -1.482660789579234188E-15, -0.2639537641432901927 ) ) ;
#1926 = EDGE_CURVE ( 'NONE', #2265, #1560, #113, .T. ) ;
#1927 = EDGE_CURVE ( 'NONE', #2388, #301, #49, .T. ) ;
#1928 = CYLINDRICAL_SURFACE ( 'NONE', #2122, 0.3725226829615011503 ) ;
#1929 = ORIENTED_EDGE ( 'NONE', *, *, #329, .T. ) ;
#1930 = CARTESIAN_POINT ( 'NONE',  ( -0.2363718540741436280, 0.09832454936502027509, -0.3995739940249015687 ) ) ;
#1931 = CARTESIAN_POINT ( 'NONE',  ( 0.4549999999999971290, 0.8303598187096579153, -0.01239257780170722502 ) ) ;
#1932 = ORIENTED_EDGE ( 'NONE', *, *, #734, .T. ) ;
#1933 = EDGE_CURVE ( 'NONE', #620, #2314, #2378, .T. ) ;
#1934 = ORIENTED_EDGE ( 'NONE', *, *, #673, .T. ) ;
#1935 = ORIENTED_EDGE ( 'NONE', *, *, #1239, .F. ) ;
#1936 = PLANE ( 'NONE',  #595 ) ;
#1937 = CYLINDRICAL_SURFACE ( 'NONE', #2371, 0.4765000000000000346 ) ;
#1938 = CARTESIAN_POINT ( 'NONE',  ( 0.2639537641432858628, 9.215896418236790939E-16, 0.4246509276977873393 ) ) ;
#1939 = CARTESIAN_POINT ( 'NONE',  ( -4.015203539669606120E-16, 0.1149999999999980344, 0.000000000000000000 ) ) ;
#1940 = VERTEX_POINT ( 'NONE', #19 ) ;
#1941 = CARTESIAN_POINT ( 'NONE',  ( 0.07625000000000579925, 0.8399999999999991918, 0.1265000000000002511 ) ) ;
#1942 = CARTESIAN_POINT ( 'NONE',  ( 0.1252038399624340326, 0.9900000000000001021, -0.3107233471412516046 ) ) ;
#1943 = ORIENTED_EDGE ( 'NONE', *, *, #896, .F. ) ;
#1944 = CARTESIAN_POINT ( 'NONE',  ( 0.5465000000000000968, 0.2000000000000000111, 0.000000000000000000 ) ) ;
#1945 = ORIENTED_EDGE ( 'NONE', *, *, #511, .T. ) ;
#1946 = DIRECTION ( 'NONE',  ( 1.000000000000000000, 3.499164859222294928E-15, 0.000000000000000000 ) ) ;
#1947 = CARTESIAN_POINT ( 'NONE',  ( 0.2854848246250081822, 0.07660867031663763649, 0.4477011623827722442 ) ) ;
#1948 = CIRCLE ( 'NONE', #1826, 0.3725226829615011503 ) ;
#1949 = AXIS2_PLACEMENT_3D ( 'NONE', #2118, #116, #1696 ) ;
#1950 = CARTESIAN_POINT ( 'NONE',  ( 0.3887692680949095259, 0.9455920678334617246, 0.1123986250011646260 ) ) ;
#1951 = ORIENTED_EDGE ( 'NONE', *, *, #1192, .T. ) ;
#1952 = CARTESIAN_POINT ( 'NONE',  ( -0.2651650429449606272, 1.503039370078740333, 0.2651650429449555202 ) ) ;
#1953 = SHAPE_DEFINITION_REPRESENTATION ( #173, #2504 ) ;
#1954 = ORIENTED_EDGE ( 'NONE', *, *, #1864, .F. ) ;
#1955 = CONICAL_SURFACE ( 'NONE', #2285, 0.5088375182954725240, 1.002691594320465951 ) ;
#1956 = ADVANCED_FACE ( 'NONE', ( #616 ), #8, .T. ) ;
#1957 = VECTOR ( 'NONE', #1660, 39.37007874015748143 ) ;
#1958 = CARTESIAN_POINT ( 'NONE',  ( -0.06250000000000879852, 0.9979999999999996652, 0.000000000000000000 ) ) ;
#1959 = AXIS2_PLACEMENT_3D ( 'NONE', #1784, #976, #2154 ) ;
#1960 = ORIENTED_EDGE ( 'NONE', *, *, #1778, .F. ) ;
#1961 = EDGE_CURVE ( 'NONE', #1329, #1507, #764, .T. ) ;
#1962 = AXIS2_PLACEMENT_3D ( 'NONE', #1480, #106, #2512 ) ;
#1963 = ORIENTED_EDGE ( 'NONE', *, *, #734, .F. ) ;
#1964 = CARTESIAN_POINT ( 'NONE',  ( -4.015203539669590342E-16, 0.1150000000000000050, -3.788502556229161649E-30 ) ) ;
#1965 = EDGE_CURVE ( 'NONE', #491, #1150, #1546, .T. ) ;
#1966 = EDGE_CURVE ( 'NONE', #978, #1724, #1366, .T. ) ;
#1967 = CARTESIAN_POINT ( 'NONE',  ( -0.2949999999999999845, 0.1150000000000000050, 0.4600404873486684809 ) ) ;
#1968 = EDGE_CURVE ( 'NONE', #1654, #614, #717, .T. ) ;
#1969 = CARTESIAN_POINT ( 'NONE',  ( -0.4550000000000024580, 0.8303598187096546956, 0.01239257780170694052 ) ) ;
#1970 = ORIENTED_EDGE ( 'NONE', *, *, #2103, .T. ) ;
#1971 = CARTESIAN_POINT ( 'NONE',  ( -0.4550000000000028466, 0.8303598187096545846, 1.419251391723573696E-16 ) ) ;
#1972 = EDGE_LOOP ( 'NONE', ( #2114, #1568 ) ) ;
#1973 = DIRECTION ( 'NONE',  ( 3.491481338843134933E-15, -1.000000000000000000, 0.000000000000000000 ) ) ;
#1974 = ORIENTED_EDGE ( 'NONE', *, *, #179, .F. ) ;
#1975 = ORIENTED_EDGE ( 'NONE', *, *, #777, .F. ) ;
#1976 = EDGE_CURVE ( 'NONE', #347, #1023, #1543, .T. ) ;
#1977 = CARTESIAN_POINT ( 'NONE',  ( 0.2639537641432858628, 9.215896418236790939E-16, 0.4246509276977873393 ) ) ;
#1978 = CARTESIAN_POINT ( 'NONE',  ( -0.4028974970877187700, 0.9384195196522164828, -0.1037311940729870458 ) ) ;
#1979 = AXIS2_PLACEMENT_3D ( 'NONE', #2280, #520, #1304 ) ;
#1980 = DIRECTION ( 'NONE',  ( 3.491481338843135327E-15, -1.000000000000000000, 0.000000000000000000 ) ) ;
#1981 = ORIENTED_EDGE ( 'NONE', *, *, #1927, .T. ) ;
#1982 = FACE_OUTER_BOUND ( 'NONE', #1377, .T. ) ;
#1983 = EDGE_LOOP ( 'NONE', ( #2342, #1478, #169, #1169 ) ) ;
#1984 = DIRECTION ( 'NONE',  ( 1.000000000000000000, 3.551402391763240247E-15, 0.000000000000000000 ) ) ;
#1985 = CARTESIAN_POINT ( 'NONE',  ( -0.06923044929529428848, 0.8400000000000000799, 0.4344151918195251483 ) ) ;
#1986 = ORIENTED_EDGE ( 'NONE', *, *, #1311, .F. ) ;
#1987 = ORIENTED_EDGE ( 'NONE', *, *, #240, .F. ) ;
#1988 = DIRECTION ( 'NONE',  ( 3.491481338843135327E-15, -1.000000000000000000, 0.000000000000000000 ) ) ;
#1989 = EDGE_CURVE ( 'NONE', #1621, #2431, #314, .T. ) ;
#1990 = DIRECTION ( 'NONE',  ( 3.491481338843135327E-15, -1.000000000000000000, 0.000000000000000000 ) ) ;
#1991 = CARTESIAN_POINT ( 'NONE',  ( -0.1875000000000070222, 0.9899999999999994360, 2.296212748401330867E-17 ) ) ;
#1992 = ORIENTED_EDGE ( 'NONE', *, *, #1765, .F. ) ;
#1993 = CARTESIAN_POINT ( 'NONE',  ( -0.4359042834906554087, 0.03826872246058039134, 0.2751609897703859442 ) ) ;
#1994 = CONICAL_SURFACE ( 'NONE', #1459, 0.5000000000000000000, 0.3842488746094968044 ) ;
#1995 = EDGE_LOOP ( 'NONE', ( #1158, #2184, #2083, #2057, #1803, #2374 ) ) ;
#1996 = CARTESIAN_POINT ( 'NONE',  ( 0.1264999999999965874, 0.9789904942420153411, 0.3287500000000000977 ) ) ;
#1997 = CARTESIAN_POINT ( 'NONE',  ( -0.04796088579119627687, 0.8346578985047004018, 0.4457303782412378457 ) ) ;
#1998 = MANIFOLD_SOLID_BREP ( 'A2212 Brushless Motor', #839 ) ;
#1999 = AXIS2_PLACEMENT_3D ( 'NONE', #1866, #2328, #531 ) ;
#2000 = ORIENTED_EDGE ( 'NONE', *, *, #1046, .F. ) ;
#2001 = CARTESIAN_POINT ( 'NONE',  ( 0.1264999999999965874, 0.9789904942420153411, 0.3287500000000000977 ) ) ;
#2002 = VECTOR ( 'NONE', #1287, 39.37007874015748143 ) ;
#2003 = ORIENTED_EDGE ( 'NONE', *, *, #585, .T. ) ;
#2004 = AXIS2_PLACEMENT_3D ( 'NONE', #1721, #2112, #2301 ) ;
#2005 = FACE_OUTER_BOUND ( 'NONE', #1127, .T. ) ;
#2006 = CARTESIAN_POINT ( 'NONE',  ( 0.000000000000000000, 0.2000000000000000111, 0.000000000000000000 ) ) ;
#2007 = EDGE_CURVE ( 'NONE', #39, #1526, #655, .T. ) ;
#2008 = LINE ( 'NONE', #586, #2490 ) ;
#2009 = ORIENTED_EDGE ( 'NONE', *, *, #2260, .T. ) ;
#2010 = PLANE ( 'NONE',  #112 ) ;
#2011 = EDGE_CURVE ( 'NONE', #1004, #532, #348, .T. ) ;
#2012 = PRODUCT_DEFINITION ( 'UNKNOWN', '', #554, #1443 ) ;
#2013 = EDGE_LOOP ( 'NONE', ( #472, #568, #374, #195 ) ) ;
#2014 = CARTESIAN_POINT ( 'NONE',  ( 0.1264999999999970592, 0.8400000000000004130, -0.3722901791045901687 ) ) ;
#2015 = CARTESIAN_POINT ( 'NONE',  ( 0.2949999999999999845, 0.1150000000000000050, -0.4600404873486684809 ) ) ;
#2016 = CARTESIAN_POINT ( 'NONE',  ( -0.03496184861158389834, 0.9155316381172053930, 0.4503945128941837517 ) ) ;
#2017 = VERTEX_POINT ( 'NONE', #2221 ) ;
#2018 = DIRECTION ( 'NONE',  ( 3.491481338843134933E-15, -1.000000000000000000, 0.000000000000000000 ) ) ;
#2019 = DIRECTION ( 'NONE',  ( 3.491481338843135327E-15, -1.000000000000000000, 0.000000000000000000 ) ) ;
#2020 = CARTESIAN_POINT ( 'NONE',  ( 3.693554612633535330E-14, -10.57876085872868188, 0.000000000000000000 ) ) ;
#2021 = EDGE_LOOP ( 'NONE', ( #285, #1476, #1122, #2329 ) ) ;
#2022 = DIRECTION ( 'NONE',  ( 3.491481338843135327E-15, -1.000000000000000000, 0.000000000000000000 ) ) ;
#2023 = ORIENTED_EDGE ( 'NONE', *, *, #748, .T. ) ;
#2024 = CARTESIAN_POINT ( 'NONE',  ( -0.1183168866852070400, 0.9900000000000008793, -0.09739163799147014522 ) ) ;
#2025 = CARTESIAN_POINT ( 'NONE',  ( -0.4550000000000031242, 0.9134042553191481506, 0.01764032375046019688 ) ) ;
#2026 = CARTESIAN_POINT ( 'NONE',  ( 9.705473735494725127E-30, -3.551402391763543170E-15, 0.000000000000000000 ) ) ;
#2027 = ORIENTED_EDGE ( 'NONE', *, *, #246, .F. ) ;
#2028 = DIRECTION ( 'NONE',  ( 3.491481338843135327E-15, -1.000000000000000000, 0.000000000000000000 ) ) ;
#2029 = DIRECTION ( 'NONE',  ( 1.000000000000000000, 3.482341965662643695E-15, 0.000000000000000000 ) ) ;
#2030 = EDGE_LOOP ( 'NONE', ( #557, #844, #2009, #2295 ) ) ;
#2031 = CARTESIAN_POINT ( 'NONE',  ( 7.764378988395787108E-30, -2.185478394931409391E-15, 0.000000000000000000 ) ) ;
#2032 = ORIENTED_EDGE ( 'NONE', *, *, #1739, .T. ) ;
#2033 = CARTESIAN_POINT ( 'NONE',  ( -4.015203539669614008E-16, 0.1150000000000000050, -0.3437613414807503265 ) ) ;
#2034 = DIRECTION ( 'NONE',  ( 1.000000000000000000, 3.669646558653488400E-15, 0.000000000000000000 ) ) ;
#2035 = CIRCLE ( 'NONE', #2201, 0.3349999999999999645 ) ;
#2036 = EDGE_CURVE ( 'NONE', #534, #2508, #186, .T. ) ;
#2037 = CARTESIAN_POINT ( 'NONE',  ( 0.1123593431961436295, 0.9455413425734273680, 0.3888646935291973361 ) ) ;
#2038 = ORIENTED_EDGE ( 'NONE', *, *, #2435, .T. ) ;
#2039 = CIRCLE ( 'NONE', #2406, 0.04999999999999998196 ) ;
#2040 = AXIS2_PLACEMENT_3D ( 'NONE', #1322, #2110, #1131 ) ;
#2041 = EDGE_CURVE ( 'NONE', #847, #368, #962, .T. ) ;
#2042 = AXIS2_PLACEMENT_3D ( 'NONE', #1109, #1690, #742 ) ;
#2043 = DIRECTION ( 'NONE',  ( 1.000000000000000000, 3.480104495818906120E-15, 0.000000000000000000 ) ) ;
#2044 = AXIS2_PLACEMENT_3D ( 'NONE', #1196, #1980, #214 ) ;
#2045 = CARTESIAN_POINT ( 'NONE',  ( -0.09739163799147573797, 0.9899999999999997691, -0.1183168866851977696 ) ) ;
#2046 = ORIENTED_EDGE ( 'NONE', *, *, #1893, .F. ) ;
#2047 = AXIS2_PLACEMENT_3D ( 'NONE', #2299, #2475, #899 ) ;
#2048 = ADVANCED_FACE ( 'NONE', ( #460 ), #267, .F. ) ;
#2049 = FACE_OUTER_BOUND ( 'NONE', #2338, .T. ) ;
#2050 = EDGE_CURVE ( 'NONE', #53, #2079, #1834, .T. ) ;
#2051 = VERTEX_POINT ( 'NONE', #1447 ) ;
#2052 = FACE_OUTER_BOUND ( 'NONE', #1744, .T. ) ;
#2053 = EDGE_CURVE ( 'NONE', #676, #2192, #412, .T. ) ;
#2054 = CARTESIAN_POINT ( 'NONE',  ( -0.1265000000000029434, 0.8399999999999996358, 0.07625000000000003997 ) ) ;
#2055 = CARTESIAN_POINT ( 'NONE',  ( 3.693554612633535330E-14, -10.57876085872868188, 0.000000000000000000 ) ) ;
#2056 = CARTESIAN_POINT ( 'NONE',  ( -0.08042851999632742721, 0.9268021897739063819, 0.4265600556380440000 ) ) ;
#2057 = ORIENTED_EDGE ( 'NONE', *, *, #609, .T. ) ;
#2058 = CARTESIAN_POINT ( 'NONE',  ( 0.2651650429449500246, 1.503039370078740333, 0.2651650429449555202 ) ) ;
#2059 = EDGE_CURVE ( 'NONE', #985, #636, #2197, .T. ) ;
#2060 = DIRECTION ( 'NONE',  ( 3.491481338843135327E-15, -1.000000000000000000, -0.000000000000000000 ) ) ;
#2061 = CARTESIAN_POINT ( 'NONE',  ( 0.3287499999999972666, 0.8400000000000000799, -0.1264999999999988634 ) ) ;
#2062 = VERTEX_POINT ( 'NONE', #1847 ) ;
#2063 = DIRECTION ( 'NONE',  ( 1.000000000000000000, 4.370956789862449596E-15, 0.000000000000000000 ) ) ;
#2064 = CARTESIAN_POINT ( 'NONE',  ( 0.3287499999999966560, 0.8400000000000000799, 0.1265000000000011393 ) ) ;
#2065 = CARTESIAN_POINT ( 'NONE',  ( 0.2651650429449500246, 1.503039370078740333, 0.2651650429449555202 ) ) ;
#2066 = DIRECTION ( 'NONE',  ( 3.491481338843135327E-15, -1.000000000000000000, 0.000000000000000000 ) ) ;
#2067 = LINE ( 'NONE', #1911, #1177 ) ;
#2068 = ORIENTED_EDGE ( 'NONE', *, *, #979, .F. ) ;
#2069 = CARTESIAN_POINT ( 'NONE',  ( -3.456566525454700917E-15, 0.9900000000000001021, 0.000000000000000000 ) ) ;
#2070 = CARTESIAN_POINT ( 'NONE',  ( -0.6875226829615019852, 0.1149999999999976458, -7.201417852774329704E-15 ) ) ;
#2071 = ADVANCED_FACE ( 'NONE', ( #678 ), #664, .F. ) ;
#2072 = CARTESIAN_POINT ( 'NONE',  ( 0.02454359568145289203, 0.8313967345498900485, -0.4527516228338612780 ) ) ;
#2073 = CARTESIAN_POINT ( 'NONE',  ( -0.1265000000000029434, 0.8399999999999996358, -0.3287499999999999867 ) ) ;
#2074 = CARTESIAN_POINT ( 'NONE',  ( 0.2651650429449551316, 0.08999999999999999667, -0.2651650429449555202 ) ) ;
#2075 = FACE_OUTER_BOUND ( 'NONE', #825, .T. ) ;
#2076 = CARTESIAN_POINT ( 'NONE',  ( -0.3887600119490606243, 0.9455959517386008928, 0.1124112467657109732 ) ) ;
#2077 =( BOUNDED_CURVE ( )  B_SPLINE_CURVE ( 3, ( #1047, #1845, #291, #1255 ),
 .UNSPECIFIED., .F., .F. ) 
 B_SPLINE_CURVE_WITH_KNOTS ( ( 4, 4 ),
 ( 3.284867705407113814, 6.139910255362265978 ),
 .UNSPECIFIED. ) 
 CURVE ( )  GEOMETRIC_REPRESENTATION_ITEM ( )  RATIONAL_B_SPLINE_CURVE ( ( 1.000000000000000000, 0.4285235794521365382, 0.4285235794521365382, 1.000000000000000000 ) ) 
 REPRESENTATION_ITEM ( '' )  );
#2078 = ADVANCED_FACE ( 'NONE', ( #340 ), #1687, .F. ) ;
#2079 = VERTEX_POINT ( 'NONE', #328 ) ;
#2080 = CIRCLE ( 'NONE', #1335, 0.1875000000000039413 ) ;
#2081 = DIRECTION ( 'NONE',  ( 0.000000000000000000, 0.000000000000000000, -1.000000000000000000 ) ) ;
#2082 = CARTESIAN_POINT ( 'NONE',  ( -0.1265000000000034430, 0.9798827236680235364, 0.5812499999999999334 ) ) ;
#2083 = ORIENTED_EDGE ( 'NONE', *, *, #1856, .F. ) ;
#2084 = CIRCLE ( 'NONE', #2042, 0.4398970493117945191 ) ;
#2085 = AXIS2_PLACEMENT_3D ( 'NONE', #2069, #1484, #1474 ) ;
#2086 = DIRECTION ( 'NONE',  ( -3.491481338843135327E-15, 1.000000000000000000, -0.000000000000000000 ) ) ;
#2087 = DIRECTION ( 'NONE',  ( 3.491481338843135327E-15, -1.000000000000000000, -0.000000000000000000 ) ) ;
#2088 = CIRCLE ( 'NONE', #1959, 0.5464999999999999858 ) ;
#2089 = CIRCLE ( 'NONE', #1014, 0.4709941319773094937 ) ;
#2090 = CARTESIAN_POINT ( 'NONE',  ( -0.1265000000000029434, 0.8399999999999996358, -0.3287499999999999867 ) ) ;
#2091 = CYLINDRICAL_SURFACE ( 'NONE', #1224, 0.5464999999999999858 ) ;
#2092 = EDGE_CURVE ( 'NONE', #1004, #1319, #2480, .T. ) ;
#2093 = EDGE_CURVE ( 'NONE', #1329, #1103, #1493, .T. ) ;
#2094 = DIRECTION ( 'NONE',  ( -1.000000000000000000, -3.492473325533599245E-15, 0.000000000000000000 ) ) ;
#2095 = ORIENTED_EDGE ( 'NONE', *, *, #1933, .T. ) ;
#2096 = CARTESIAN_POINT ( 'NONE',  ( 0.1264999999999965596, 0.9798827236680244246, 0.3287499999999999867 ) ) ;
#2097 = VERTEX_POINT ( 'NONE', #523 ) ;
#2098 = CARTESIAN_POINT ( 'NONE',  ( 3.693554612633535330E-14, -10.57876085872868188, 0.000000000000000000 ) ) ;
#2099 = DIRECTION ( 'NONE',  ( 1.000000000000000000, 3.669646558653488400E-15, 0.000000000000000000 ) ) ;
#2100 = CARTESIAN_POINT ( 'NONE',  ( 0.3287499999999975442, 0.8400000000000000799, -0.1264999999999988634 ) ) ;
#2101 = DIRECTION ( 'NONE',  ( 3.491481338843135327E-15, -1.000000000000000000, 0.000000000000000000 ) ) ;
#2102 = CARTESIAN_POINT ( 'NONE',  ( -0.4359042834906498021, 0.03826872246058093952, -0.2751609897703952146 ) ) ;
#2103 = EDGE_CURVE ( 'NONE', #1679, #1209, #429, .T. ) ;
#2104 = VERTEX_POINT ( 'NONE', #351 ) ;
#2105 = ORIENTED_EDGE ( 'NONE', *, *, #1438, .T. ) ;
#2106 = CARTESIAN_POINT ( 'NONE',  ( -0.5464999999999999858, 0.2000000000000000111, 6.692694757340283400E-17 ) ) ;
#2107 = EDGE_LOOP ( 'NONE', ( #1229, #1862, #953, #1237 ) ) ;
#2108 = LINE ( 'NONE', #563, #1710 ) ;
#2109 = CARTESIAN_POINT ( 'NONE',  ( 0.000000000000000000, 0.2000000000000000111, 0.000000000000000000 ) ) ;
#2110 = DIRECTION ( 'NONE',  ( 3.491481338843135327E-15, -1.000000000000000000, 0.000000000000000000 ) ) ;
#2111 = DIRECTION ( 'NONE',  ( 3.491481338843135327E-15, -1.000000000000000000, 0.000000000000000000 ) ) ;
#2112 = DIRECTION ( 'NONE',  ( -3.491481338843135327E-15, 1.000000000000000000, -0.000000000000000000 ) ) ;
#2113 = DIRECTION ( 'NONE',  ( 3.491481338843134933E-15, -1.000000000000000000, 0.000000000000000000 ) ) ;
#2114 = ORIENTED_EDGE ( 'NONE', *, *, #1961, .F. ) ;
#2115 = ADVANCED_FACE ( 'NONE', ( #303 ), #2489, .T. ) ;
#2116 = APPLICATION_CONTEXT ( 'automotive_design' ) ;
#2117 = ORIENTED_EDGE ( 'NONE', *, *, #673, .F. ) ;
#2118 = CARTESIAN_POINT ( 'NONE',  ( 0.2651650429449551316, 0.08999999999999999667, 0.2651650429449555202 ) ) ;
#2119 = EDGE_CURVE ( 'NONE', #208, #1023, #41, .T. ) ;
#2120 = CARTESIAN_POINT ( 'NONE',  ( -0.5465000000000029834, 0.8549999999999980949, 6.692694757340285865E-17 ) ) ;
#2121 = CARTESIAN_POINT ( 'NONE',  ( -0.06249999999996758149, -10.57876085872868188, 7.654042494671512213E-18 ) ) ;
#2122 = AXIS2_PLACEMENT_3D ( 'NONE', #1563, #567, #918 ) ;
#2123 = EDGE_CURVE ( 'NONE', #1226, #2332, #308, .T. ) ;
#2124 = CARTESIAN_POINT ( 'NONE',  ( 0.4407554140140731991, 0.9200352612761044657, 0.05901819004503883193 ) ) ;
#2125 = AXIS2_PLACEMENT_3D ( 'NONE', #1183, #1347, #2336 ) ;
#2126 = ORIENTED_EDGE ( 'NONE', *, *, #1165, .F. ) ;
#2127 = AXIS2_PLACEMENT_3D ( 'NONE', #1388, #1814, #2383 ) ;
#2128 = CARTESIAN_POINT ( 'NONE',  ( -0.2418335150824980351, 0.1150000000000000050, -0.4041683106577046991 ) ) ;
#2129 = FACE_OUTER_BOUND ( 'NONE', #866, .T. ) ;
#2130 = EDGE_CURVE ( 'NONE', #620, #2508, #2281, .T. ) ;
#2131 = ORIENTED_EDGE ( 'NONE', *, *, #2416, .F. ) ;
#2132 = CIRCLE ( 'NONE', #1751, 0.5464999999999999858 ) ;
#2133 = DIRECTION ( 'NONE',  ( 0.000000000000000000, -1.000000000000000000, 0.000000000000000000 ) ) ;
#2134 = ORIENTED_EDGE ( 'NONE', *, *, #2183, .T. ) ;
#2135 = CARTESIAN_POINT ( 'NONE',  ( -0.2651650429449559088, 0.08999999999999822031, 0.2651650429449555202 ) ) ;
#2136 = CARTESIAN_POINT ( 'NONE',  ( 0.4600404873486669266, 0.1150000000000015732, 0.2949999999999999845 ) ) ;
#2137 = CARTESIAN_POINT ( 'NONE',  ( -0.2639537641432858628, -9.215896418236790939E-16, 0.4246509276977873393 ) ) ;
#2138 = LINE ( 'NONE', #769, #2533 ) ;
#2139 = EDGE_LOOP ( 'NONE', ( #1574, #1756, #427, #1164, #2385, #1517 ) ) ;
#2140 = CARTESIAN_POINT ( 'NONE',  ( 0.06923044929528837654, 0.8400000000000000799, 0.4344151918195251483 ) ) ;
#2141 = CARTESIAN_POINT ( 'NONE',  ( 0.4479272945231652092, 0.8336341463638182736, 0.04219079671714900254 ) ) ;
#2142 = VERTEX_POINT ( 'NONE', #1142 ) ;
#2143 = DIRECTION ( 'NONE',  ( 3.491481338843125072E-15, -1.000000000000000000, 7.888609052210119455E-30 ) ) ;
#2144 = VERTEX_POINT ( 'NONE', #1519 ) ;
#2145 = CARTESIAN_POINT ( 'NONE',  ( -0.4344151918195275353, 0.8400000000000000799, -0.06923044929529606484 ) ) ;
#2146 = B_SPLINE_CURVE_WITH_KNOTS ( 'NONE', 3,
 ( #499, #1885, #125, #1894 ),
 .UNSPECIFIED., .F., .F.,
 ( 4, 4 ),
 ( 0.01128487440222957633, 0.01182222865384977527 ),
 .UNSPECIFIED. ) ;
#2147 = CARTESIAN_POINT ( 'NONE',  ( -4.015203539669606120E-16, 0.1149999999999980344, 0.000000000000000000 ) ) ;
#2148 = EDGE_CURVE ( 'NONE', #614, #1399, #2146, .T. ) ;
#2149 = DIRECTION ( 'NONE',  ( 3.491481338843135327E-15, -1.000000000000000000, 0.000000000000000000 ) ) ;
#2150 = VERTEX_POINT ( 'NONE', #2106 ) ;
#2151 = CYLINDRICAL_SURFACE ( 'NONE', #1178, 0.05000000000000000971 ) ;
#2152 = APPLICATION_PROTOCOL_DEFINITION ( 'draft international standard', 'automotive_design', 1998, #2116 ) ;
#2153 = EDGE_LOOP ( 'NONE', ( #2459, #1542, #1240, #1569, #1334, #2421 ) ) ;
#2154 = DIRECTION ( 'NONE',  ( -1.000000000000000000, -3.499164859222294928E-15, 0.000000000000000000 ) ) ;
#2155 = VERTEX_POINT ( 'NONE', #146 ) ;
#2156 = ORIENTED_EDGE ( 'NONE', *, *, #2011, .T. ) ;
#2157 = CARTESIAN_POINT ( 'NONE',  ( -0.07625000000000925482, 0.8400000000000008571, 0.1264999999999944502 ) ) ;
#2158 = CARTESIAN_POINT ( 'NONE',  ( 0.1038149194472107462, 0.9384822150083245162, -0.4027732769871670282 ) ) ;
#2159 = CARTESIAN_POINT ( 'NONE',  ( 0.1175000000000404887, -10.57876085872868188, 0.000000000000000000 ) ) ;
#2160 = EDGE_LOOP ( 'NONE', ( #426, #762, #750, #217 ) ) ;
#2161 = AXIS2_PLACEMENT_3D ( 'NONE', #1, #380, #1171 ) ;
#2162 = DIRECTION ( 'NONE',  ( -1.000000000000000000, -3.491481338843134933E-15, 0.000000000000000000 ) ) ;
#2163 = AXIS2_PLACEMENT_3D ( 'NONE', #1423, #1383, #2212 ) ;
#2164 = ORIENTED_EDGE ( 'NONE', *, *, #1123, .F. ) ;
#2165 = AXIS2_PLACEMENT_3D ( 'NONE', #1321, #1488, #1888 ) ;
#2166 = CIRCLE ( 'NONE', #1056, 0.5065000000000000613 ) ;
#2167 = EDGE_CURVE ( 'NONE', #2219, #2395, #1495, .T. ) ;
#2168 = DIRECTION ( 'NONE',  ( 3.491481338843124678E-15, -1.000000000000000000, -7.888609052210119455E-30 ) ) ;
#2169 = UNCERTAINTY_MEASURE_WITH_UNIT (LENGTH_MEASURE( 1.000000000000000082E-05 ), #2302, 'distance_accuracy_value', 'NONE');
#2170 = AXIS2_PLACEMENT_3D ( 'NONE', #2495, #1154, #1896 ) ;
#2171 = ORIENTED_EDGE ( 'NONE', *, *, #2346, .F. ) ;
#2172 = ORIENTED_EDGE ( 'NONE', *, *, #1432, .T. ) ;
#2173 = DIRECTION ( 'NONE',  ( -3.491481338843135722E-15, 0.000000000000000000, 1.000000000000000000 ) ) ;
#2174 = B_SPLINE_CURVE_WITH_KNOTS ( 'NONE', 3,
 ( #2187, #1796, #420, #1810 ),
 .UNSPECIFIED., .F., .F.,
 ( 4, 4 ),
 ( 3.422508744630747105E-17, 0.0005372670658121380923 ),
 .UNSPECIFIED. ) ;
#2175 = CARTESIAN_POINT ( 'NONE',  ( 0.05925535510008481110, 0.9200946445558151332, -0.4406293658824874115 ) ) ;
#2176 = DIRECTION ( 'NONE',  ( 0.000000000000000000, 0.000000000000000000, 1.000000000000000000 ) ) ;
#2177 = VERTEX_POINT ( 'NONE', #2306 ) ;
#2178 = DIRECTION ( 'NONE',  ( 3.491481338843135327E-15, -1.000000000000000000, 0.000000000000000000 ) ) ;
#2179 = ORIENTED_EDGE ( 'NONE', *, *, #225, .T. ) ;
#2180 = FACE_OUTER_BOUND ( 'NONE', #1642, .T. ) ;
#2181 = DIRECTION ( 'NONE',  ( -3.491481338843135327E-15, 1.000000000000000000, 0.000000000000000000 ) ) ;
#2182 = VERTEX_POINT ( 'NONE', #913 ) ;
#2183 = EDGE_CURVE ( 'NONE', #1601, #2144, #1868, .T. ) ;
#2184 = ORIENTED_EDGE ( 'NONE', *, *, #931, .T. ) ;
#2185 = DIRECTION ( 'NONE',  ( 3.491481338843134933E-15, -1.000000000000000000, 0.000000000000000000 ) ) ;
#2186 = DIRECTION ( 'NONE',  ( 3.491481338843135327E-15, -1.000000000000000000, 0.000000000000000000 ) ) ;
#2187 = CARTESIAN_POINT ( 'NONE',  ( -0.3107233471412563230, 0.9900000000000001021, 0.1252038399624340326 ) ) ;
#2188 = ORIENTED_EDGE ( 'NONE', *, *, #366, .T. ) ;
#2189 = ORIENTED_EDGE ( 'NONE', *, *, #889, .T. ) ;
#2190 = CARTESIAN_POINT ( 'NONE',  ( -2.779203243172310735E-15, 0.7959954453295670085, 0.000000000000000000 ) ) ;
#2191 = DIRECTION ( 'NONE',  ( 3.491481338843135327E-15, -1.000000000000000000, -0.000000000000000000 ) ) ;
#2192 = VERTEX_POINT ( 'NONE', #729 ) ;
#2193 = ORIENTED_EDGE ( 'NONE', *, *, #1703, .F. ) ;
#2194 = EDGE_CURVE ( 'NONE', #1402, #613, #2355, .T. ) ;
#2195 = CARTESIAN_POINT ( 'NONE',  ( 3.693554612633535330E-14, -10.57876085872868188, 0.000000000000000000 ) ) ;
#2196 = ADVANCED_FACE ( 'NONE', ( #1214 ), #1389, .T. ) ;
#2197 = LINE ( 'NONE', #471, #800 ) ;
#2198 = DIRECTION ( 'NONE',  ( 0.000000000000000000, -1.000000000000000000, 0.000000000000000000 ) ) ;
#2199 = ORIENTED_EDGE ( 'NONE', *, *, #1607, .F. ) ;
#2200 = CARTESIAN_POINT ( 'NONE',  ( 0.4105866846115525104, 0.8400000000000003020, 0.1057436503811958611 ) ) ;
#2201 = AXIS2_PLACEMENT_3D ( 'NONE', #288, #260, #2034 ) ;
#2202 = VERTEX_POINT ( 'NONE', #414 ) ;
#2203 = CARTESIAN_POINT ( 'NONE',  ( 0.1264999999999970592, 0.8400000000000004130, 0.3722901791045901687 ) ) ;
#2204 = CARTESIAN_POINT ( 'NONE',  ( 7.764378988395787108E-30, -2.185478394931409391E-15, 0.000000000000000000 ) ) ;
#2205 = AXIS2_PLACEMENT_3D ( 'NONE', #1015, #379, #809 ) ;
#2206 = CIRCLE ( 'NONE', #70, 0.3725226829615011503 ) ;
#2207 = CARTESIAN_POINT ( 'NONE',  ( 0.1264999999999970592, 0.8400000000000004130, 0.3287499999999999867 ) ) ;
#2208 = ORIENTED_EDGE ( 'NONE', *, *, #862, .T. ) ;
#2209 = AXIS2_PLACEMENT_3D ( 'NONE', #2033, #1276, #1429 ) ;
#2210 = CONICAL_SURFACE ( 'NONE', #1104, 0.5464999999999999858, 1.002691594320465951 ) ;
#2211 = CARTESIAN_POINT ( 'NONE',  ( 0.1264999999999966984, 0.9900000000000008793, 0.07624999999999998446 ) ) ;
#2212 = DIRECTION ( 'NONE',  ( -1.000000000000000000, -3.487465523826613446E-15, 0.000000000000000000 ) ) ;
#2213 = ORIENTED_EDGE ( 'NONE', *, *, #610, .F. ) ;
#2214 = LINE ( 'NONE', #2237, #352 ) ;
#2215 = ORIENTED_EDGE ( 'NONE', *, *, #1432, .F. ) ;
#2216 = DIRECTION ( 'NONE',  ( 1.000000000000000000, 5.463695987328525648E-15, 0.000000000000000000 ) ) ;
#2217 = DIRECTION ( 'NONE',  ( -3.491481338843134933E-15, 1.000000000000000000, 0.000000000000000000 ) ) ;
#2218 = CARTESIAN_POINT ( 'NONE',  ( -0.1265000000000029434, 0.8399999999999996358, 0.3287499999999999867 ) ) ;
#2219 = VERTEX_POINT ( 'NONE', #813 ) ;
#2220 = PLANE ( 'NONE',  #802 ) ;
#2221 = CARTESIAN_POINT ( 'NONE',  ( -0.5464999999999999858, 0.7940000000000000391, 6.692694757340280935E-17 ) ) ;
#2222 = CARTESIAN_POINT ( 'NONE',  ( 0.2335682736637386125, 0.08999999999999999667, -0.3973175643667803403 ) ) ;
#2223 = B_SPLINE_CURVE_WITH_KNOTS ( 'NONE', 3,
 ( #1129, #1909, #154, #1876, #1717, #119, #1207, #2345, #981, #584, #213, #1368, #1008, #2175, #1795, #1395, #391, #2158, #1588, #2545, #564, #1533 ),
 .UNSPECIFIED., .F., .F.,
 ( 4, 2, 2, 2, 2, 2, 2, 2, 2, 2, 4 ),
 ( 0.0005372670658121350565, 0.001880717982864317343, 0.003224168899916499739, 0.004567619816968682134, 0.005911070734020864963, 0.006582796192546955943, 0.007254521651073046924, 0.007926247109599137905, 0.008597972568125228018, 0.009941423485177408245, 0.01128487440222958847 ),
 .UNSPECIFIED. ) ;
#2224 = ORIENTED_EDGE ( 'NONE', *, *, #1394, .F. ) ;
#2225 = CARTESIAN_POINT ( 'NONE',  ( 0.3887600119490540185, 0.9455959517386033353, -0.1124112467657133047 ) ) ;
#2226 = EDGE_CURVE ( 'NONE', #2142, #1319, #387, .T. ) ;
#2227 = EDGE_LOOP ( 'NONE', ( #2542, #203 ) ) ;
#2228 = CARTESIAN_POINT ( 'NONE',  ( -0.1183168866852091494, 0.9900000000000008793, 0.09739163799146782763 ) ) ;
#2229 = EDGE_CURVE ( 'NONE', #705, #914, #2080, .T. ) ;
#2230 = CARTESIAN_POINT ( 'NONE',  ( -0.4512173634168286096, 0.9151326703409299324, 0.03528300820364890789 ) ) ;
#2231 = CARTESIAN_POINT ( 'NONE',  ( -0.4041683106577023676, 0.1149999999999986172, -0.2418335150825015878 ) ) ;
#2232 = ORIENTED_EDGE ( 'NONE', *, *, #1496, .F. ) ;
#2233 = ADVANCED_FACE ( 'NONE', ( #456 ), #917, .F. ) ;
#2234 = PLANE ( 'NONE',  #1180 ) ;
#2235 = CARTESIAN_POINT ( 'NONE',  ( 0.4041683106577046991, 0.1150000000000013789, -0.2418335150824960644 ) ) ;
#2236 = EDGE_LOOP ( 'NONE', ( #834, #2208 ) ) ;
#2237 = CARTESIAN_POINT ( 'NONE',  ( 0.3287499999999995981, -3.937007874197252094E-05, 0.1265000000000011393 ) ) ;
#2238 = ORIENTED_EDGE ( 'NONE', *, *, #2300, .T. ) ;
#2239 = DIRECTION ( 'NONE',  ( 3.491481338843134933E-15, -1.000000000000000000, 0.000000000000000000 ) ) ;
#2240 = DIRECTION ( 'NONE',  ( 3.491481338843135327E-15, -1.000000000000000000, 0.000000000000000000 ) ) ;
#2241 = AXIS2_PLACEMENT_3D ( 'NONE', #480, #1646, #2425 ) ;
#2242 = ADVANCED_FACE ( 'NONE', ( #943 ), #1994, .T. ) ;
#2243 = ADVANCED_FACE ( 'NONE', ( #1019 ), #67, .T. ) ;
#2244 = DIRECTION ( 'NONE',  ( 3.491481338843135327E-15, -1.000000000000000000, 0.000000000000000000 ) ) ;
#2245 = ORIENTED_EDGE ( 'NONE', *, *, #1515, .F. ) ;
#2246 = CIRCLE ( 'NONE', #228, 0.5464999999999999858 ) ;
#2247 = CIRCLE ( 'NONE', #967, 0.1875000000000039413 ) ;
#2248 = CIRCLE ( 'NONE', #2322, 0.5464999999999999858 ) ;
#2249 = FACE_OUTER_BOUND ( 'NONE', #12, .T. ) ;
#2250 = CIRCLE ( 'NONE', #727, 0.3725226829615011503 ) ;
#2251 =( LENGTH_UNIT ( ) NAMED_UNIT ( * ) SI_UNIT ( $, .METRE. ) );
#2252 = CIRCLE ( 'NONE', #1792, 0.05000000000000000971 ) ;
#2253 = CARTESIAN_POINT ( 'NONE',  ( 0.3107233471412476078, 0.9900000000000001021, 0.1252038399624383902 ) ) ;
#2254 = ORIENTED_EDGE ( 'NONE', *, *, #791, .F. ) ;
#2255 = CARTESIAN_POINT ( 'NONE',  ( -0.3287500000000013745, -3.937007874415803535E-05, 0.1264999999999965596 ) ) ;
#2256 = DIRECTION ( 'NONE',  ( 1.000000000000000000, 3.491481338843135327E-15, 0.000000000000000000 ) ) ;
#2257 = CARTESIAN_POINT ( 'NONE',  ( -0.5464999999999999858, 0.2249999999999999778, 6.692694757340280935E-17 ) ) ;
#2258 = CYLINDRICAL_SURFACE ( 'NONE', #1541, 0.5464999999999999858 ) ;
#2259 = ORIENTED_EDGE ( 'NONE', *, *, #826, .T. ) ;
#2260 = EDGE_CURVE ( 'NONE', #395, #1147, #824, .T. ) ;
#2261 = FACE_BOUND ( 'NONE', #1632, .T. ) ;
#2262 = DIRECTION ( 'NONE',  ( -3.491481338843135327E-15, 1.000000000000000000, -0.000000000000000000 ) ) ;
#2263 = ORIENTED_EDGE ( 'NONE', *, *, #1817, .T. ) ;
#2264 = CARTESIAN_POINT ( 'NONE',  ( 0.4477011623827722997, 0.07660867031663806670, -0.2854848246250076826 ) ) ;
#2265 = VERTEX_POINT ( 'NONE', #1605 ) ;
#2266 = DIRECTION ( 'NONE',  ( 1.000000000000000000, 4.586523389153012283E-15, 0.000000000000000000 ) ) ;
#2267 = CARTESIAN_POINT ( 'NONE',  ( 0.3287499999999972666, 0.8400000000000000799, -0.1264999999999988634 ) ) ;
#2268 = DIRECTION ( 'NONE',  ( 3.491481338843124678E-15, -1.000000000000000000, 7.851706960774249329E-30 ) ) ;
#2269 = CARTESIAN_POINT ( 'NONE',  ( -0.2651650429449555202, 0.08999999999999822031, -0.2651650429449555202 ) ) ;
#2270 = ORIENTED_EDGE ( 'NONE', *, *, #151, .F. ) ;
#2271 = ADVANCED_FACE ( 'NONE', ( #650 ), #14, .F. ) ;
#2272 = DIRECTION ( 'NONE',  ( 0.000000000000000000, 0.000000000000000000, -1.000000000000000000 ) ) ;
#2273 = VERTEX_POINT ( 'NONE', #2015 ) ;
#2274 = ADVANCED_FACE ( 'NONE', ( #1595, #1815 ), #1531, .F. ) ;
#2275 = CARTESIAN_POINT ( 'NONE',  ( 0.4018576884605464250, 0.1066584767751896645, -0.2391261777554784529 ) ) ;
#2276 = CARTESIAN_POINT ( 'NONE',  ( -0.3973175643667787860, 0.08999999999999783173, -0.2335682736637433310 ) ) ;
#2277 = CARTESIAN_POINT ( 'NONE',  ( -4.015203539669606120E-16, 0.1150000000000000050, -0.6875226829615019852 ) ) ;
#2278 = FACE_OUTER_BOUND ( 'NONE', #1343, .T. ) ;
#2279 = DIRECTION ( 'NONE',  ( -3.491481338843135327E-15, 1.000000000000000000, -0.000000000000000000 ) ) ;
#2280 = CARTESIAN_POINT ( 'NONE',  ( -3.142333204958790733E-16, 0.08999999999999999667, 0.000000000000000000 ) ) ;
#2281 = CIRCLE ( 'NONE', #841, 0.5464999999999999858 ) ;
#2282 = VECTOR ( 'NONE', #2113, 39.37007874015748143 ) ;
#2283 = DIRECTION ( 'NONE',  ( 3.491481338843134933E-15, -1.000000000000000000, 0.000000000000000000 ) ) ;
#2284 = ORIENTED_EDGE ( 'NONE', *, *, #1097, .T. ) ;
#2285 = AXIS2_PLACEMENT_3D ( 'NONE', #2380, #771, #24 ) ;
#2286 = AXIS2_PLACEMENT_3D ( 'NONE', #2499, #1278, #1704 ) ;
#2287 = DIRECTION ( 'NONE',  ( 1.000000000000000000, 4.586523389153012283E-15, 0.000000000000000000 ) ) ;
#2288 = CARTESIAN_POINT ( 'NONE',  ( 0.1264999999999965874, 0.9789904942420153411, 0.3287500000000000977 ) ) ;
#2289 = CIRCLE ( 'NONE', #2127, 0.4608854363251346786 ) ;
#2290 = AXIS2_PLACEMENT_3D ( 'NONE', #1477, #1836, #80 ) ;
#2291 = DIRECTION ( 'NONE',  ( 3.491481338843135327E-15, -1.000000000000000000, 0.000000000000000000 ) ) ;
#2292 = CARTESIAN_POINT ( 'NONE',  ( 0.2751609897703902741, 0.03826872246058332649, -0.4359042834906527442 ) ) ;
#2293 = ORIENTED_EDGE ( 'NONE', *, *, #1010, .T. ) ;
#2294 = CARTESIAN_POINT ( 'NONE',  ( 0.02472934784348561343, 0.8312055404256294411, 0.4531562394246391734 ) ) ;
#2295 = ORIENTED_EDGE ( 'NONE', *, *, #1848, .F. ) ;
#2296 = CARTESIAN_POINT ( 'NONE',  ( -4.015203539669590342E-16, 0.1150000000000000050, -2.337798115674539707E-30 ) ) ;
#2297 = CARTESIAN_POINT ( 'NONE',  ( 0.1264999999999970592, 0.8400000000000004130, -0.3287499999999999867 ) ) ;
#2298 = CARTESIAN_POINT ( 'NONE',  ( 0.4549999999999967959, 0.9134042553191509262, 3.141214622774159509E-15 ) ) ;
#2299 = CARTESIAN_POINT ( 'NONE',  ( -4.490626782114054683E-16, 0.1286166628518190802, 0.000000000000000000 ) ) ;
#2300 = EDGE_CURVE ( 'NONE', #1507, #1329, #1698, .T. ) ;
#2301 = DIRECTION ( 'NONE',  ( 1.000000000000000000, 3.414809992080328333E-15, 0.000000000000000000 ) ) ;
#2302 =( CONVERSION_BASED_UNIT ( 'INCH', #1709 ) LENGTH_UNIT ( ) NAMED_UNIT ( #722 ) );
#2303 = ADVANCED_FACE ( 'NONE', ( #362, #1153 ), #1936, .F. ) ;
#2304 = VERTEX_POINT ( 'NONE', #622 ) ;
#2305 = VERTEX_POINT ( 'NONE', #1401 ) ;
#2306 = CARTESIAN_POINT ( 'NONE',  ( -0.2639537641432858628, -9.215896418236830382E-16, -0.4246509276977873393 ) ) ;
#2307 = DIRECTION ( 'NONE',  ( 3.491481338843135327E-15, -1.000000000000000000, 0.000000000000000000 ) ) ;
#2308 = EDGE_CURVE ( 'NONE', #1399, #676, #2035, .T. ) ;
#2309 = LINE ( 'NONE', #2474, #2002 ) ;
#2310 = DIRECTION ( 'NONE',  ( 1.000000000000000000, 3.642463991552282327E-15, 0.000000000000000000 ) ) ;
#2311 = CARTESIAN_POINT ( 'NONE',  ( 0.4549999999999967959, 0.9134042553191509262, 3.141214622774159509E-15 ) ) ;
#2312 = FACE_BOUND ( 'NONE', #878, .T. ) ;
#2313 = CARTESIAN_POINT ( 'NONE',  ( 0.4377022189934363650, 0.8384340147151752021, 0.06419363002967756748 ) ) ;
#2314 = VERTEX_POINT ( 'NONE', #1675 ) ;
#2315 = ORIENTED_EDGE ( 'NONE', *, *, #585, .F. ) ;
#2316 = ADVANCED_FACE ( 'NONE', ( #1250 ), #901, .F. ) ;
#2317 =( BOUNDED_CURVE ( )  B_SPLINE_CURVE ( 3, ( #1411, #248, #2014, #699 ),
 .UNSPECIFIED., .F., .F. ) 
 B_SPLINE_CURVE_WITH_KNOTS ( ( 4, 4 ),
 ( 5.291495409001685246, 6.283185307179586232 ),
 .UNSPECIFIED. ) 
 CURVE ( )  GEOMETRIC_REPRESENTATION_ITEM ( )  RATIONAL_B_SPLINE_CURVE ( ( 1.000000000000000000, 0.9197113454673631061, 0.9197113454673631061, 1.000000000000000000 ) ) 
 REPRESENTATION_ITEM ( '' )  );
#2318 = VERTEX_POINT ( 'NONE', #1842 ) ;
#2319 = CARTESIAN_POINT ( 'NONE',  ( 0.5464999999999999858, 0.7940000000000000391, 0.000000000000000000 ) ) ;
#2320 = CARTESIAN_POINT ( 'NONE',  ( 0.2651650429449551316, 9.258187991558503420E-16, 0.2651650429449555202 ) ) ;
#2321 = CARTESIAN_POINT ( 'NONE',  ( -0.2751609897703906626, 0.03826872246058193178, 0.4359042834906528552 ) ) ;
#2322 = AXIS2_PLACEMENT_3D ( 'NONE', #2363, #631, #1782 ) ;
#2323 = DIRECTION ( 'NONE',  ( -3.491481338843135327E-15, 1.000000000000000000, 0.000000000000000000 ) ) ;
#2324 = AXIS2_PLACEMENT_3D ( 'NONE', #588, #2538, #40 ) ;
#2325 = ORIENTED_EDGE ( 'NONE', *, *, #1989, .T. ) ;
#2326 = CIRCLE ( 'NONE', #115, 0.3725226829615011503 ) ;
#2327 = FACE_OUTER_BOUND ( 'NONE', #283, .T. ) ;
#2328 = DIRECTION ( 'NONE',  ( 3.491481338843120339E-15, -1.000000000000000000, 0.000000000000000000 ) ) ;
#2329 = ORIENTED_EDGE ( 'NONE', *, *, #1315, .F. ) ;
#2330 = CIRCLE ( 'NONE', #2414, 0.4608854363251346786 ) ;
#2331 = CARTESIAN_POINT ( 'NONE',  ( -0.4765000000000019220, 0.1286166628518174149, 0.000000000000000000 ) ) ;
#2332 = VERTEX_POINT ( 'NONE', #2257 ) ;
#2333 = EDGE_CURVE ( 'NONE', #2508, #991, #2360, .T. ) ;
#2334 = DIRECTION ( 'NONE',  ( 1.000000000000000000, 3.999045553396908601E-15, 0.000000000000000000 ) ) ;
#2335 =( BOUNDED_SURFACE ( )  B_SPLINE_SURFACE ( 3, 1, ( 
 ( #982, #806 ),
 ( #243, #996 ),
 ( #1767, #52 ),
 ( #1780, #1026 ) ),
 .UNSPECIFIED., .F., .F., .F. ) 
 B_SPLINE_SURFACE_WITH_KNOTS ( ( 4, 4 ),
 ( 2, 2 ),
 ( 0.000000000000000000, 1.000000000000000000 ),
 ( 0.000000000000000000, 1.000000000000000000 ),
 .UNSPECIFIED. ) 
 GEOMETRIC_REPRESENTATION_ITEM ( )  RATIONAL_B_SPLINE_SURFACE ( (
 ( 1.000000000000000000, 1.000000000000000000),
 ( 0.3333333333333169390, 0.3333333333333169390),
 ( 0.3333333333333169390, 0.3333333333333169390),
 ( 1.000000000000000000, 1.000000000000000000) ) ) 
 REPRESENTATION_ITEM ( '' )  SURFACE ( )  );
#2336 = DIRECTION ( 'NONE',  ( -1.000000000000000000, -3.491481338843134933E-15, 0.000000000000000000 ) ) ;
#2337 = DIRECTION ( 'NONE',  ( 3.491481338843135327E-15, -1.000000000000000000, 0.000000000000000000 ) ) ;
#2338 = EDGE_LOOP ( 'NONE', ( #1935, #477, #1064, #2199, #1355, #16, #1433, #2027 ) ) ;
#2339 = CARTESIAN_POINT ( 'NONE',  ( -0.4018576884605443156, 0.1066584767751872220, -0.2391261777554834489 ) ) ;
#2340 = ORIENTED_EDGE ( 'NONE', *, *, #2417, .F. ) ;
#2341 = FACE_OUTER_BOUND ( 'NONE', #272, .T. ) ;
#2342 = ORIENTED_EDGE ( 'NONE', *, *, #1772, .T. ) ;
#2343 = VERTEX_POINT ( 'NONE', #1455 ) ;
#2344 = CARTESIAN_POINT ( 'NONE',  ( 0.000000000000000000, 0.7940000000000000391, -0.5065000000000000613 ) ) ;
#2345 = CARTESIAN_POINT ( 'NONE',  ( -0.03497658940866227306, 0.9150900411094112785, -0.4513096577302635470 ) ) ;
#2346 = EDGE_CURVE ( 'NONE', #53, #2155, #1133, .T. ) ;
#2347 = B_SPLINE_CURVE_WITH_KNOTS ( 'NONE', 3,
 ( #2001, #2397, #457, #2037, #1647, #2411, #1243, #484, #662, #238, #1843, #2016, #1073, #1471, #1268, #2056, #1232, #1855, #263, #1044, #1021, #97 ),
 .UNSPECIFIED., .F., .F.,
 ( 4, 2, 2, 2, 2, 2, 2, 2, 2, 2, 4 ),
 ( 0.0005372670658121174924, 0.001880717982864299129, 0.003224168899916480657, 0.004567619816968661317, 0.005911070734020843279, 0.006582796192546933392, 0.007254521651073024373, 0.007926247109599115354, 0.008597972568125205467, 0.009941423485177383959, 0.01128487440222956419 ),
 .UNSPECIFIED. ) ;
#2348 =( BOUNDED_CURVE ( )  B_SPLINE_CURVE ( 3, ( #11, #2200, #410, #1555 ),
 .UNSPECIFIED., .F., .F. ) 
 B_SPLINE_CURVE_WITH_KNOTS ( ( 4, 4 ),
 ( 5.291495409001699457, 6.283185307179586232 ),
 .UNSPECIFIED. ) 
 CURVE ( )  GEOMETRIC_REPRESENTATION_ITEM ( )  RATIONAL_B_SPLINE_CURVE ( ( 1.000000000000000000, 0.9197113454673653266, 0.9197113454673653266, 1.000000000000000000 ) ) 
 REPRESENTATION_ITEM ( '' )  );
#2349 = CARTESIAN_POINT ( 'NONE',  ( -0.5465000000000004299, 0.1149999999999980899, 6.692694757340285865E-17 ) ) ;
#2350 = ORIENTED_EDGE ( 'NONE', *, *, #2527, .T. ) ;
#2351 = CARTESIAN_POINT ( 'NONE',  ( 0.5464999999999996527, 0.1150000000000019201, -8.189182708591142991E-45 ) ) ;
#2352 = ORIENTED_EDGE ( 'NONE', *, *, #2417, .T. ) ;
#2353 = DIRECTION ( 'NONE',  ( 3.491481338843135327E-15, -1.000000000000000000, 0.000000000000000000 ) ) ;
#2354 = ORIENTED_EDGE ( 'NONE', *, *, #566, .T. ) ;
#2355 = B_SPLINE_CURVE_WITH_KNOTS ( 'NONE', 3,
 ( #880, #2471, #1508, #2294, #928, #2507, #740, #544, #1201, #425, #1997, #797, #1032, #1985 ),
 .UNSPECIFIED., .F., .F.,
 ( 4, 2, 2, 2, 2, 2, 4 ),
 ( 1.051843754078492886E-17, 0.0009438331107734273650, 0.001887666221546844322, 0.002359582776933552475, 0.002831499332320261061, 0.003303415887706969215, 0.003775332443093677801 ),
 .UNSPECIFIED. ) ;
#2356 = VERTEX_POINT ( 'NONE', #1684 ) ;
#2357 = CARTESIAN_POINT ( 'NONE',  ( -0.3287500000000019851, 0.8400000000000000799, -0.1265000000000034430 ) ) ;
#2358 = B_SPLINE_CURVE_WITH_KNOTS ( 'NONE', 3,
 ( #274, #310, #700, #505 ),
 .UNSPECIFIED., .F., .F.,
 ( 4, 4 ),
 ( 2.174419981590585089E-07, 0.0006912874211628599686 ),
 .UNSPECIFIED. ) ;
#2359 = CARTESIAN_POINT ( 'NONE',  ( -0.3287500000000045386, 0.8400000000000000799, 0.1264999999999965596 ) ) ;
#2360 = CIRCLE ( 'NONE', #2241, 0.5464999999999999858 ) ;
#2361 = CARTESIAN_POINT ( 'NONE',  ( 0.5464999999999999858, 0.2249999999999999778, 0.000000000000000000 ) ) ;
#2362 = ORIENTED_EDGE ( 'NONE', *, *, #218, .F. ) ;
#2363 = CARTESIAN_POINT ( 'NONE',  ( -4.015203539669590342E-16, 0.1150000000000000050, -3.788502556229161649E-30 ) ) ;
#2364 = EDGE_CURVE ( 'NONE', #952, #1150, #1742, .T. ) ;
#2365 = AXIS2_PLACEMENT_3D ( 'NONE', #2020, #1037, #432 ) ;
#2366 = EDGE_LOOP ( 'NONE', ( #48, #1970, #1274, #1202 ) ) ;
#2367 = CIRCLE ( 'NONE', #149, 0.3349999999999999645 ) ;
#2368 = AXIS2_PLACEMENT_3D ( 'NONE', #1225, #1822, #394 ) ;
#2369 = CARTESIAN_POINT ( 'NONE',  ( 0.3995739940248996258, 0.09832454936502189879, 0.2363718540741455432 ) ) ;
#2370 = DIRECTION ( 'NONE',  ( 0.000000000000000000, 1.000000000000000000, 0.000000000000000000 ) ) ;
#2371 = AXIS2_PLACEMENT_3D ( 'NONE', #2098, #1497, #2287 ) ;
#2372 = ORIENTED_EDGE ( 'NONE', *, *, #210, .T. ) ;
#2373 = CIRCLE ( 'NONE', #1062, 0.5464999999999999858 ) ;
#2374 = ORIENTED_EDGE ( 'NONE', *, *, #1163, .F. ) ;
#2375 = DIRECTION ( 'NONE',  ( 0.8429222095775883439, -0.5380354529218647208, 0.000000000000000000 ) ) ;
#2376 = CARTESIAN_POINT ( 'NONE',  ( -0.2651650429449559088, 0.08999999999999822031, 0.2651650429449555202 ) ) ;
#2377 = CARTESIAN_POINT ( 'NONE',  ( -0.3287500000000045386, 0.8400000000000000799, 0.1264999999999965596 ) ) ;
#2378 = B_SPLINE_CURVE_WITH_KNOTS ( 'NONE', 3,
 ( #1967, #1766, #2321, #2137 ),
 .UNSPECIFIED., .F., .F.,
 ( 4, 4 ),
 ( 2.157830518306830081E-07, 0.003156495627811376284 ),
 .UNSPECIFIED. ) ;
#2379 = VERTEX_POINT ( 'NONE', #1828 ) ;
#2380 = CARTESIAN_POINT ( 'NONE',  ( -2.779203243172310735E-15, 0.7959954453295670085, 0.000000000000000000 ) ) ;
#2381 = ORIENTED_EDGE ( 'NONE', *, *, #59, .T. ) ;
#2382 = EDGE_CURVE ( 'NONE', #1601, #2202, #1266, .T. ) ;
#2383 = DIRECTION ( 'NONE',  ( 1.000000000000000000, 3.482341965662643695E-15, 0.000000000000000000 ) ) ;
#2384 = DIRECTION ( 'NONE',  ( 0.000000000000000000, 0.000000000000000000, 1.000000000000000000 ) ) ;
#2385 = ORIENTED_EDGE ( 'NONE', *, *, #246, .T. ) ;
#2386 = ADVANCED_FACE ( 'NONE', ( #1042 ), #1005, .F. ) ;
#2387 = B_SPLINE_CURVE_WITH_KNOTS ( 'NONE', 3,
 ( #2298, #1743, #1755, #367, #1730, #2124, #956, #1553, #138, #744, #1950, #1146, #781, #2546 ),
 .UNSPECIFIED., .F., .F.,
 ( 4, 2, 2, 2, 2, 2, 4 ),
 ( 0.005901310902995523730, 0.006574256340399776619, 0.007247201777804028640, 0.007920147215208280661, 0.008593092652612533550, 0.009938983527421044531, 0.01128487440222955378 ),
 .UNSPECIFIED. ) ;
#2388 = VERTEX_POINT ( 'NONE', #96 ) ;
#2389 = CYLINDRICAL_SURFACE ( 'NONE', #1267, 0.5464999999999999858 ) ;
#2390 = EDGE_CURVE ( 'NONE', #2318, #371, #2039, .T. ) ;
#2391 = SURFACE_SIDE_STYLE ('',( #1420 ) ) ;
#2392 = DIRECTION ( 'NONE',  ( 3.491481338843135327E-15, -1.000000000000000000, -0.000000000000000000 ) ) ;
#2393 = ORIENTED_EDGE ( 'NONE', *, *, #1130, .T. ) ;
#2394 = CARTESIAN_POINT ( 'NONE',  ( -0.4600404873486716451, 0.1149999999999964662, 0.2949999999999952660 ) ) ;
#2395 = VERTEX_POINT ( 'NONE', #1491 ) ;
#2396 = CARTESIAN_POINT ( 'NONE',  ( -2.932844324628232097E-15, 0.8400000000000000799, 0.000000000000000000 ) ) ;
#2397 = CARTESIAN_POINT ( 'NONE',  ( 0.1264999999999966429, 0.9699629760074872653, 0.3439040260767841639 ) ) ;
#2398 = EDGE_LOOP ( 'NONE', ( #2232, #2095, #1711, #906, #1800, #1116, #1747, #2340 ) ) ;
#2399 = CARTESIAN_POINT ( 'NONE',  ( -0.4041683106577070861, 0.1149999999999986172, 0.2418335150824933444 ) ) ;
#2400 = CARTESIAN_POINT ( 'NONE',  ( 0.5465000000000369562, -10.57876085872868011, 0.000000000000000000 ) ) ;
#2401 = CARTESIAN_POINT ( 'NONE',  ( -0.1175000000000070294, 0.9979999999999995541, 1.438959988998186752E-17 ) ) ;
#2402 = EDGE_LOOP ( 'NONE', ( #277, #1415, #604, #1904 ) ) ;
#2403 = CARTESIAN_POINT ( 'NONE',  ( -3.484498376165448524E-15, 0.9979999999999999982, 0.000000000000000000 ) ) ;
#2404 = MECHANICAL_DESIGN_GEOMETRIC_PRESENTATION_REPRESENTATION (  '', ( #1421 ), #882 ) ;
#2405 = ORIENTED_EDGE ( 'NONE', *, *, #904, .T. ) ;
#2406 = AXIS2_PLACEMENT_3D ( 'NONE', #710, #1061, #1482 ) ;
#2407 = CARTESIAN_POINT ( 'NONE',  ( -0.4764999999999630642, -10.57876085872868366, 5.835441997937138053E-17 ) ) ;
#2408 = DIRECTION ( 'NONE',  ( -3.491481338843135327E-15, 1.000000000000000000, 0.000000000000000000 ) ) ;
#2409 = VECTOR ( 'NONE', #845, 39.37007874015748143 ) ;
#2410 = AXIS2_PLACEMENT_3D ( 'NONE', #2058, #677, #1663 ) ;
#2411 = CARTESIAN_POINT ( 'NONE',  ( 0.08092541925195015362, 0.9264378604935575856, 0.4272009868508240826 ) ) ;
#2412 = ORIENTED_EDGE ( 'NONE', *, *, #363, .F. ) ;
#2413 = AXIS2_PLACEMENT_3D ( 'NONE', #1567, #2353, #611 ) ;
#2414 = AXIS2_PLACEMENT_3D ( 'NONE', #1673, #139, #1094 ) ;
#2415 = FACE_OUTER_BOUND ( 'NONE', #209, .T. ) ;
#2416 = EDGE_CURVE ( 'NONE', #2182, #1831, #388, .T. ) ;
#2417 = EDGE_CURVE ( 'NONE', #2517, #1676, #2358, .T. ) ;
#2418 = CARTESIAN_POINT ( 'NONE',  ( 9.705473735494725127E-30, -3.551402391763543170E-15, 0.000000000000000000 ) ) ;
#2419 = ORIENTED_EDGE ( 'NONE', *, *, #1123, .T. ) ;
#2420 = CARTESIAN_POINT ( 'NONE',  ( 0.4549999999999970179, 0.9134042553191508151, -0.01764032375046044668 ) ) ;
#2421 = ORIENTED_EDGE ( 'NONE', *, *, #1816, .F. ) ;
#2422 =( BOUNDED_CURVE ( )  B_SPLINE_CURVE ( 3, ( #1414, #689, #1608, #2218 ),
 .UNSPECIFIED., .F., .F. ) 
 B_SPLINE_CURVE_WITH_KNOTS ( ( 4, 4 ),
 ( 5.291495409001685246, 6.283185307179586232 ),
 .UNSPECIFIED. ) 
 CURVE ( )  GEOMETRIC_REPRESENTATION_ITEM ( )  RATIONAL_B_SPLINE_CURVE ( ( 1.000000000000000000, 0.9197113454673631061, 0.9197113454673631061, 1.000000000000000000 ) ) 
 REPRESENTATION_ITEM ( '' )  );
#2423 = LINE ( 'NONE', #1852, #1503 ) ;
#2424 = EDGE_CURVE ( 'NONE', #2150, #39, #2246, .T. ) ;
#2425 = DIRECTION ( 'NONE',  ( 1.047444401652940322E-14, 0.000000000000000000, -1.000000000000000000 ) ) ;
#2426 = CARTESIAN_POINT ( 'NONE',  ( -0.4765000000000000346, 0.2249999999999999778, 5.835441997937133123E-17 ) ) ;
#2427 = EDGE_CURVE ( 'NONE', #2304, #1654, #870, .T. ) ;
#2428 = ORIENTED_EDGE ( 'NONE', *, *, #498, .T. ) ;
#2429 = CARTESIAN_POINT ( 'NONE',  ( -0.2751609897703904406, 0.03826872246058105748, -0.4359042834906526331 ) ) ;
#2430 = CARTESIAN_POINT ( 'NONE',  ( -0.3151650429449606161, 1.503039370078739889, -0.2651650429449555202 ) ) ;
#2431 = VERTEX_POINT ( 'NONE', #494 ) ;
#2432 = DIRECTION ( 'NONE',  ( 1.000000000000000000, 0.000000000000000000, 0.000000000000000000 ) ) ;
#2433 = VERTEX_POINT ( 'NONE', #1277 ) ;
#2434 = DIRECTION ( 'NONE',  ( -1.000000000000000000, -4.370956789862449596E-15, 0.000000000000000000 ) ) ;
#2435 = EDGE_CURVE ( 'NONE', #2051, #2516, #1666, .T. ) ;
#2436 = ORIENTED_EDGE ( 'NONE', *, *, #1528, .F. ) ;
#2437 = CARTESIAN_POINT ( 'NONE',  ( -0.3107233471412563230, 0.9900000000000001021, 0.1252038399624340326 ) ) ;
#2438 = DIRECTION ( 'NONE',  ( 3.491481338843134933E-15, -1.000000000000000000, 0.000000000000000000 ) ) ;
#2439 = CARTESIAN_POINT ( 'NONE',  ( -0.4765000000000000346, 0.2000000000000000111, 5.835441997937135588E-17 ) ) ;
#2440 = VERTEX_POINT ( 'NONE', #1084 ) ;
#2441 = CARTESIAN_POINT ( 'NONE',  ( 0.3287499999999971001, 0.9789904942420160072, -0.1264999999999988634 ) ) ;
#2442 =( CONVERSION_BASED_UNIT ( 'INCH', #89 ) LENGTH_UNIT ( ) NAMED_UNIT ( #508 ) );
#2443 = ORIENTED_EDGE ( 'NONE', *, *, #109, .T. ) ;
#2444 = CARTESIAN_POINT ( 'NONE',  ( 0.4246509276977881719, 1.482660789579247993E-15, -0.2639537641432842530 ) ) ;
#2445 = ORIENTED_EDGE ( 'NONE', *, *, #1439, .T. ) ;
#2446 = CARTESIAN_POINT ( 'NONE',  ( 0.06250000000000531519, -3.333184808085828403E-15, 7.654042494671609280E-18 ) ) ;
#2447 = EDGE_CURVE ( 'NONE', #311, #1775, #1027, .T. ) ;
#2448 = CARTESIAN_POINT ( 'NONE',  ( 7.764378988395787108E-30, -2.185478394931409391E-15, 0.000000000000000000 ) ) ;
#2449 = CARTESIAN_POINT ( 'NONE',  ( -0.3593293378922444714, 0.9613321790460576111, 0.1237455587731615819 ) ) ;
#2450 = AXIS2_PLACEMENT_3D ( 'NONE', #2396, #2191, #1412 ) ;
#2451 = DIRECTION ( 'NONE',  ( -1.000000000000000000, -3.491481338843137300E-15, 0.000000000000000000 ) ) ;
#2452 = B_SPLINE_CURVE_WITH_KNOTS ( 'NONE', 3,
 ( #1849, #284, #1068, #92 ),
 .UNSPECIFIED., .F., .F.,
 ( 4, 4 ),
 ( 2.178853872292906239E-07, 0.0006912878645518991030 ),
 .UNSPECIFIED. ) ;
#2453 = EDGE_LOOP ( 'NONE', ( #2284, #1372 ) ) ;
#2454 = AXIS2_PLACEMENT_3D ( 'NONE', #2477, #850, #1854 ) ;
#2455 = AXIS2_PLACEMENT_3D ( 'NONE', #2147, #2186, #970 ) ;
#2456 = DIRECTION ( 'NONE',  ( 0.000000000000000000, -1.000000000000000000, 0.000000000000000000 ) ) ;
#2457 = AXIS2_PLACEMENT_3D ( 'NONE', #539, #1324, #1694 ) ;
#2458 = DIRECTION ( 'NONE',  ( 0.000000000000000000, -1.000000000000000000, 0.000000000000000000 ) ) ;
#2459 = ORIENTED_EDGE ( 'NONE', *, *, #1880, .T. ) ;
#2460 = VECTOR ( 'NONE', #322, 39.37007874015748143 ) ;
#2461 = DIRECTION ( 'NONE',  ( 3.491481338843135327E-15, -1.000000000000000000, 0.000000000000000000 ) ) ;
#2462 = EDGE_LOOP ( 'NONE', ( #1907, #1187, #1592, #2472 ) ) ;
#2463 = DIRECTION ( 'NONE',  ( 3.491481338843135327E-15, -1.000000000000000000, 0.000000000000000000 ) ) ;
#2464 = CARTESIAN_POINT ( 'NONE',  ( 0.000000000000000000, 0.7950000000000000400, 0.000000000000000000 ) ) ;
#2465 = CARTESIAN_POINT ( 'NONE',  ( -0.1252038399624409437, 0.9900000000000001021, 0.3107233471412516046 ) ) ;
#2466 = CARTESIAN_POINT ( 'NONE',  ( 0.3151650429449500135, 1.503039370078740555, 0.2651650429449555202 ) ) ;
#2467 = EDGE_CURVE ( 'NONE', #581, #1150, #518, .T. ) ;
#2468 = ORIENTED_EDGE ( 'NONE', *, *, #133, .T. ) ;
#2469 = EDGE_CURVE ( 'NONE', #2062, #2192, #1912, .T. ) ;
#2470 = CARTESIAN_POINT ( 'NONE',  ( -0.4344151918195275353, 0.8400000000000000799, -0.06923044929529606484 ) ) ;
#2471 = CARTESIAN_POINT ( 'NONE',  ( 0.05915994030293828670, 0.8368690024277078976, 0.4409872038309511355 ) ) ;
#2472 = ORIENTED_EDGE ( 'NONE', *, *, #1658, .F. ) ;
#2473 = CARTESIAN_POINT ( 'NONE',  ( 0.06923044929528837654, 0.8400000000000000799, -0.4344151918195251483 ) ) ;
#2474 = CARTESIAN_POINT ( 'NONE',  ( 0.3151650429449500135, 1.503039370078740555, -0.2651650429449555202 ) ) ;
#2475 = DIRECTION ( 'NONE',  ( 3.491481338843135327E-15, -1.000000000000000000, -0.000000000000000000 ) ) ;
#2476 = CARTESIAN_POINT ( 'NONE',  ( -0.3107233471412535475, 0.9900000000000001021, -0.1252038399624405551 ) ) ;
#2477 = CARTESIAN_POINT ( 'NONE',  ( -9.161787471834704820E-17, 0.02624040223245291403, 0.000000000000000000 ) ) ;
#2478 = AXIS2_PLACEMENT_3D ( 'NONE', #964, #2143, #1162 ) ;
#2479 = EDGE_LOOP ( 'NONE', ( #290, #1199, #256, #798, #1186, #264 ) ) ;
#2480 = LINE ( 'NONE', #1664, #2530 ) ;
#2481 = ORIENTED_EDGE ( 'NONE', *, *, #1989, .F. ) ;
#2482 = CARTESIAN_POINT ( 'NONE',  ( 0.5464999999999969882, 0.8550000000000019806, 0.000000000000000000 ) ) ;
#2483 = LINE ( 'NONE', #945, #481 ) ;
#2484 = LINE ( 'NONE', #1706, #2460 ) ;
#2485 = CARTESIAN_POINT ( 'NONE',  ( 0.3287499999999971001, 0.9789904942420160072, -0.1264999999999988634 ) ) ;
#2486 = CARTESIAN_POINT ( 'NONE',  ( -0.1265000000000034153, 0.9798827236680235364, -0.5812499999999999334 ) ) ;
#2487 = DIRECTION ( 'NONE',  ( -3.491481338843134933E-15, 1.000000000000000000, 0.000000000000000000 ) ) ;
#2488 = AXIS2_PLACEMENT_3D ( 'NONE', #2319, #249, #1345 ) ;
#2489 = CYLINDRICAL_SURFACE ( 'NONE', #1048, 0.5065000000000000613 ) ;
#2490 = VECTOR ( 'NONE', #255, 39.37007874015748143 ) ;
#2491 = ORIENTED_EDGE ( 'NONE', *, *, #498, .F. ) ;
#2492 = CIRCLE ( 'NONE', #2324, 0.05000000000000000971 ) ;
#2493 = ADVANCED_FACE ( 'NONE', ( #2129 ), #842, .F. ) ;
#2494 = CIRCLE ( 'NONE', #2004, 0.05000000000000000971 ) ;
#2495 = CARTESIAN_POINT ( 'NONE',  ( 0.000000000000000000, 0.000000000000000000, 0.6875226829615019852 ) ) ;
#2496 = CARTESIAN_POINT ( 'NONE',  ( 0.3287499999999964340, 0.8400000000000000799, 0.1265000000000011393 ) ) ;
#2497 = AXIS2_PLACEMENT_3D ( 'NONE', #1523, #708, #1693 ) ;
#2498 = EDGE_CURVE ( 'NONE', #647, #1494, #445, .T. ) ;
#2499 = CARTESIAN_POINT ( 'NONE',  ( -4.015203539669629785E-16, 0.1150000000000000050, 0.000000000000000000 ) ) ;
#2500 = CIRCLE ( 'NONE', #608, 0.05000000000000000971 ) ;
#2501 = CARTESIAN_POINT ( 'NONE',  ( 0.3287499999999961009, 0.9900000000000001021, 0.1265000000000011393 ) ) ;
#2502 = CARTESIAN_POINT ( 'NONE',  ( -0.4344151918195275353, 0.8400000000000000799, -0.06923044929529606484 ) ) ;
#2503 = CARTESIAN_POINT ( 'NONE',  ( -0.2418335150824980351, 0.1150000000000000050, 0.4041683106577046991 ) ) ;
#2504 = ADVANCED_BREP_SHAPE_REPRESENTATION ( 'A2212 Brushless Motor', ( #1998, #2161 ), #1416 ) ;
#2505 = ORIENTED_EDGE ( 'NONE', *, *, #323, .F. ) ;
#2506 = ORIENTED_EDGE ( 'NONE', *, *, #1926, .T. ) ;
#2507 = CARTESIAN_POINT ( 'NONE',  ( -0.006224677391950053651, 0.8303604089284224443, 0.4549987182688703946 ) ) ;
#2508 = VERTEX_POINT ( 'NONE', #517 ) ;
#2509 = CARTESIAN_POINT ( 'NONE',  ( 0.4477011623827704678, 0.07660867031663845528, 0.2854848246250109023 ) ) ;
#2510 = CARTESIAN_POINT ( 'NONE',  ( 0.2639537641432858628, 9.215896418236830382E-16, -0.4246509276977873393 ) ) ;
#2511 = CARTESIAN_POINT ( 'NONE',  ( -0.07625000000000407840, 0.8400000000000008571, 0.1264999999999996683 ) ) ;
#2512 = DIRECTION ( 'NONE',  ( 1.000000000000000000, 3.491481338843135327E-15, 0.000000000000000000 ) ) ;
#2513 = CARTESIAN_POINT ( 'NONE',  ( -0.4550000000000028466, 0.8303598187096545846, 1.419251391723573696E-16 ) ) ;
#2514 = EDGE_CURVE ( 'NONE', #2516, #2051, #1786, .T. ) ;
#2515 = CARTESIAN_POINT ( 'NONE',  ( 0.4527550479769623104, 0.8313951520307817367, 0.02452677427479299510 ) ) ;
#2516 = VERTEX_POINT ( 'NONE', #550 ) ;
#2517 = VERTEX_POINT ( 'NONE', #2503 ) ;
#2518 = ORIENTED_EDGE ( 'NONE', *, *, #400, .T. ) ;
#2519 = CARTESIAN_POINT ( 'NONE',  ( -0.3287499999999993205, 0.8294680346564607953, -0.1265000000000034430 ) ) ;
#2520 = CARTESIAN_POINT ( 'NONE',  ( 0.1264999999999970592, 0.8400000000000004130, -0.3287499999999999867 ) ) ;
#2521 = CARTESIAN_POINT ( 'NONE',  ( 0.1264999999999970592, 0.8400000000000005240, -0.07625000000000003997 ) ) ;
#2522 = FACE_OUTER_BOUND ( 'NONE', #1860, .T. ) ;
#2523 = ORIENTED_EDGE ( 'NONE', *, *, #482, .F. ) ;
#2524 = FACE_OUTER_BOUND ( 'NONE', #185, .T. ) ;
#2525 = VERTEX_POINT ( 'NONE', #1556 ) ;
#2526 = ADVANCED_FACE ( 'NONE', ( #1891 ), #1448, .F. ) ;
#2527 = EDGE_CURVE ( 'NONE', #2265, #2431, #721, .T. ) ;
#2528 = ORIENTED_EDGE ( 'NONE', *, *, #441, .T. ) ;
#2529 = ORIENTED_EDGE ( 'NONE', *, *, #1846, .F. ) ;
#2530 = VECTOR ( 'NONE', #1714, 39.37007874015748143 ) ;
#2531 = CARTESIAN_POINT ( 'NONE',  ( 0.000000000000000000, 0.7940000000000000391, 0.000000000000000000 ) ) ;
#2532 = CARTESIAN_POINT ( 'NONE',  ( -0.4344151918195291451, 0.8400000000000000799, 0.06923044929528700264 ) ) ;
#2533 = VECTOR ( 'NONE', #547, 39.37007874015748143 ) ;
#2534 = FACE_OUTER_BOUND ( 'NONE', #1069, .T. ) ;
#2535 = COLOUR_RGB ( '',0.7921568627450980005, 0.8196078431372548767, 0.9333333333333333481 ) ;
#2536 = ORIENTED_EDGE ( 'NONE', *, *, #2424, .F. ) ;
#2537 = CIRCLE ( 'NONE', #601, 0.06250000000000531519 ) ;
#2538 = DIRECTION ( 'NONE',  ( 3.491481338843135327E-15, -1.000000000000000000, 0.000000000000000000 ) ) ;
#2539 = CARTESIAN_POINT ( 'NONE',  ( 0.4549999999999972400, 0.8303598187096574712, 0.006200647931507895227 ) ) ;
#2540 = ORIENTED_EDGE ( 'NONE', *, *, #2543, .F. ) ;
#2541 = CIRCLE ( 'NONE', #1425, 0.3349999999999999645 ) ;
#2542 = ORIENTED_EDGE ( 'NONE', *, *, #541, .F. ) ;
#2543 = EDGE_CURVE ( 'NONE', #1494, #1639, #990, .T. ) ;
#2544 = CYLINDRICAL_SURFACE ( 'NONE', #1624, 0.05000000000000000971 ) ;
#2545 = CARTESIAN_POINT ( 'NONE',  ( 0.1237196051875577574, 0.9612997185056880722, -0.3593905693527647549 ) ) ;
#2546 = CARTESIAN_POINT ( 'NONE',  ( 0.3287499999999962674, 0.9789904942420160072, 0.1265000000000011393 ) ) ;
#2547 = VERTEX_POINT ( 'NONE', #1525 ) ;
#2548 = DIRECTION ( 'NONE',  ( 1.000000000000000000, 5.463695987328525648E-15, 0.000000000000000000 ) ) ;
ENDSEC;
END-ISO-10303-21;
