ISO-10303-21;
HEADER;
FILE_DESCRIPTION (( 'STEP AP214' ),
    '1' );
FILE_NAME ('hinge.step',
    '2026-09-17T06:59:56',
    ( '' ),
    ( '' ),
    'SwSTEP 2.0',
    'SolidWorks 2023',
    '' );
FILE_SCHEMA (( 'AUTOMOTIVE_DESIGN' ));
ENDSEC;

DATA;
#1 = CARTESIAN_POINT ( 'NONE',  ( 5.030980302961625128, 28.21017522528272181, 8.465844307384465139 ) ) ;
#2 = AXIS2_PLACEMENT_3D ( 'NONE', #1042, #1338, #786 ) ;
#3 = CARTESIAN_POINT ( 'NONE',  ( 5.030980302961625128, 28.21017522528272181, 38.46584430738446514 ) ) ;
#4 = ADVANCED_FACE ( 'NONE', ( #1484 ), #602, .T. ) ;
#5 = ORIENTED_EDGE ( 'NONE', *, *, #1387, .T. ) ;
#6 = VECTOR ( 'NONE', #825, 1000.000000000000000 ) ;
#7 = VERTEX_POINT ( 'NONE', #738 ) ;
#8 = ORIENTED_EDGE ( 'NONE', *, *, #214, .T. ) ;
#9 = DIRECTION ( 'NONE',  ( 0.000000000000000000, -1.000000000000000000, 0.000000000000000000 ) ) ;
#10 = CARTESIAN_POINT ( 'NONE',  ( 23.72881350787480770, 22.52063893522806026, 52.24868152837380819 ) ) ;
#11 = CYLINDRICAL_SURFACE ( 'NONE', #1408, 1.000000000000000888 ) ;
#12 = ORIENTED_EDGE ( 'NONE', *, *, #1014, .T. ) ;
#13 = EDGE_CURVE ( 'NONE', #685, #626, #857, .T. ) ;
#14 = DIRECTION ( 'NONE',  ( -1.000000000000000000, 0.000000000000000000, 0.000000000000000000 ) ) ;
#15 = B_SPLINE_SURFACE_WITH_KNOTS ( 'NONE', 2, 1, ( 
 ( #1235, #1681 ),
 ( #816, #832 ),
 ( #1386, #1242 ) ),
 .UNSPECIFIED., .F., .F., .F.,
 ( 3, 3 ),
 ( 2, 2 ),
 ( 0.000000000000000000, 0.9564425583895950211 ),
 ( 0.000000000000000000, 1.000000000000000000 ),
 .UNSPECIFIED. ) ;
#16 = ORIENTED_EDGE ( 'NONE', *, *, #1749, .T. ) ;
#17 = VECTOR ( 'NONE', #511, 1000.000000000000000 ) ;
#18 = ORIENTED_EDGE ( 'NONE', *, *, #1650, .T. ) ;
#19 = ORIENTED_EDGE ( 'NONE', *, *, #835, .T. ) ;
#20 = CARTESIAN_POINT ( 'NONE',  ( 0.000000000000000000, 20.72985497582929781, 8.465844307384470468 ) ) ;
#21 = CARTESIAN_POINT ( 'NONE',  ( 0.000000000000000000, 27.63822373886890560, 38.46584430738446514 ) ) ;
#22 = CIRCLE ( 'NONE', #294, 2.000000000000000000 ) ;
#23 = CARTESIAN_POINT ( 'NONE',  ( 15.09175175020794946, 22.05437832407363175, 39.17459520479500412 ) ) ;
#24 = VERTEX_POINT ( 'NONE', #1472 ) ;
#25 = VECTOR ( 'NONE', #1285, 1000.000000000000000 ) ;
#26 = CARTESIAN_POINT ( 'NONE',  ( 15.00000000000000000, 20.52063893522806381, 40.46455686593886725 ) ) ;
#27 = CARTESIAN_POINT ( 'NONE',  ( 5.068633637340884235, 28.21017522528272181, 33.46584430738446514 ) ) ;
#28 = VERTEX_POINT ( 'NONE', #1175 ) ;
#29 = ORIENTED_EDGE ( 'NONE', *, *, #1209, .T. ) ;
#30 = DIRECTION ( 'NONE',  ( 1.000000000000000000, -0.000000000000000000, -0.000000000000000000 ) ) ;
#31 = CARTESIAN_POINT ( 'NONE',  ( 19.42066865518215124, 27.68049874577673819, 48.46584430738447224 ) ) ;
#32 = CARTESIAN_POINT ( 'NONE',  ( 15.00000000000000000, 20.72985497582929426, 33.46584430738446514 ) ) ;
#33 = ORIENTED_EDGE ( 'NONE', *, *, #1760, .F. ) ;
#34 = CARTESIAN_POINT ( 'NONE',  ( 24.72881350787480770, 22.52063893522806381, 48.46584430738446514 ) ) ;
#35 = ADVANCED_FACE ( 'NONE', ( #1026 ), #1344, .T. ) ;
#36 = CARTESIAN_POINT ( 'NONE',  ( 4.728813507874799704, 22.52063893522806026, 59.46772746417470046 ) ) ;
#37 = VECTOR ( 'NONE', #1216, 1000.000000000000000 ) ;
#38 = AXIS2_PLACEMENT_3D ( 'NONE', #1459, #1351, #221 ) ;
#39 = PLANE ( 'NONE',  #381 ) ;
#40 = CIRCLE ( 'NONE', #1219, 2.000000000000001776 ) ;
#41 = CIRCLE ( 'NONE', #769, 2.049999999999999822 ) ;
#42 = ADVANCED_FACE ( 'NONE', ( #1049 ), #171, .F. ) ;
#43 = ORIENTED_EDGE ( 'NONE', *, *, #1223, .F. ) ;
#44 = EDGE_LOOP ( 'NONE', ( #513, #1712, #1309, #1615 ) ) ;
#45 = CARTESIAN_POINT ( 'NONE',  ( 7.500000000000000000, 29.75396193483235763, 8.465844307384465139 ) ) ;
#46 = DIRECTION ( 'NONE',  ( -1.000000000000000000, -0.000000000000000000, 0.000000000000000000 ) ) ;
#47 = DIRECTION ( 'NONE',  ( 0.000000000000000000, 0.000000000000000000, 1.000000000000000000 ) ) ;
#48 = ORIENTED_EDGE ( 'NONE', *, *, #1671, .F. ) ;
#49 = DIRECTION ( 'NONE',  ( -1.000000000000000000, 0.000000000000000000, 0.000000000000000000 ) ) ;
#50 = EDGE_CURVE ( 'NONE', #574, #621, #593, .T. ) ;
#51 = CARTESIAN_POINT ( 'NONE',  ( 16.34227354958859380, 22.52063893522806026, 45.61634873291134795 ) ) ;
#52 = CARTESIAN_POINT ( 'NONE',  ( 0.000000000000000000, 20.54525258706350144, 38.46470832963834852 ) ) ;
#53 = VERTEX_POINT ( 'NONE', #52 ) ;
#54 = VERTEX_POINT ( 'NONE', #27 ) ;
#55 = CARTESIAN_POINT ( 'NONE',  ( 4.728813507874803257, 22.52063893522806026, 61.46772746417470756 ) ) ;
#56 = LINE ( 'NONE', #1213, #577 ) ;
#57 = ADVANCED_FACE ( 'NONE', ( #1441, #748 ), #483, .F. ) ;
#58 = DIRECTION ( 'NONE',  ( 1.000000000000000000, 0.000000000000000000, 0.000000000000000000 ) ) ;
#59 = CYLINDRICAL_SURFACE ( 'NONE', #1536, 2.000000000000000000 ) ;
#60 = CIRCLE ( 'NONE', #747, 2.000000000000001776 ) ;
#61 = LINE ( 'NONE', #531, #1086 ) ;
#62 = PRODUCT_RELATED_PRODUCT_CATEGORY ( 'part', '', ( #1824 ) ) ;
#63 = DIRECTION ( 'NONE',  ( -1.000000000000000000, 0.000000000000000000, 0.000000000000000000 ) ) ;
#64 = UNCERTAINTY_MEASURE_WITH_UNIT (LENGTH_MEASURE( 1.000000000000000082E-05 ), #1377, 'distance_accuracy_value', 'NONE');
#65 = ORIENTED_EDGE ( 'NONE', *, *, #714, .T. ) ;
#66 = ORIENTED_EDGE ( 'NONE', *, *, #1724, .F. ) ;
#67 = LINE ( 'NONE', #640, #614 ) ;
#68 = DIRECTION ( 'NONE',  ( 0.000000000000000000, 1.000000000000000000, 0.000000000000000000 ) ) ;
#69 = DIRECTION ( 'NONE',  ( 1.000000000000000000, -0.000000000000000000, -0.000000000000000000 ) ) ;
#70 = CARTESIAN_POINT ( 'NONE',  ( 4.728813507874800592, 42.74466678546156828, 61.46772746417470756 ) ) ;
#71 = CARTESIAN_POINT ( 'NONE',  ( 0.000000000000000000, 20.72985497582929426, 33.46584430738446514 ) ) ;
#72 = DIRECTION ( 'NONE',  ( 0.000000000000000000, 0.000000000000000000, 1.000000000000000000 ) ) ;
#73 = ADVANCED_FACE ( 'NONE', ( #1207 ), #39, .F. ) ;
#74 = VERTEX_POINT ( 'NONE', #443 ) ;
#75 = EDGE_LOOP ( 'NONE', ( #196, #1787, #1084, #774, #1138, #744 ) ) ;
#76 = CARTESIAN_POINT ( 'NONE',  ( 5.068633637340884235, 28.21017522528272181, 8.465844307384465139 ) ) ;
#77 = VECTOR ( 'NONE', #1499, 1000.000000000000000 ) ;
#78 = DIRECTION ( 'NONE',  ( -1.000000000000000000, 0.000000000000000000, 0.000000000000000000 ) ) ;
#79 = CARTESIAN_POINT ( 'NONE',  ( 15.01216912121582503, 26.98978908203487492, 38.56930182692354236 ) ) ;
#80 = AXIS2_PLACEMENT_3D ( 'NONE', #1231, #1070, #801 ) ;
#81 = DIRECTION ( 'NONE',  ( -1.000000000000000000, 0.000000000000000000, 0.000000000000000000 ) ) ;
#82 = EDGE_CURVE ( 'NONE', #942, #1124, #451, .T. ) ;
#83 = CARTESIAN_POINT ( 'NONE',  ( 0.3390165307856770061, 25.63822373886890915, 48.75233775723382479 ) ) ;
#84 = ORIENTED_EDGE ( 'NONE', *, *, #1810, .F. ) ;
#85 = FACE_OUTER_BOUND ( 'NONE', #1044, .T. ) ;
#86 = CARTESIAN_POINT ( 'NONE',  ( 0.000000000000000000, 32.72985497582929781, 36.46584430738446514 ) ) ;
#87 = EDGE_CURVE ( 'NONE', #1061, #1644, #1038, .T. ) ;
#88 = CARTESIAN_POINT ( 'NONE',  ( 4.728813507874808586, 25.63822373886890915, 58.46584430738446514 ) ) ;
#89 = DIRECTION ( 'NONE',  ( 0.000000000000000000, -0.000000000000000000, 1.000000000000000000 ) ) ;
#90 = DIRECTION ( 'NONE',  ( 1.000000000000000000, -0.000000000000000000, -0.000000000000000000 ) ) ;
#91 = ORIENTED_EDGE ( 'NONE', *, *, #688, .F. ) ;
#92 = DIRECTION ( 'NONE',  ( 1.000000000000000000, 0.000000000000000000, 0.000000000000000000 ) ) ;
#93 = CYLINDRICAL_SURFACE ( 'NONE', #1683, 2.000000000000000000 ) ;
#94 = B_SPLINE_CURVE_WITH_KNOTS ( 'NONE', 2,
 ( #1333, #51, #746 ),
 .UNSPECIFIED., .F., .F.,
 ( 3, 3 ),
 ( 0.1569949976952123571, 1.000000000000000000 ),
 .UNSPECIFIED. ) ;
#95 = EDGE_CURVE ( 'NONE', #913, #1506, #1019, .T. ) ;
#96 = FACE_BOUND ( 'NONE', #1190, .T. ) ;
#97 = CARTESIAN_POINT ( 'NONE',  ( 9.104592322188805653, 31.04296144469708807, 38.44584357903224259 ) ) ;
#98 = ORIENTED_EDGE ( 'NONE', *, *, #1630, .F. ) ;
#99 = DIRECTION ( 'NONE',  ( -1.000000000000000000, 0.000000000000000000, 0.000000000000000000 ) ) ;
#100 = VECTOR ( 'NONE', #458, 1000.000000000000000 ) ;
#101 = EDGE_CURVE ( 'NONE', #283, #900, #1167, .T. ) ;
#102 = AXIS2_PLACEMENT_3D ( 'NONE', #1116, #831, #92 ) ;
#103 = CARTESIAN_POINT ( 'NONE',  ( 24.72881350787480770, 22.52063893522806026, 55.54564017898858452 ) ) ;
#104 = CARTESIAN_POINT ( 'NONE',  ( 15.21364801782327447, 25.68991661746997579, 39.94502484475434301 ) ) ;
#105 = AXIS2_PLACEMENT_3D ( 'NONE', #305, #554, #419 ) ;
#106 = CARTESIAN_POINT ( 'NONE',  ( 0.000000000000000000, 25.63822373886890915, 48.46584430738446514 ) ) ;
#107 = EDGE_CURVE ( 'NONE', #716, #1196, #1382, .T. ) ;
#108 = FACE_OUTER_BOUND ( 'NONE', #216, .T. ) ;
#109 = ORIENTED_EDGE ( 'NONE', *, *, #1223, .T. ) ;
#110 = DIRECTION ( 'NONE',  ( 0.000000000000000000, 0.000000000000000000, 1.000000000000000000 ) ) ;
#111 = FILL_AREA_STYLE ('',( #230 ) ) ;
#112 = DIRECTION ( 'NONE',  ( 0.000000000000000000, 0.000000000000000000, -1.000000000000000000 ) ) ;
#113 = LINE ( 'NONE', #882, #1442 ) ;
#114 = CARTESIAN_POINT ( 'NONE',  ( 15.00000000000000000, 30.72985497582929426, 11.46584430738447047 ) ) ;
#115 = AXIS2_PLACEMENT_3D ( 'NONE', #10, #286, #1535 ) ;
#116 = ORIENTED_EDGE ( 'NONE', *, *, #410, .T. ) ;
#117 = DIRECTION ( 'NONE',  ( -1.000000000000000000, 0.000000000000000000, 0.000000000000000000 ) ) ;
#118 = FACE_OUTER_BOUND ( 'NONE', #580, .T. ) ;
#119 = EDGE_CURVE ( 'NONE', #1593, #1292, #322, .T. ) ;
#120 = CARTESIAN_POINT ( 'NONE',  ( 0.000000000000000000, 30.72985497582929426, 11.46584430738447047 ) ) ;
#121 = EDGE_LOOP ( 'NONE', ( #91, #1750, #1200, #1073, #1412, #586 ) ) ;
#122 = EDGE_CURVE ( 'NONE', #542, #300, #1101, .T. ) ;
#123 = ORIENTED_EDGE ( 'NONE', *, *, #273, .T. ) ;
#124 = DIRECTION ( 'NONE',  ( -1.000000000000000000, -0.000000000000000000, -0.000000000000000000 ) ) ;
#125 = AXIS2_PLACEMENT_3D ( 'NONE', #368, #661, #807 ) ;
#126 = AXIS2_PLACEMENT_3D ( 'NONE', #1511, #962, #1385 ) ;
#127 = CARTESIAN_POINT ( 'NONE',  ( 23.72881350787480770, 25.63822373886890915, 49.41335290608061825 ) ) ;
#128 = CIRCLE ( 'NONE', #1611, 1.000000000000000888 ) ;
#129 = AXIS2_PLACEMENT_3D ( 'NONE', #1694, #1851, #575 ) ;
#130 = DIRECTION ( 'NONE',  ( 1.000000000000000000, 0.000000000000000000, -0.000000000000000000 ) ) ;
#131 = ADVANCED_FACE ( 'NONE', ( #108 ), #1099, .F. ) ;
#132 = ORIENTED_EDGE ( 'NONE', *, *, #772, .T. ) ;
#133 = EDGE_LOOP ( 'NONE', ( #1040, #466, #639, #842 ) ) ;
#134 = ORIENTED_EDGE ( 'NONE', *, *, #1266, .T. ) ;
#135 = EDGE_CURVE ( 'NONE', #1752, #1841, #819, .T. ) ;
#136 = DIRECTION ( 'NONE',  ( -0.000000000000000000, -0.000000000000000000, -1.000000000000000000 ) ) ;
#137 = AXIS2_PLACEMENT_3D ( 'NONE', #1717, #442, #1165 ) ;
#138 = CARTESIAN_POINT ( 'NONE',  ( 15.00000000000000000, 20.59238925423020206, 38.46584430738446514 ) ) ;
#139 = CARTESIAN_POINT ( 'NONE',  ( 4.728813507874807698, -12.38835884091895423, 63.46772746417470046 ) ) ;
#140 = VERTEX_POINT ( 'NONE', #683 ) ;
#141 = ORIENTED_EDGE ( 'NONE', *, *, #547, .T. ) ;
#142 = EDGE_LOOP ( 'NONE', ( #1232, #1619, #783, #1294, #1001, #1465 ) ) ;
#143 = CARTESIAN_POINT ( 'NONE',  ( 5.786632954142019614, 30.89509163988564922, 13.46584430738447224 ) ) ;
#144 = LINE ( 'NONE', #397, #1363 ) ;
#145 = CARTESIAN_POINT ( 'NONE',  ( 15.00000000000000000, 30.72985497582929426, 8.465844307384468692 ) ) ;
#146 = ORIENTED_EDGE ( 'NONE', *, *, #972, .F. ) ;
#147 = EDGE_CURVE ( 'NONE', #300, #1692, #1107, .T. ) ;
#148 = CARTESIAN_POINT ( 'NONE',  ( 65.98565915822207728, 23.63822373886890915, 66.46584430738447224 ) ) ;
#149 = EDGE_LOOP ( 'NONE', ( #227, #877, #1720, #1763 ) ) ;
#150 = EDGE_LOOP ( 'NONE', ( #1709, #8, #983, #116, #860, #773, #1700, #960, #629, #890, #1553, #869, #770, #852, #1296 ) ) ;
#151 = EDGE_LOOP ( 'NONE', ( #1125, #572, #173, #720 ) ) ;
#152 = PLANE ( 'NONE',  #161 ) ;
#153 = DIRECTION ( 'NONE',  ( -0.000000000000000000, 1.000000000000000000, -0.000000000000000000 ) ) ;
#154 = EDGE_CURVE ( 'NONE', #1444, #1368, #1529, .T. ) ;
#155 = AXIS2_PLACEMENT_3D ( 'NONE', #341, #642, #1480 ) ;
#156 = CARTESIAN_POINT ( 'NONE',  ( 15.00000000000000000, 20.72985497582929426, 23.46584430738446869 ) ) ;
#157 = VERTEX_POINT ( 'NONE', #1391 ) ;
#158 = VECTOR ( 'NONE', #1852, 1000.000000000000000 ) ;
#159 = CARTESIAN_POINT ( 'NONE',  ( 20.21991907443527481, 22.52063893522806026, 49.39566640020783694 ) ) ;
#160 = ADVANCED_FACE ( 'NONE', ( #494 ), #953, .T. ) ;
#161 = AXIS2_PLACEMENT_3D ( 'NONE', #728, #9, #587 ) ;
#162 = DIRECTION ( 'NONE',  ( 1.000000000000000000, -0.000000000000000000, -0.000000000000000000 ) ) ;
#163 = CIRCLE ( 'NONE', #1071, 2.000000000000001776 ) ;
#164 = ORIENTED_EDGE ( 'NONE', *, *, #452, .T. ) ;
#165 = ORIENTED_EDGE ( 'NONE', *, *, #1676, .F. ) ;
#166 = LINE ( 'NONE', #1828, #496 ) ;
#167 = DIRECTION ( 'NONE',  ( 0.000000000000000000, -0.000000000000000000, -1.000000000000000000 ) ) ;
#168 = DIRECTION ( 'NONE',  ( -0.000000000000000000, 1.000000000000000000, -0.000000000000000000 ) ) ;
#169 = ORIENTED_EDGE ( 'NONE', *, *, #967, .F. ) ;
#170 = CARTESIAN_POINT ( 'NONE',  ( 0.000000000000000000, 32.72985497582929781, 10.46584430738446869 ) ) ;
#171 = CYLINDRICAL_SURFACE ( 'NONE', #1563, 0.03765333437925899585 ) ;
#172 = VERTEX_POINT ( 'NONE', #790 ) ;
#173 = ORIENTED_EDGE ( 'NONE', *, *, #1279, .F. ) ;
#174 = CARTESIAN_POINT ( 'NONE',  ( 15.00000000000000000, 30.72985497582929426, 38.46584430738446514 ) ) ;
#175 = CARTESIAN_POINT ( 'NONE',  ( 15.00000000000000000, 20.72985497582929426, 13.46584430738447047 ) ) ;
#176 = VECTOR ( 'NONE', #14, 1000.000000000000000 ) ;
#177 = PLANE ( 'NONE',  #1119 ) ;
#178 = ORIENTED_EDGE ( 'NONE', *, *, #492, .F. ) ;
#179 = DIRECTION ( 'NONE',  ( -0.000000000000000000, -0.000000000000000000, -1.000000000000000000 ) ) ;
#180 = DIRECTION ( 'NONE',  ( 0.000000000000000000, 1.000000000000000000, 0.000000000000000000 ) ) ;
#181 = EDGE_CURVE ( 'NONE', #685, #303, #1634, .T. ) ;
#182 = DIRECTION ( 'NONE',  ( -0.000000000000000000, -0.000000000000000000, -1.000000000000000000 ) ) ;
#183 = VERTEX_POINT ( 'NONE', #1091 ) ;
#184 = ORIENTED_EDGE ( 'NONE', *, *, #298, .T. ) ;
#185 = CARTESIAN_POINT ( 'NONE',  ( 65.98565915822207728, -12.38835884091895068, 68.46584430738447224 ) ) ;
#186 = CARTESIAN_POINT ( 'NONE',  ( 24.72881350787480770, 25.63822373886890915, 58.46584430738446514 ) ) ;
#187 = ADVANCED_FACE ( 'NONE', ( #1496 ), #813, .T. ) ;
#188 = DIRECTION ( 'NONE',  ( -1.000000000000000000, -0.000000000000000000, 0.000000000000000000 ) ) ;
#189 = ORIENTED_EDGE ( 'NONE', *, *, #704, .F. ) ;
#190 = FACE_OUTER_BOUND ( 'NONE', #1274, .T. ) ;
#191 = CARTESIAN_POINT ( 'NONE',  ( 15.00000000000000000, 22.52063893522806026, 49.41335290608061825 ) ) ;
#192 = VECTOR ( 'NONE', #1617, 1000.000000000000000 ) ;
#193 = EDGE_CURVE ( 'NONE', #24, #651, #163, .T. ) ;
#194 = CARTESIAN_POINT ( 'NONE',  ( 9.302812461831166502, 30.72985497582929426, 38.46584430738446514 ) ) ;
#195 = CIRCLE ( 'NONE', #1267, 0.03765333437925899585 ) ;
#196 = ORIENTED_EDGE ( 'NONE', *, *, #1482, .F. ) ;
#197 = ORIENTED_EDGE ( 'NONE', *, *, #1380, .T. ) ;
#198 = CARTESIAN_POINT ( 'NONE',  ( 9.213367045857982163, 30.89509163988564922, 33.46584430738447935 ) ) ;
#199 = FACE_OUTER_BOUND ( 'NONE', #696, .T. ) ;
#200 = AXIS2_PLACEMENT_3D ( 'NONE', #148, #1816, #1253 ) ;
#201 = FACE_OUTER_BOUND ( 'NONE', #706, .T. ) ;
#202 = LINE ( 'NONE', #1747, #1410 ) ;
#203 = CARTESIAN_POINT ( 'NONE',  ( 5.068633637340884235, 28.21017522528272181, 38.46584430738446514 ) ) ;
#204 = VECTOR ( 'NONE', #1017, 1000.000000000000000 ) ;
#205 = ORIENTED_EDGE ( 'NONE', *, *, #410, .F. ) ;
#206 = EDGE_LOOP ( 'NONE', ( #453, #1315, #1039, #29 ) ) ;
#207 = VERTEX_POINT ( 'NONE', #1504 ) ;
#208 = DIRECTION ( 'NONE',  ( 0.000000000000000000, 0.000000000000000000, -1.000000000000000000 ) ) ;
#209 = CARTESIAN_POINT ( 'NONE',  ( 1.000000000000000888, 25.63822373886890915, 48.00193729519678953 ) ) ;
#210 = CIRCLE ( 'NONE', #1793, 2.000000000000000000 ) ;
#211 = DIRECTION ( 'NONE',  ( -1.000000000000000000, -1.301042606982605321E-16, 0.000000000000000000 ) ) ;
#212 = CARTESIAN_POINT ( 'NONE',  ( 10.54808640473608428, 13.84412893304985026, 58.46584430738446514 ) ) ;
#213 = DIRECTION ( 'NONE',  ( -0.000000000000000000, 1.000000000000000000, -0.000000000000000000 ) ) ;
#214 = EDGE_CURVE ( 'NONE', #1399, #1211, #224, .T. ) ;
#215 = CARTESIAN_POINT ( 'NONE',  ( 7.316876105979731371, 31.80410942078410486, 38.15284680244414517 ) ) ;
#216 = EDGE_LOOP ( 'NONE', ( #274, #628, #991, #1029 ) ) ;
#217 = ORIENTED_EDGE ( 'NONE', *, *, #461, .F. ) ;
#218 = CARTESIAN_POINT ( 'NONE',  ( 15.00000000000000000, 27.68049874577673819, 38.46584430738446514 ) ) ;
#219 = CYLINDRICAL_SURFACE ( 'NONE', #308, 2.445277397229952854 ) ;
#220 = EDGE_CURVE ( 'NONE', #1786, #1393, #1300, .T. ) ;
#221 = DIRECTION ( 'NONE',  ( 0.000000000000000000, 0.000000000000000000, 1.000000000000000000 ) ) ;
#222 = LINE ( 'NONE', #645, #1064 ) ;
#223 = VECTOR ( 'NONE', #1097, 1000.000000000000000 ) ;
#224 = LINE ( 'NONE', #1365, #736 ) ;
#225 = VECTOR ( 'NONE', #420, 1000.000000000000000 ) ;
#226 = ORIENTED_EDGE ( 'NONE', *, *, #1018, .T. ) ;
#227 = ORIENTED_EDGE ( 'NONE', *, *, #1810, .T. ) ;
#228 = FACE_OUTER_BOUND ( 'NONE', #1414, .T. ) ;
#229 = VECTOR ( 'NONE', #1263, 1000.000000000000000 ) ;
#230 = FILL_AREA_STYLE_COLOUR ( '', #1708 ) ;
#231 = CARTESIAN_POINT ( 'NONE',  ( 4.728813507874803257, 25.63822373886890915, 58.46584430738446514 ) ) ;
#232 = PLANE ( 'NONE',  #399 ) ;
#233 = CARTESIAN_POINT ( 'NONE',  ( 5.030980302961625128, 28.21017522528272181, 38.46584430738446514 ) ) ;
#234 = EDGE_LOOP ( 'NONE', ( #1686, #754 ) ) ;
#235 = DIRECTION ( 'NONE',  ( -0.000000000000000000, -0.000000000000000000, 1.000000000000000000 ) ) ;
#236 = ADVANCED_FACE ( 'NONE', ( #263 ), #1847, .F. ) ;
#237 = CARTESIAN_POINT ( 'NONE',  ( 0.000000000000000000, 32.72985497582929781, 38.46584430738446514 ) ) ;
#238 = CYLINDRICAL_SURFACE ( 'NONE', #1360, 2.049999999999999822 ) ;
#239 = CARTESIAN_POINT ( 'NONE',  ( 23.72881350787480770, 22.52063893522806026, 58.84259882960335375 ) ) ;
#240 = DIRECTION ( 'NONE',  ( -0.000000000000000000, -0.000000000000000000, 1.000000000000000000 ) ) ;
#241 = ADVANCED_FACE ( 'NONE', ( #975 ), #562, .T. ) ;
#242 = ORIENTED_EDGE ( 'NONE', *, *, #672, .F. ) ;
#243 = CARTESIAN_POINT ( 'NONE',  ( 4.728813507874803257, 25.63822373886890915, 58.46584430738446514 ) ) ;
#244 = CARTESIAN_POINT ( 'NONE',  ( 15.00000000000000000, 32.72985497582929781, 38.46584430738446514 ) ) ;
#245 = CARTESIAN_POINT ( 'NONE',  ( 15.03223375924919303, 26.63151177261552860, 38.73270935552799443 ) ) ;
#246 = EDGE_CURVE ( 'NONE', #1662, #1644, #1707, .T. ) ;
#247 = CARTESIAN_POINT ( 'NONE',  ( 4.728813507874803257, 20.52063893522806381, 59.46772746417470046 ) ) ;
#248 = CARTESIAN_POINT ( 'NONE',  ( 22.56808640473608207, -9.175871066950149313, 61.46772746417470756 ) ) ;
#249 = CIRCLE ( 'NONE', #1290, 2.049999999999999822 ) ;
#250 = ORIENTED_EDGE ( 'NONE', *, *, #324, .F. ) ;
#251 = CARTESIAN_POINT ( 'NONE',  ( 4.728813507874803257, 20.52063893522806381, 61.46772746417470756 ) ) ;
#252 = VECTOR ( 'NONE', #1228, 1000.000000000000000 ) ;
#253 = AXIS2_PLACEMENT_3D ( 'NONE', #1655, #1664, #1256 ) ;
#254 = LINE ( 'NONE', #237, #1591 ) ;
#255 = CARTESIAN_POINT ( 'NONE',  ( 22.56808640473608207, -9.175871066950149313, 61.46772746417470756 ) ) ;
#256 = AXIS2_PLACEMENT_3D ( 'NONE', #1356, #1663, #1802 ) ;
#257 = DIRECTION ( 'NONE',  ( 1.000000000000000000, 0.000000000000000000, 0.000000000000000000 ) ) ;
#258 = CARTESIAN_POINT ( 'NONE',  ( 15.00000000000000000, 20.72985497582929426, 23.46584430738446869 ) ) ;
#259 = ORIENTED_EDGE ( 'NONE', *, *, #1419, .F. ) ;
#260 = DIRECTION ( 'NONE',  ( 0.000000000000000000, 0.000000000000000000, 1.000000000000000000 ) ) ;
#261 = CARTESIAN_POINT ( 'NONE',  ( 15.31275972823059561, 25.63822373886890205, 40.46584430742745297 ) ) ;
#262 = EDGE_CURVE ( 'NONE', #1565, #1742, #464, .T. ) ;
#263 = FACE_OUTER_BOUND ( 'NONE', #1583, .T. ) ;
#264 = EDGE_CURVE ( 'NONE', #1497, #1269, #1710, .T. ) ;
#265 = VECTOR ( 'NONE', #482, 1000.000000000000000 ) ;
#266 = ORIENTED_EDGE ( 'NONE', *, *, #691, .F. ) ;
#267 = ORIENTED_EDGE ( 'NONE', *, *, #1728, .F. ) ;
#268 = LINE ( 'NONE', #1584, #1183 ) ;
#269 = EDGE_CURVE ( 'NONE', #1239, #892, #840, .T. ) ;
#270 = CARTESIAN_POINT ( 'NONE',  ( 15.15702171622352701, 22.33040822619575039, 39.60373342303725508 ) ) ;
#271 = B_SPLINE_CURVE_WITH_KNOTS ( 'NONE', 3,
 ( #1674, #567, #1815, #742, #872, #448, #588, #1140, #1306, #456, #1446, #1162, #1702, #834, #1733, #1396, #306, #1013 ),
 .UNSPECIFIED., .F., .F.,
 ( 4, 2, 2, 2, 2, 2, 2, 2, 4 ),
 ( 0.000000000000000000, 0.0005538749088606179398, 0.001107749817721235880, 0.001661624726581853928, 0.002215499635442471759, 0.002769374544303089807, 0.003323249453163707855, 0.003877124362024325470, 0.004430999270884935712 ),
 .UNSPECIFIED. ) ;
#272 = DIRECTION ( 'NONE',  ( 0.000000000000000000, 0.000000000000000000, 1.000000000000000000 ) ) ;
#273 = EDGE_CURVE ( 'NONE', #1458, #993, #1817, .T. ) ;
#274 = ORIENTED_EDGE ( 'NONE', *, *, #659, .F. ) ;
#275 = ORIENTED_EDGE ( 'NONE', *, *, #598, .T. ) ;
#276 = ORIENTED_EDGE ( 'NONE', *, *, #1089, .T. ) ;
#277 = CARTESIAN_POINT ( 'NONE',  ( 10.54808640473608428, 13.84412893304985026, 58.46584430738446514 ) ) ;
#278 = VECTOR ( 'NONE', #362, 1000.000000000000000 ) ;
#279 = AXIS2_PLACEMENT_3D ( 'NONE', #1758, #1470, #1056 ) ;
#280 = CARTESIAN_POINT ( 'NONE',  ( 22.56808640473608207, 13.84412893304985026, 58.46584430738446514 ) ) ;
#281 = DIRECTION ( 'NONE',  ( -1.000000000000000000, 0.000000000000000000, 0.000000000000000000 ) ) ;
#282 = ORIENTED_EDGE ( 'NONE', *, *, #406, .T. ) ;
#283 = VERTEX_POINT ( 'NONE', #1559 ) ;
#284 = ORIENTED_EDGE ( 'NONE', *, *, #1833, .F. ) ;
#285 = CARTESIAN_POINT ( 'NONE',  ( 8.706187483013978934, 31.42145145595266698, 13.34518085958660549 ) ) ;
#286 = DIRECTION ( 'NONE',  ( -0.000000000000000000, -1.000000000000000000, 0.000000000000000000 ) ) ;
#287 = ADVANCED_FACE ( 'NONE', ( #989 ), #407, .T. ) ;
#288 = LINE ( 'NONE', #145, #549 ) ;
#289 = CARTESIAN_POINT ( 'NONE',  ( 24.72881350787480770, 25.63822373886890915, 52.24868152837380819 ) ) ;
#290 = EDGE_CURVE ( 'NONE', #1705, #574, #60, .T. ) ;
#291 = ORIENTED_EDGE ( 'NONE', *, *, #50, .T. ) ;
#292 = AXIS2_PLACEMENT_3D ( 'NONE', #1418, #541, #1823 ) ;
#293 = EDGE_LOOP ( 'NONE', ( #275, #1498, #564, #923 ) ) ;
#294 = AXIS2_PLACEMENT_3D ( 'NONE', #1036, #473, #1311 ) ;
#295 = ORIENTED_EDGE ( 'NONE', *, *, #1703, .F. ) ;
#296 = FACE_OUTER_BOUND ( 'NONE', #792, .T. ) ;
#297 = CARTESIAN_POINT ( 'NONE',  ( 7.500000000000000000, 29.75396193483235763, 33.46584430738446514 ) ) ;
#298 = EDGE_CURVE ( 'NONE', #386, #1354, #210, .T. ) ;
#299 = DIRECTION ( 'NONE',  ( 0.000000000000000000, -1.000000000000000000, 0.000000000000000000 ) ) ;
#300 = VERTEX_POINT ( 'NONE', #712 ) ;
#301 = CYLINDRICAL_SURFACE ( 'NONE', #137, 14.99999999999999645 ) ;
#302 = DIRECTION ( 'NONE',  ( 0.000000000000000000, -1.000000000000000000, 0.000000000000000000 ) ) ;
#303 = VERTEX_POINT ( 'NONE', #1280 ) ;
#304 = ORIENTED_EDGE ( 'NONE', *, *, #1814, .T. ) ;
#305 = CARTESIAN_POINT ( 'NONE',  ( 15.00000000000000000, 20.72985497582929426, 23.46584430738446869 ) ) ;
#306 = CARTESIAN_POINT ( 'NONE',  ( 9.213367045857975057, 30.89509163988562079, 8.465844307384466916 ) ) ;
#307 = AXIS2_PLACEMENT_3D ( 'NONE', #1633, #1206, #1768 ) ;
#308 = AXIS2_PLACEMENT_3D ( 'NONE', #1490, #795, #1361 ) ;
#309 = DIRECTION ( 'NONE',  ( -0.000000000000000000, -0.000000000000000000, -1.000000000000000000 ) ) ;
#310 = ORIENTED_EDGE ( 'NONE', *, *, #1398, .F. ) ;
#311 = AXIS2_PLACEMENT_3D ( 'NONE', #1532, #112, #687 ) ;
#312 = LINE ( 'NONE', #450, #265 ) ;
#313 = DIRECTION ( 'NONE',  ( 0.000000000000000000, 0.000000000000000000, 1.000000000000000000 ) ) ;
#314 = VECTOR ( 'NONE', #930, 1000.000000000000000 ) ;
#315 = VERTEX_POINT ( 'NONE', #570 ) ;
#316 = ORIENTED_EDGE ( 'NONE', *, *, #1749, .F. ) ;
#317 = CARTESIAN_POINT ( 'NONE',  ( 24.72881350787480415, 20.52063893522806381, 61.46772746417470756 ) ) ;
#318 = CARTESIAN_POINT ( 'NONE',  ( 0.000000000000000000, 20.72985497582929426, 23.46584430738446869 ) ) ;
#319 = CARTESIAN_POINT ( 'NONE',  ( 24.72881350787480770, -12.38835884091895601, 66.46584430738447224 ) ) ;
#320 = EDGE_CURVE ( 'NONE', #1746, #183, #1723, .T. ) ;
#321 = PLANE ( 'NONE',  #1804 ) ;
#322 = B_SPLINE_CURVE_WITH_KNOTS ( 'NONE', 2,
 ( #372, #521, #1523 ),
 .UNSPECIFIED., .F., .F.,
 ( 3, 3 ),
 ( 0.03733265509030849610, 1.000000000000000000 ),
 .UNSPECIFIED. ) ;
#323 = DIRECTION ( 'NONE',  ( 1.000000000000000000, -0.000000000000000000, -0.000000000000000000 ) ) ;
#324 = EDGE_CURVE ( 'NONE', #1691, #1131, #1570, .T. ) ;
#325 = VERTEX_POINT ( 'NONE', #847 ) ;
#326 = VECTOR ( 'NONE', #323, 1000.000000000000000 ) ;
#327 = ORIENTED_EDGE ( 'NONE', *, *, #1541, .F. ) ;
#328 = EDGE_LOOP ( 'NONE', ( #1254, #132, #874, #749, #585, #437, #992, #594 ) ) ;
#329 = DIRECTION ( 'NONE',  ( 0.000000000000000000, 0.000000000000000000, -1.000000000000000000 ) ) ;
#330 = FACE_OUTER_BOUND ( 'NONE', #486, .T. ) ;
#331 = CYLINDRICAL_SURFACE ( 'NONE', #155, 0.03765333437925899585 ) ;
#332 = VERTEX_POINT ( 'NONE', #289 ) ;
#333 = EDGE_CURVE ( 'NONE', #1292, #157, #867, .T. ) ;
#334 = DIRECTION ( 'NONE',  ( 0.000000000000000000, 0.000000000000000000, 1.000000000000000000 ) ) ;
#335 = ORIENTED_EDGE ( 'NONE', *, *, #714, .F. ) ;
#336 = EDGE_CURVE ( 'NONE', #849, #1196, #1556, .T. ) ;
#337 = VERTEX_POINT ( 'NONE', #1114 ) ;
#338 = ORIENTED_EDGE ( 'NONE', *, *, #324, .T. ) ;
#339 = CARTESIAN_POINT ( 'NONE',  ( 15.00000000000000000, 20.72985497582929426, 33.46584430738446514 ) ) ;
#340 = CARTESIAN_POINT ( 'NONE',  ( 4.728813507874800592, 22.52063893522806026, 58.46584430738446514 ) ) ;
#341 = CARTESIAN_POINT ( 'NONE',  ( 5.030980302961625128, 28.21017522528272181, 51.46584430738446514 ) ) ;
#342 = ORIENTED_EDGE ( 'NONE', *, *, #859, .T. ) ;
#343 = CARTESIAN_POINT ( 'NONE',  ( 24.72881350787480770, 22.52063893522806381, 52.24868152837380819 ) ) ;
#344 = DIRECTION ( 'NONE',  ( -1.000000000000000000, 0.000000000000000000, 0.000000000000000000 ) ) ;
#345 = CIRCLE ( 'NONE', #1771, 2.049999999999999822 ) ;
#346 = AXIS2_PLACEMENT_3D ( 'NONE', #544, #1241, #1234 ) ;
#347 = ORIENTED_EDGE ( 'NONE', *, *, #625, .T. ) ;
#348 = CIRCLE ( 'NONE', #1411, 2.049999999999999822 ) ;
#349 = ORIENTED_EDGE ( 'NONE', *, *, #1245, .F. ) ;
#350 = ORIENTED_EDGE ( 'NONE', *, *, #967, .T. ) ;
#351 = DIRECTION ( 'NONE',  ( 0.000000000000000000, 0.000000000000000000, -1.000000000000000000 ) ) ;
#352 = CARTESIAN_POINT ( 'NONE',  ( 4.728813507874803257, 22.52063893522806026, 59.46772746417470046 ) ) ;
#353 = FACE_OUTER_BOUND ( 'NONE', #1367, .T. ) ;
#354 = EDGE_CURVE ( 'NONE', #1269, #1506, #1259, .T. ) ;
#355 = CARTESIAN_POINT ( 'NONE',  ( 5.697187538168833498, 30.72985497582929426, 33.46584430738446514 ) ) ;
#356 = CARTESIAN_POINT ( 'NONE',  ( 5.450000000000000178, 29.75396193483235763, 51.46584430738446514 ) ) ;
#357 = EDGE_CURVE ( 'NONE', #53, #1248, #988, .T. ) ;
#358 = VERTEX_POINT ( 'NONE', #703 ) ;
#359 = ORIENTED_EDGE ( 'NONE', *, *, #875, .F. ) ;
#360 = CARTESIAN_POINT ( 'NONE',  ( 6.293812516986024619, 31.42145145595266698, 33.58650775518233189 ) ) ;
#361 = FACE_BOUND ( 'NONE', #677, .T. ) ;
#362 = DIRECTION ( 'NONE',  ( 0.000000000000000000, -1.000000000000000000, 0.000000000000000000 ) ) ;
#363 =( NAMED_UNIT ( * ) SI_UNIT ( $, .STERADIAN. ) SOLID_ANGLE_UNIT ( ) );
#364 = LINE ( 'NONE', #519, #817 ) ;
#365 = CARTESIAN_POINT ( 'NONE',  ( 5.030980302961625128, 28.21017522528272181, 51.46584430738446514 ) ) ;
#366 = ORIENTED_EDGE ( 'NONE', *, *, #135, .T. ) ;
#367 = ORIENTED_EDGE ( 'NONE', *, *, #374, .F. ) ;
#368 = CARTESIAN_POINT ( 'NONE',  ( 15.00000000000000000, 22.52063893522806026, 48.46584430738446514 ) ) ;
#369 = CARTESIAN_POINT ( 'NONE',  ( 15.00000000000000000, 30.72985497582929426, 33.46584430738446514 ) ) ;
#370 = PLANE ( 'NONE',  #460 ) ;
#371 = LINE ( 'NONE', #950, #223 ) ;
#372 = CARTESIAN_POINT ( 'NONE',  ( 21.24221549667492326, 25.63822373886890915, 49.41335290608061825 ) ) ;
#373 = AXIS2_PLACEMENT_3D ( 'NONE', #1, #309, #1278 ) ;
#374 = EDGE_CURVE ( 'NONE', #1827, #707, #312, .T. ) ;
#375 = AXIS2_PLACEMENT_3D ( 'NONE', #244, #1680, #670 ) ;
#376 = ORIENTED_EDGE ( 'NONE', *, *, #823, .T. ) ;
#377 = PRODUCT_CONTEXT ( 'NONE', #1530, 'mechanical' ) ;
#378 = VECTOR ( 'NONE', #208, 1000.000000000000000 ) ;
#379 = LINE ( 'NONE', #395, #429 ) ;
#380 = DIRECTION ( 'NONE',  ( 0.000000000000000000, 0.000000000000000000, 1.000000000000000000 ) ) ;
#381 = AXIS2_PLACEMENT_3D ( 'NONE', #911, #757, #1729 ) ;
#382 = EDGE_CURVE ( 'NONE', #552, #1399, #935, .T. ) ;
#383 = DIRECTION ( 'NONE',  ( -1.000000000000000000, 0.000000000000000000, -0.000000000000000000 ) ) ;
#384 = DIRECTION ( 'NONE',  ( -1.000000000000000000, 0.000000000000000000, 0.000000000000000000 ) ) ;
#385 = EDGE_CURVE ( 'NONE', #409, #1841, #22, .T. ) ;
#386 = VERTEX_POINT ( 'NONE', #1759 ) ;
#387 = DIRECTION ( 'NONE',  ( -0.000000000000000000, -0.000000000000000000, -1.000000000000000000 ) ) ;
#388 = DIRECTION ( 'NONE',  ( 0.000000000000000000, 0.000000000000000000, -1.000000000000000000 ) ) ;
#389 = FACE_OUTER_BOUND ( 'NONE', #121, .T. ) ;
#390 = LINE ( 'NONE', #1807, #1668 ) ;
#391 = ADVANCED_FACE ( 'NONE', ( #1322 ), #709, .T. ) ;
#392 = VECTOR ( 'NONE', #836, 1000.000000000000000 ) ;
#393 = CARTESIAN_POINT ( 'NONE',  ( 4.993326968582366021, 28.21017522528272181, 51.46584430738446514 ) ) ;
#394 = ORIENTED_EDGE ( 'NONE', *, *, #1144, .T. ) ;
#395 = CARTESIAN_POINT ( 'NONE',  ( 15.00000000000000000, 20.72985497582929426, 38.46584430738446514 ) ) ;
#396 = CYLINDRICAL_SURFACE ( 'NONE', #311, 2.049999999999999822 ) ;
#397 = CARTESIAN_POINT ( 'NONE',  ( 10.54808640473608072, 13.84412893304985026, 68.46584430738447224 ) ) ;
#398 = DIRECTION ( 'NONE',  ( -0.000000000000000000, -0.000000000000000000, 1.000000000000000000 ) ) ;
#399 = AXIS2_PLACEMENT_3D ( 'NONE', #1659, #89, #1799 ) ;
#400 = CIRCLE ( 'NONE', #1439, 2.000000000000001776 ) ;
#401 = ORIENTED_EDGE ( 'NONE', *, *, #520, .T. ) ;
#402 = LINE ( 'NONE', #243, #1295 ) ;
#403 = CIRCLE ( 'NONE', #253, 1.000000000000000888 ) ;
#404 = CARTESIAN_POINT ( 'NONE',  ( 0.000000000000000000, 30.72985497582929426, 13.46584430738447047 ) ) ;
#405 = CARTESIAN_POINT ( 'NONE',  ( 16.34265820838374950, 25.63822373886890915, 45.61670478971916509 ) ) ;
#406 = EDGE_CURVE ( 'NONE', #1746, #1239, #1025, .T. ) ;
#407 = CYLINDRICAL_SURFACE ( 'NONE', #540, 2.000000000000000000 ) ;
#408 = B_SPLINE_CURVE_WITH_KNOTS ( 'NONE', 3,
 ( #1163, #1715, #1548, #856, #1172, #270, #1725, #449, #23, #865, #1417, #1846, #1024, #1447, #599, #138 ),
 .UNSPECIFIED., .F., .F.,
 ( 4, 2, 2, 2, 2, 2, 2, 4 ),
 ( 3.170004365942548996E-15, 0.0003842362606179508706, 0.0007684725212327317510, 0.001152708781847512631, 0.001536945042462293512, 0.001921181303077074609, 0.002305417563691855489, 0.003073890084921399035 ),
 .UNSPECIFIED. ) ;
#409 = VERTEX_POINT ( 'NONE', #170 ) ;
#410 = EDGE_CURVE ( 'NONE', #727, #942, #1579, .T. ) ;
#411 = ORIENTED_EDGE ( 'NONE', *, *, #1291, .F. ) ;
#412 = PLANE ( 'NONE',  #129 ) ;
#413 = DIRECTION ( 'NONE',  ( 0.000000000000000000, 0.000000000000000000, 1.000000000000000000 ) ) ;
#414 = VECTOR ( 'NONE', #690, 1000.000000000000000 ) ;
#415 = CARTESIAN_POINT ( 'NONE',  ( 24.72881350787480770, 25.63822373886890915, 50.41335290608061825 ) ) ;
#416 = ORIENTED_EDGE ( 'NONE', *, *, #1842, .T. ) ;
#417 = ORIENTED_EDGE ( 'NONE', *, *, #961, .T. ) ;
#418 = ORIENTED_EDGE ( 'NONE', *, *, #101, .T. ) ;
#419 = DIRECTION ( 'NONE',  ( 0.000000000000000000, 0.000000000000000000, 1.000000000000000000 ) ) ;
#420 = DIRECTION ( 'NONE',  ( 1.000000000000000000, 1.301042606982605567E-16, -0.000000000000000000 ) ) ;
#421 = CARTESIAN_POINT ( 'NONE',  ( 22.56808640473608207, 13.84412893304985026, 58.46584430738446514 ) ) ;
#422 = ADVANCED_FACE ( 'NONE', ( #920 ), #301, .T. ) ;
#423 = ORIENTED_EDGE ( 'NONE', *, *, #1037, .F. ) ;
#424 = EDGE_LOOP ( 'NONE', ( #359, #1156, #1413, #84, #1147, #282, #524, #1546 ) ) ;
#425 = ORIENTED_EDGE ( 'NONE', *, *, #87, .F. ) ;
#426 = CARTESIAN_POINT ( 'NONE',  ( 6.607723510245154586, 31.60854830894734846, 13.26533183351384615 ) ) ;
#427 = DIRECTION ( 'NONE',  ( 1.000000000000000000, 1.301042606982605321E-16, -0.000000000000000000 ) ) ;
#428 = AXIS2_PLACEMENT_3D ( 'NONE', #209, #1317, #1628 ) ;
#429 = VECTOR ( 'NONE', #1805, 1000.000000000000000 ) ;
#430 = CARTESIAN_POINT ( 'NONE',  ( 15.00000000000000000, 30.72985497582929426, 10.46584430738446869 ) ) ;
#431 = ORIENTED_EDGE ( 'NONE', *, *, #547, .F. ) ;
#432 = ADVANCED_FACE ( 'NONE', ( #888 ), #1047, .F. ) ;
#433 = DIRECTION ( 'NONE',  ( 1.000000000000000000, 1.301042606982605567E-16, 0.000000000000000000 ) ) ;
#434 = VERTEX_POINT ( 'NONE', #909 ) ;
#435 = EDGE_CURVE ( 'NONE', #436, #713, #1483, .T. ) ;
#436 = VERTEX_POINT ( 'NONE', #600 ) ;
#437 = ORIENTED_EDGE ( 'NONE', *, *, #803, .T. ) ;
#438 = CARTESIAN_POINT ( 'NONE',  ( 24.72881350787480770, 25.63822373886890915, 52.24868152837380819 ) ) ;
#439 = CARTESIAN_POINT ( 'NONE',  ( 5.450000000000000178, 29.75396193483235763, 38.46584430738446514 ) ) ;
#440 = DIRECTION ( 'NONE',  ( -1.300178554478532789E-16, 1.000000000000000000, -0.000000000000000000 ) ) ;
#441 = ORIENTED_EDGE ( 'NONE', *, *, #1082, .T. ) ;
#442 = DIRECTION ( 'NONE',  ( -1.000000000000000000, -0.000000000000000000, -0.000000000000000000 ) ) ;
#443 = CARTESIAN_POINT ( 'NONE',  ( 5.450000000000000178, 29.75396193483235763, 8.465844307384465139 ) ) ;
#444 = ORIENTED_EDGE ( 'NONE', *, *, #269, .T. ) ;
#445 = ORIENTED_EDGE ( 'NONE', *, *, #1158, .F. ) ;
#446 = EDGE_CURVE ( 'NONE', #861, #1691, #534, .T. ) ;
#447 = FACE_OUTER_BOUND ( 'NONE', #982, .T. ) ;
#448 = CARTESIAN_POINT ( 'NONE',  ( 6.605384846995357329, 31.60735700206440768, 8.665788263336033026 ) ) ;
#449 = CARTESIAN_POINT ( 'NONE',  ( 15.10658102403067993, 22.13480149730765589, 39.27684136408061022 ) ) ;
#450 = CARTESIAN_POINT ( 'NONE',  ( 22.56808640473608207, 13.84412893304985026, 68.46584430738447224 ) ) ;
#451 = LINE ( 'NONE', #463, #1685 ) ;
#452 = EDGE_CURVE ( 'NONE', #542, #54, #876, .T. ) ;
#453 = ORIENTED_EDGE ( 'NONE', *, *, #452, .F. ) ;
#454 = ORIENTED_EDGE ( 'NONE', *, *, #1130, .T. ) ;
#455 = CARTESIAN_POINT ( 'NONE',  ( 7.868812213767428787, 31.77889376819009826, 33.76210616443132295 ) ) ;
#456 = CARTESIAN_POINT ( 'NONE',  ( 7.683123894020269518, 31.80410942078410486, 8.778841812324788663 ) ) ;
#457 = CIRCLE ( 'NONE', #373, 0.03765333437925899585 ) ;
#458 = DIRECTION ( 'NONE',  ( 0.000000000000000000, 1.000000000000000000, 0.000000000000000000 ) ) ;
#459 = ORIENTED_EDGE ( 'NONE', *, *, #1660, .F. ) ;
#460 = AXIS2_PLACEMENT_3D ( 'NONE', #231, #948, #1112 ) ;
#461 = EDGE_CURVE ( 'NONE', #140, #861, #1580, .T. ) ;
#462 = LINE ( 'NONE', #36, #1690 ) ;
#463 = CARTESIAN_POINT ( 'NONE',  ( 24.01906589823501648, -14.38835884091895956, 57.88564870034364418 ) ) ;
#464 = CIRCLE ( 'NONE', #681, 14.99999999999999645 ) ;
#465 = ORIENTED_EDGE ( 'NONE', *, *, #737, .F. ) ;
#466 = ORIENTED_EDGE ( 'NONE', *, *, #520, .F. ) ;
#467 = CARTESIAN_POINT ( 'NONE',  ( 7.313588765684495563, 31.80381313100159701, 33.77865317660476308 ) ) ;
#468 = DIRECTION ( 'NONE',  ( -1.000000000000000000, 0.000000000000000000, 0.000000000000000000 ) ) ;
#469 = EDGE_CURVE ( 'NONE', #172, #157, #94, .T. ) ;
#470 = DIRECTION ( 'NONE',  ( 1.000000000000000000, 0.000000000000000000, -0.000000000000000000 ) ) ;
#471 = EDGE_LOOP ( 'NONE', ( #891, #604, #134, #1844 ) ) ;
#472 = DIRECTION ( 'NONE',  ( 0.000000000000000000, 1.000000000000000000, 0.000000000000000000 ) ) ;
#473 = DIRECTION ( 'NONE',  ( -1.000000000000000000, -0.000000000000000000, 0.000000000000000000 ) ) ;
#474 = DIRECTION ( 'NONE',  ( -0.000000000000000000, -0.000000000000000000, 1.000000000000000000 ) ) ;
#475 = EDGE_LOOP ( 'NONE', ( #781, #335, #1168, #250 ) ) ;
#476 = VERTEX_POINT ( 'NONE', #1736 ) ;
#477 = CARTESIAN_POINT ( 'NONE',  ( 8.705153851244935126, 31.42227010422183398, 33.58679704338749872 ) ) ;
#478 = DIRECTION ( 'NONE',  ( -1.000000000000000000, 0.000000000000000000, 0.000000000000000000 ) ) ;
#479 = LINE ( 'NONE', #1054, #278 ) ;
#480 = ORIENTED_EDGE ( 'NONE', *, *, #1127, .T. ) ;
#481 = DIRECTION ( 'NONE',  ( 1.301042606982605567E-16, -1.000000000000000000, -0.000000000000000000 ) ) ;
#482 = DIRECTION ( 'NONE',  ( 0.000000000000000000, -1.000000000000000000, 0.000000000000000000 ) ) ;
#483 = PLANE ( 'NONE',  #654 ) ;
#484 = EDGE_CURVE ( 'NONE', #574, #791, #462, .T. ) ;
#485 = ORIENTED_EDGE ( 'NONE', *, *, #745, .T. ) ;
#486 = EDGE_LOOP ( 'NONE', ( #1262, #557, #454, #480, #866, #1384, #1551, #507, #291, #485 ) ) ;
#487 = DIRECTION ( 'NONE',  ( 1.000000000000000000, 0.000000000000000000, 0.000000000000000000 ) ) ;
#488 = CARTESIAN_POINT ( 'NONE',  ( 23.72881350787480770, 25.63822373886890915, 50.41335290608061825 ) ) ;
#489 = DIRECTION ( 'NONE',  ( 0.000000000000000000, 1.000000000000000000, 0.000000000000000000 ) ) ;
#490 = CARTESIAN_POINT ( 'NONE',  ( 4.728813507874803257, 23.63822373886890915, 68.46584430738447224 ) ) ;
#491 = AXIS2_PLACEMENT_3D ( 'NONE', #430, #732, #885 ) ;
#492 = EDGE_CURVE ( 'NONE', #1524, #1827, #591, .T. ) ;
#493 = VECTOR ( 'NONE', #1767, 1000.000000000000000 ) ;
#494 = FACE_OUTER_BOUND ( 'NONE', #616, .T. ) ;
#495 = AXIS2_PLACEMENT_3D ( 'NONE', #1585, #1298, #1023 ) ;
#496 = VECTOR ( 'NONE', #984, 1000.000000000000000 ) ;
#497 = ORIENTED_EDGE ( 'NONE', *, *, #154, .F. ) ;
#498 = EDGE_LOOP ( 'NONE', ( #1326, #880, #1464, #1561 ) ) ;
#499 = CARTESIAN_POINT ( 'NONE',  ( 5.697187538168833498, 30.72985497582929426, 13.46584430738447047 ) ) ;
#500 = CYLINDRICAL_SURFACE ( 'NONE', #522, 2.049999999999999822 ) ;
#501 = AXIS2_PLACEMENT_3D ( 'NONE', #1353, #505, #72 ) ;
#502 = CARTESIAN_POINT ( 'NONE',  ( 24.01906589823501648, 22.52063893522806026, 57.88564870034364418 ) ) ;
#503 = CARTESIAN_POINT ( 'NONE',  ( 10.54808640473608428, 13.84412893304985026, 61.46772746417470756 ) ) ;
#504 = CARTESIAN_POINT ( 'NONE',  ( 9.549999999999998934, 29.75396193483235763, 13.46584430738447047 ) ) ;
#505 = DIRECTION ( 'NONE',  ( -0.000000000000000000, 1.000000000000000000, -0.000000000000000000 ) ) ;
#506 = ORIENTED_EDGE ( 'NONE', *, *, #1323, .T. ) ;
#507 = ORIENTED_EDGE ( 'NONE', *, *, #290, .T. ) ;
#508 = CARTESIAN_POINT ( 'NONE',  ( 4.728813507874808586, -12.38835884091895423, 61.46772746417470756 ) ) ;
#509 = CARTESIAN_POINT ( 'NONE',  ( 15.00000000000000000, 22.52063893522806026, 40.46455686593886725 ) ) ;
#510 = DIRECTION ( 'NONE',  ( 1.000000000000000000, 0.000000000000000000, -0.000000000000000000 ) ) ;
#511 = DIRECTION ( 'NONE',  ( 0.000000000000000000, 1.000000000000000000, 0.000000000000000000 ) ) ;
#512 = DIRECTION ( 'NONE',  ( -1.000000000000000000, 0.000000000000000000, 0.000000000000000000 ) ) ;
#513 = ORIENTED_EDGE ( 'NONE', *, *, #193, .F. ) ;
#514 = DIRECTION ( 'NONE',  ( 0.000000000000000000, 1.000000000000000000, 0.000000000000000000 ) ) ;
#515 = EDGE_CURVE ( 'NONE', #300, #542, #560, .T. ) ;
#516 = DIRECTION ( 'NONE',  ( -0.000000000000000000, -0.000000000000000000, 1.000000000000000000 ) ) ;
#517 = CARTESIAN_POINT ( 'NONE',  ( 0.000000000000000000, 32.72985497582929781, 35.46584430738446514 ) ) ;
#518 = B_SPLINE_CURVE_WITH_KNOTS ( 'NONE', 3,
 ( #1640, #1362, #1502, #765, #79, #656, #245, #1088, #810, #694, #1790, #104, #1395, #261 ),
 .UNSPECIFIED., .F., .F.,
 ( 4, 2, 2, 2, 2, 2, 4 ),
 ( 0.000000000000000000, 0.0003931596822265050737, 0.0007863193644530101474, 0.001179479046679515275, 0.001572638728906020295, 0.002358958093359022744, 0.003145277457812025845 ),
 .UNSPECIFIED. ) ;
#519 = CARTESIAN_POINT ( 'NONE',  ( 5.450000000000000178, 29.75396193483235763, 51.46584430738446514 ) ) ;
#520 = EDGE_CURVE ( 'NONE', #157, #140, #583, .T. ) ;
#521 = CARTESIAN_POINT ( 'NONE',  ( 20.21991907443527481, 25.63822373886890915, 49.39566640020782984 ) ) ;
#522 = AXIS2_PLACEMENT_3D ( 'NONE', #1181, #1744, #468 ) ;
#523 = STYLED_ITEM ( 'NONE', ( #809 ), #1342 ) ;
#524 = ORIENTED_EDGE ( 'NONE', *, *, #1154, .T. ) ;
#525 = DIRECTION ( 'NONE',  ( 0.000000000000000000, 0.000000000000000000, 1.000000000000000000 ) ) ;
#526 = AXIS2_PLACEMENT_3D ( 'NONE', #969, #387, #1255 ) ;
#527 = CARTESIAN_POINT ( 'NONE',  ( 15.00000000000000000, 32.72985497582929781, 35.46584430738446514 ) ) ;
#528 = ADVANCED_FACE ( 'NONE', ( #1243 ), #789, .T. ) ;
#529 = CARTESIAN_POINT ( 'NONE',  ( 4.728813507874808586, -14.38835884091895956, 63.46772746417470046 ) ) ;
#530 = AXIS2_PLACEMENT_3D ( 'NONE', #1452, #1463, #1761 ) ;
#531 = CARTESIAN_POINT ( 'NONE',  ( 0.000000000000000000, 32.72985497582929781, 13.46584430738447047 ) ) ;
#532 = EDGE_CURVE ( 'NONE', #535, #993, #657, .T. ) ;
#533 = CARTESIAN_POINT ( 'NONE',  ( 5.896499557933482905, 31.04446030919865862, 38.44564589907099617 ) ) ;
#534 = CIRCLE ( 'NONE', #1571, 1.000000000000000888 ) ;
#535 = VERTEX_POINT ( 'NONE', #71 ) ;
#536 = APPLICATION_PROTOCOL_DEFINITION ( 'draft international standard', 'automotive_design', 1998, #1218 ) ;
#537 = CARTESIAN_POINT ( 'NONE',  ( 0.3390165307856753407, 22.52063893522805671, 48.75233775723382479 ) ) ;
#538 = DIRECTION ( 'NONE',  ( -1.000000000000000000, -0.000000000000000000, -0.000000000000000000 ) ) ;
#539 = CARTESIAN_POINT ( 'NONE',  ( 22.56808640473608207, 13.84412893304985026, 61.46772746417470756 ) ) ;
#540 = AXIS2_PLACEMENT_3D ( 'NONE', #139, #433, #1397 ) ;
#541 = DIRECTION ( 'NONE',  ( -1.000000000000000000, -0.000000000000000000, 0.000000000000000000 ) ) ;
#542 = VERTEX_POINT ( 'NONE', #203 ) ;
#543 = EDGE_CURVE ( 'NONE', #1716, #283, #390, .T. ) ;
#544 = CARTESIAN_POINT ( 'NONE',  ( 23.72881350787480770, -14.38835884091895956, 58.84259882960335375 ) ) ;
#545 = CARTESIAN_POINT ( 'NONE',  ( 3.994590393176610466, 25.63822373886890915, 51.97231697602742173 ) ) ;
#546 = DIRECTION ( 'NONE',  ( -1.000000000000000000, 1.692413147294446167E-15, 0.000000000000000000 ) ) ;
#547 = EDGE_CURVE ( 'NONE', #409, #892, #61, .T. ) ;
#548 = AXIS2_PLACEMENT_3D ( 'NONE', #239, #780, #1341 ) ;
#549 = VECTOR ( 'NONE', #719, 1000.000000000000000 ) ;
#550 = VERTEX_POINT ( 'NONE', #1373 ) ;
#551 = AXIS2_PLACEMENT_3D ( 'NONE', #1257, #863, #1277 ) ;
#552 = VERTEX_POINT ( 'NONE', #1080 ) ;
#553 = EDGE_CURVE ( 'NONE', #183, #74, #364, .T. ) ;
#554 = DIRECTION ( 'NONE',  ( -1.000000000000000000, -0.000000000000000000, -0.000000000000000000 ) ) ;
#555 = CARTESIAN_POINT ( 'NONE',  ( 0.000000000000000000, 20.52063893522806381, 40.46455686593886725 ) ) ;
#556 = ORIENTED_EDGE ( 'NONE', *, *, #598, .F. ) ;
#557 = ORIENTED_EDGE ( 'NONE', *, *, #672, .T. ) ;
#558 = CARTESIAN_POINT ( 'NONE',  ( 6.294846148755065762, 31.42227010422183398, 13.34489157138142801 ) ) ;
#559 = CARTESIAN_POINT ( 'NONE',  ( 15.00000000000000000, 20.59238925423020206, 38.46584430738446514 ) ) ;
#560 = CIRCLE ( 'NONE', #1840, 0.03765333437925899585 ) ;
#561 = EDGE_CURVE ( 'NONE', #434, #854, #1462, .T. ) ;
#562 = CYLINDRICAL_SURFACE ( 'NONE', #200, 2.000000000000001776 ) ;
#563 = VERTEX_POINT ( 'NONE', #811 ) ;
#564 = ORIENTED_EDGE ( 'NONE', *, *, #1082, .F. ) ;
#565 = ORIENTED_EDGE ( 'NONE', *, *, #290, .F. ) ;
#566 = CARTESIAN_POINT ( 'NONE',  ( 6.152933442059223879, 31.31024321096055019, 13.38463047440524534 ) ) ;
#567 = CARTESIAN_POINT ( 'NONE',  ( 5.786630682601862752, 30.89508744356419001, 8.465844307384466916 ) ) ;
#568 = ADVANCED_FACE ( 'NONE', ( #673, #1237 ), #799, .F. ) ;
#569 = DIRECTION ( 'NONE',  ( 0.000000000000000000, 0.000000000000000000, 1.000000000000000000 ) ) ;
#570 = CARTESIAN_POINT ( 'NONE',  ( 15.00000000000000000, 32.72985497582929781, 10.46584430738446869 ) ) ;
#571 = EDGE_CURVE ( 'NONE', #332, #1131, #371, .T. ) ;
#572 = ORIENTED_EDGE ( 'NONE', *, *, #636, .F. ) ;
#573 = VERTEX_POINT ( 'NONE', #355 ) ;
#574 = VERTEX_POINT ( 'NONE', #1106 ) ;
#575 = DIRECTION ( 'NONE',  ( 1.000000000000000000, 0.000000000000000000, 0.000000000000000000 ) ) ;
#576 = CARTESIAN_POINT ( 'NONE',  ( 4.728813507874807698, -12.38835884091895423, 61.46772746417470756 ) ) ;
#577 = VECTOR ( 'NONE', #68, 1000.000000000000000 ) ;
#578 = CIRCLE ( 'NONE', #1215, 0.03765333437925899585 ) ;
#579 = DIRECTION ( 'NONE',  ( 0.000000000000000000, 0.000000000000000000, 1.000000000000000000 ) ) ;
#580 = EDGE_LOOP ( 'NONE', ( #350, #1762, #1164, #416, #33, #1189, #5, #1336, #417, #1021 ) ) ;
#581 = CARTESIAN_POINT ( 'NONE',  ( 23.72881350787480770, 25.63822373886890915, 58.84259882960335375 ) ) ;
#582 = AXIS2_PLACEMENT_3D ( 'NONE', #233, #240, #512 ) ;
#583 = B_SPLINE_CURVE_WITH_KNOTS ( 'NONE', 2,
 ( #1155, #159, #735 ),
 .UNSPECIFIED., .F., .F.,
 ( 3, 3 ),
 ( 0.000000000000000000, 0.9626673449096921908 ),
 .UNSPECIFIED. ) ;
#584 = ORIENTED_EDGE ( 'NONE', *, *, #667, .T. ) ;
#585 = ORIENTED_EDGE ( 'NONE', *, *, #553, .T. ) ;
#586 = ORIENTED_EDGE ( 'NONE', *, *, #1656, .F. ) ;
#587 = DIRECTION ( 'NONE',  ( 0.000000000000000000, -0.000000000000000000, -1.000000000000000000 ) ) ;
#588 = CARTESIAN_POINT ( 'NONE',  ( 6.774901654052175815, 31.68007987336385867, 8.705091119217929219 ) ) ;
#589 = CARTESIAN_POINT ( 'NONE',  ( 15.00000000000000000, 32.72985497582929781, 10.46584430738446869 ) ) ;
#590 = ORIENTED_EDGE ( 'NONE', *, *, #766, .T. ) ;
#591 = LINE ( 'NONE', #898, #326 ) ;
#592 = ADVANCED_FACE ( 'NONE', ( #665, #96 ), #232, .F. ) ;
#593 = LINE ( 'NONE', #1739, #808 ) ;
#594 = ORIENTED_EDGE ( 'NONE', *, *, #220, .T. ) ;
#595 = ORIENTED_EDGE ( 'NONE', *, *, #1154, .F. ) ;
#596 = DIRECTION ( 'NONE',  ( -0.000000000000000000, -0.000000000000000000, -1.000000000000000000 ) ) ;
#597 = LINE ( 'NONE', #1171, #952 ) ;
#598 = EDGE_CURVE ( 'NONE', #707, #1444, #958, .T. ) ;
#599 = CARTESIAN_POINT ( 'NONE',  ( 15.00108306017073012, 20.85211407547162210, 38.47516797861326410 ) ) ;
#600 = CARTESIAN_POINT ( 'NONE',  ( 0.000000000000000000, 30.72985497582929426, 38.46584430738446514 ) ) ;
#601 = EDGE_CURVE ( 'NONE', #1124, #621, #1118, .T. ) ;
#602 = CYLINDRICAL_SURFACE ( 'NONE', #1332, 2.000000000000001776 ) ;
#603 = ORIENTED_EDGE ( 'NONE', *, *, #766, .F. ) ;
#604 = ORIENTED_EDGE ( 'NONE', *, *, #1588, .T. ) ;
#605 = LINE ( 'NONE', #1316, #1002 ) ;
#606 = LINE ( 'NONE', #1596, #725 ) ;
#607 = PRODUCT_DEFINITION_SHAPE ( 'NONE', 'NONE',  #1157 ) ;
#608 = AXIS2_PLACEMENT_3D ( 'NONE', #620, #1043, #78 ) ;
#609 = CYLINDRICAL_SURFACE ( 'NONE', #1214, 2.000000000000001776 ) ;
#610 = ORIENTED_EDGE ( 'NONE', *, *, #1048, .F. ) ;
#611 = CARTESIAN_POINT ( 'NONE',  ( 4.728813507874803257, 25.63822373886890915, 66.46584430738447224 ) ) ;
#612 = VECTOR ( 'NONE', #179, 1000.000000000000000 ) ;
#613 = CARTESIAN_POINT ( 'NONE',  ( 20.22471457695079167, 22.52063893522805671, 49.40124533276478047 ) ) ;
#614 = VECTOR ( 'NONE', #1776, 1000.000000000000000 ) ;
#615 = CARTESIAN_POINT ( 'NONE',  ( 7.500000000000000000, 29.75396193483235763, 38.46584430738446514 ) ) ;
#616 = EDGE_LOOP ( 'NONE', ( #1199, #48, #445, #267 ) ) ;
#617 = ORIENTED_EDGE ( 'NONE', *, *, #147, .F. ) ;
#618 = CARTESIAN_POINT ( 'NONE',  ( 8.223590158346352652, 31.68082172773734584, 33.70548403619089584 ) ) ;
#619 = DIRECTION ( 'NONE',  ( 1.000000000000000000, 0.000000000000000000, 0.000000000000000000 ) ) ;
#620 = CARTESIAN_POINT ( 'NONE',  ( 5.030980302961625128, 28.21017522528272181, 51.46584430738446514 ) ) ;
#621 = VERTEX_POINT ( 'NONE', #1381 ) ;
#622 = DIRECTION ( 'NONE',  ( -1.000000000000000000, 0.000000000000000000, 0.000000000000000000 ) ) ;
#623 = AXIS2_PLACEMENT_3D ( 'NONE', #26, #1187, #334 ) ;
#624 = CARTESIAN_POINT ( 'NONE',  ( 19.42066865518214769, 25.63822373886891270, 48.46584430738446514 ) ) ;
#625 = EDGE_CURVE ( 'NONE', #28, #1011, #939, .T. ) ;
#626 = VERTEX_POINT ( 'NONE', #1641 ) ;
#627 = AXIS2_PLACEMENT_3D ( 'NONE', #1514, #81, #1221 ) ;
#628 = ORIENTED_EDGE ( 'NONE', *, *, #1245, .T. ) ;
#629 = ORIENTED_EDGE ( 'NONE', *, *, #1650, .F. ) ;
#630 = DIRECTION ( 'NONE',  ( -0.000000000000000000, -0.000000000000000000, -1.000000000000000000 ) ) ;
#631 = CARTESIAN_POINT ( 'NONE',  ( 15.76897608256730443, 27.68049874577673819, 45.08567981644721812 ) ) ;
#632 = CARTESIAN_POINT ( 'NONE',  ( 24.72881350787480770, 25.63822373886890915, 50.41335290608061825 ) ) ;
#633 = EDGE_CURVE ( 'NONE', #325, #552, #1503, .T. ) ;
#634 = CARTESIAN_POINT ( 'NONE',  ( 9.549999999999998934, 29.75396193483235763, 8.465844307384465139 ) ) ;
#635 = DIRECTION ( 'NONE',  ( 0.000000000000000000, -1.000000000000000000, 0.000000000000000000 ) ) ;
#636 = EDGE_CURVE ( 'NONE', #358, #1662, #1494, .T. ) ;
#637 = DIRECTION ( 'NONE',  ( -1.000000000000000000, 0.000000000000000000, 0.000000000000000000 ) ) ;
#638 = ORIENTED_EDGE ( 'NONE', *, *, #1613, .F. ) ;
#639 = ORIENTED_EDGE ( 'NONE', *, *, #333, .F. ) ;
#640 = CARTESIAN_POINT ( 'NONE',  ( 10.54808640473608428, 13.84412893304985026, 61.46772746417470756 ) ) ;
#641 = CARTESIAN_POINT ( 'NONE',  ( 23.72881350787480770, 22.52063893522806026, 49.41335290608061825 ) ) ;
#642 = DIRECTION ( 'NONE',  ( 0.000000000000000000, 0.000000000000000000, -1.000000000000000000 ) ) ;
#643 = DIRECTION ( 'NONE',  ( -1.000000000000000000, 0.000000000000000000, 0.000000000000000000 ) ) ;
#644 = VECTOR ( 'NONE', #743, 1000.000000000000000 ) ;
#645 = CARTESIAN_POINT ( 'NONE',  ( 5.068633637340884235, 28.21017522528272181, 51.46584430738446514 ) ) ;
#646 = VECTOR ( 'NONE', #822, 1000.000000000000000 ) ;
#647 = AXIS2_PLACEMENT_3D ( 'NONE', #1679, #1110, #525 ) ;
#648 = CARTESIAN_POINT ( 'NONE',  ( 6.294846148755065762, 31.42227010422184819, 38.34489157138142446 ) ) ;
#649 = AXIS2_PLACEMENT_3D ( 'NONE', #1649, #1230, #383 ) ;
#650 = ORIENTED_EDGE ( 'NONE', *, *, #995, .T. ) ;
#651 = VERTEX_POINT ( 'NONE', #1352 ) ;
#652 = CARTESIAN_POINT ( 'NONE',  ( 0.000000000000000000, 30.72985497582929426, 8.465844307384468692 ) ) ;
#653 = LINE ( 'NONE', #175, #252 ) ;
#654 = AXIS2_PLACEMENT_3D ( 'NONE', #1302, #1059, #1166 ) ;
#655 = DIRECTION ( 'NONE',  ( 0.000000000000000000, 0.000000000000000000, 1.000000000000000000 ) ) ;
#656 = CARTESIAN_POINT ( 'NONE',  ( 15.02453343146224185, 26.74671925710496367, 38.67069510930338083 ) ) ;
#657 = LINE ( 'NONE', #1792, #17 ) ;
#658 = CARTESIAN_POINT ( 'NONE',  ( 7.131187786232567660, 31.77889376819009826, 38.16958245033761443 ) ) ;
#659 = EDGE_CURVE ( 'NONE', #1327, #854, #222, .T. ) ;
#660 = VERTEX_POINT ( 'NONE', #504 ) ;
#661 = DIRECTION ( 'NONE',  ( 0.000000000000000000, 1.000000000000000000, -0.000000000000000000 ) ) ;
#662 =( LENGTH_UNIT ( ) NAMED_UNIT ( * ) SI_UNIT ( .MILLI., .METRE. ) );
#663 = DIRECTION ( 'NONE',  ( -1.000000000000000000, 0.000000000000000000, 0.000000000000000000 ) ) ;
#664 = ADVANCED_FACE ( 'NONE', ( #1722 ), #729, .F. ) ;
#665 = FACE_OUTER_BOUND ( 'NONE', #1346, .T. ) ;
#666 = CARTESIAN_POINT ( 'NONE',  ( 7.500000000000000000, 29.75396193483235763, 8.465844307384465139 ) ) ;
#667 = EDGE_CURVE ( 'NONE', #1726, #303, #249, .T. ) ;
#668 = ORIENTED_EDGE ( 'NONE', *, *, #484, .F. ) ;
#669 =( NAMED_UNIT ( * ) PLANE_ANGLE_UNIT ( ) SI_UNIT ( $, .RADIAN. ) );
#670 = DIRECTION ( 'NONE',  ( 0.000000000000000000, -0.000000000000000000, -1.000000000000000000 ) ) ;
#671 = DIRECTION ( 'NONE',  ( -0.000000000000000000, -0.000000000000000000, 1.000000000000000000 ) ) ;
#672 = EDGE_CURVE ( 'NONE', #1211, #325, #724, .T. ) ;
#673 = FACE_OUTER_BOUND ( 'NONE', #1608, .T. ) ;
#674 = CARTESIAN_POINT ( 'NONE',  ( 7.874030902013422484, 31.77776993184397369, 38.17026602471089092 ) ) ;
#675 = CIRCLE ( 'NONE', #1682, 2.049999999999999822 ) ;
#676 = VECTOR ( 'NONE', #1406, 1000.000000000000000 ) ;
#677 = EDGE_LOOP ( 'NONE', ( #1475, #146 ) ) ;
#678 = VECTOR ( 'NONE', #329, 1000.000000000000000 ) ;
#679 = CARTESIAN_POINT ( 'NONE',  ( 0.000000000000000000, 22.52063893522806026, 40.46455686593886725 ) ) ;
#680 = FACE_BOUND ( 'NONE', #498, .T. ) ;
#681 = AXIS2_PLACEMENT_3D ( 'NONE', #258, #1697, #1689 ) ;
#682 = DIRECTION ( 'NONE',  ( -0.000000000000000000, -0.000000000000000000, -1.000000000000000000 ) ) ;
#683 = CARTESIAN_POINT ( 'NONE',  ( 21.24221549667492326, 22.52063893522806026, 49.41335290608061825 ) ) ;
#684 = EDGE_CURVE ( 'NONE', #1431, #563, #1252, .T. ) ;
#685 = VERTEX_POINT ( 'NONE', #439 ) ;
#686 = SURFACE_SIDE_STYLE ('',( #1647 ) ) ;
#687 = DIRECTION ( 'NONE',  ( -1.000000000000000000, 0.000000000000000000, 0.000000000000000000 ) ) ;
#688 = EDGE_CURVE ( 'NONE', #764, #1786, #271, .T. ) ;
#689 = DIRECTION ( 'NONE',  ( -1.000000000000000000, 0.000000000000000000, 0.000000000000000000 ) ) ;
#690 = DIRECTION ( 'NONE',  ( 0.000000000000000000, 1.000000000000000000, 0.000000000000000000 ) ) ;
#691 = EDGE_CURVE ( 'NONE', #626, #1726, #1434, .T. ) ;
#692 = ORIENTED_EDGE ( 'NONE', *, *, #700, .F. ) ;
#693 = EDGE_LOOP ( 'NONE', ( #955, #968, #1313, #411 ) ) ;
#694 = CARTESIAN_POINT ( 'NONE',  ( 15.10103439162294769, 26.03482277981883186, 39.24219487625606462 ) ) ;
#695 = CARTESIAN_POINT ( 'NONE',  ( 24.72881350787480770, 20.52063893522806381, 59.46772746417470046 ) ) ;
#696 = EDGE_LOOP ( 'NONE', ( #266, #1711, #418, #226, #977, #304, #1404, #1003 ) ) ;
#697 = VECTOR ( 'NONE', #1094, 1000.000000000000000 ) ;
#698 = ORIENTED_EDGE ( 'NONE', *, *, #385, .T. ) ;
#699 = CARTESIAN_POINT ( 'NONE',  ( 5.896499557933485569, 31.04446030919866217, 13.44564589907101748 ) ) ;
#700 = EDGE_CURVE ( 'NONE', #791, #1796, #40, .T. ) ;
#701 = FACE_OUTER_BOUND ( 'NONE', #1693, .T. ) ;
#702 = VECTOR ( 'NONE', #1839, 1000.000000000000000 ) ;
#703 = CARTESIAN_POINT ( 'NONE',  ( 0.000000000000000000, 22.52063893522806026, 48.00193729519678953 ) ) ;
#704 = EDGE_CURVE ( 'NONE', #1269, #1458, #113, .T. ) ;
#705 = ORIENTED_EDGE ( 'NONE', *, *, #1757, .T. ) ;
#706 = EDGE_LOOP ( 'NONE', ( #565, #603, #692, #668 ) ) ;
#707 = VERTEX_POINT ( 'NONE', #1258 ) ;
#708 = CARTESIAN_POINT ( 'NONE',  ( 7.686411234315507102, 31.80381313100159701, 13.15303543816418141 ) ) ;
#709 = B_SPLINE_SURFACE_WITH_KNOTS ( 'NONE', 2, 1, ( 
 ( #1601, #1748 ),
 ( #613, #722 ),
 ( #756, #624 ) ),
 .UNSPECIFIED., .F., .F., .F.,
 ( 3, 3 ),
 ( 2, 2 ),
 ( 0.03155665102085034729, 1.000000000000000000 ),
 ( 0.000000000000000000, 1.000000000000000000 ),
 .UNSPECIFIED. ) ;
#710 = EDGE_CURVE ( 'NONE', #476, #1524, #144, .T. ) ;
#711 = DIRECTION ( 'NONE',  ( -1.000000000000000000, -0.000000000000000000, 0.000000000000000000 ) ) ;
#712 = CARTESIAN_POINT ( 'NONE',  ( 4.993326968582366021, 28.21017522528272181, 38.46584430738446514 ) ) ;
#713 = VERTEX_POINT ( 'NONE', #21 ) ;
#714 = EDGE_CURVE ( 'NONE', #1050, #861, #597, .T. ) ;
#715 = ORIENTED_EDGE ( 'NONE', *, *, #1416, .F. ) ;
#716 = VERTEX_POINT ( 'NONE', #1528 ) ;
#717 = LINE ( 'NONE', #871, #676 ) ;
#718 = CARTESIAN_POINT ( 'NONE',  ( 24.72881350787480770, 25.63822373886890915, 58.84259882960335375 ) ) ;
#719 = DIRECTION ( 'NONE',  ( 1.000000000000000000, -0.000000000000000000, -0.000000000000000000 ) ) ;
#720 = ORIENTED_EDGE ( 'NONE', *, *, #107, .F. ) ;
#721 = EDGE_CURVE ( 'NONE', #1131, #1050, #128, .T. ) ;
#722 = CARTESIAN_POINT ( 'NONE',  ( 20.22471457695079167, 25.63822373886890915, 49.40124533276478047 ) ) ;
#723 = ORIENTED_EDGE ( 'NONE', *, *, #875, .T. ) ;
#724 = CIRCLE ( 'NONE', #495, 2.000000000000001776 ) ;
#725 = VECTOR ( 'NONE', #1357, 1000.000000000000000 ) ;
#726 = ORIENTED_EDGE ( 'NONE', *, *, #82, .T. ) ;
#727 = VERTEX_POINT ( 'NONE', #1567 ) ;
#728 = CARTESIAN_POINT ( 'NONE',  ( 15.00000000000000000, 32.72985497582929781, 13.46584430738447047 ) ) ;
#729 = PLANE ( 'NONE',  #802 ) ;
#730 = AXIS2_PLACEMENT_3D ( 'NONE', #1618, #1195, #655 ) ;
#731 = AXIS2_PLACEMENT_3D ( 'NONE', #1217, #1185, #622 ) ;
#732 = DIRECTION ( 'NONE',  ( 1.000000000000000000, 0.000000000000000000, -0.000000000000000000 ) ) ;
#733 = ORIENTED_EDGE ( 'NONE', *, *, #1279, .T. ) ;
#734 = VECTOR ( 'NONE', #30, 1000.000000000000000 ) ;
#735 = CARTESIAN_POINT ( 'NONE',  ( 21.24221549667492326, 22.52063893522806026, 49.41335290608061825 ) ) ;
#736 = VECTOR ( 'NONE', #90, 1000.000000000000000 ) ;
#737 = EDGE_CURVE ( 'NONE', #1422, #1582, #936, .T. ) ;
#738 = CARTESIAN_POINT ( 'NONE',  ( 0.000000000000000000, 20.72985497582929426, 13.46584430738447047 ) ) ;
#739 = VERTEX_POINT ( 'NONE', #1389 ) ;
#740 = ORIENTED_EDGE ( 'NONE', *, *, #1842, .F. ) ;
#741 = CARTESIAN_POINT ( 'NONE',  ( 0.000000000000000000, 25.63822373886890915, 48.00193729519678953 ) ) ;
#742 = CARTESIAN_POINT ( 'NONE',  ( 6.150106866324286159, 31.30767515950218893, 8.546324416392758749 ) ) ;
#743 = DIRECTION ( 'NONE',  ( -1.000000000000000000, 0.000000000000000000, 0.000000000000000000 ) ) ;
#744 = ORIENTED_EDGE ( 'NONE', *, *, #1437, .T. ) ;
#745 = EDGE_CURVE ( 'NONE', #621, #727, #1424, .T. ) ;
#746 = CARTESIAN_POINT ( 'NONE',  ( 19.42066864909708457, 22.52063893522806026, 48.46584430176014990 ) ) ;
#747 = AXIS2_PLACEMENT_3D ( 'NONE', #695, #281, #272 ) ;
#748 = FACE_OUTER_BOUND ( 'NONE', #424, .T. ) ;
#749 = ORIENTED_EDGE ( 'NONE', *, *, #320, .T. ) ;
#750 = VERTEX_POINT ( 'NONE', #576 ) ;
#751 = DIRECTION ( 'NONE',  ( 1.000000000000000000, 0.000000000000000000, -0.000000000000000000 ) ) ;
#752 = FACE_OUTER_BOUND ( 'NONE', #843, .T. ) ;
#753 = CARTESIAN_POINT ( 'NONE',  ( 10.54808640473608072, -9.175871066950149313, 58.46584430738446514 ) ) ;
#754 = ORIENTED_EDGE ( 'NONE', *, *, #122, .F. ) ;
#755 = CARTESIAN_POINT ( 'NONE',  ( 15.00000000000000000, 27.63822373886890560, 38.46584430738446514 ) ) ;
#756 = CARTESIAN_POINT ( 'NONE',  ( 19.42066865518214769, 22.52063893522806026, 48.46584430738446514 ) ) ;
#757 = DIRECTION ( 'NONE',  ( 0.000000000000000000, -1.000000000000000000, 0.000000000000000000 ) ) ;
#758 = ORIENTED_EDGE ( 'NONE', *, *, #1318, .T. ) ;
#759 = ORIENTED_EDGE ( 'NONE', *, *, #1541, .T. ) ;
#760 = CARTESIAN_POINT ( 'NONE',  ( 0.000000000000000000, 27.63822373886890560, 40.46584430738446514 ) ) ;
#761 = DIRECTION ( 'NONE',  ( -1.000000000000000000, 0.000000000000000000, 0.000000000000000000 ) ) ;
#762 = AXIS2_PLACEMENT_3D ( 'NONE', #926, #934, #1500 ) ;
#763 = LINE ( 'NONE', #1734, #100 ) ;
#764 = VERTEX_POINT ( 'NONE', #1151 ) ;
#765 = CARTESIAN_POINT ( 'NONE',  ( 15.00756091565412120, 27.11752506701327192, 38.53037173943781113 ) ) ;
#766 = EDGE_CURVE ( 'NONE', #1796, #1705, #1031, .T. ) ;
#767 = VECTOR ( 'NONE', #1012, 1000.000000000000000 ) ;
#768 = CARTESIAN_POINT ( 'NONE',  ( 4.728813507874803257, 23.63822373886890915, 66.46584430738447224 ) ) ;
#769 = AXIS2_PLACEMENT_3D ( 'NONE', #806, #235, #1507 ) ;
#770 = ORIENTED_EDGE ( 'NONE', *, *, #246, .F. ) ;
#771 = VECTOR ( 'NONE', #1809, 1000.000000000000000 ) ;
#772 = EDGE_CURVE ( 'NONE', #660, #1487, #345, .T. ) ;
#773 = ORIENTED_EDGE ( 'NONE', *, *, #1534, .T. ) ;
#774 = ORIENTED_EDGE ( 'NONE', *, *, #1045, .T. ) ;
#775 = DIRECTION ( 'NONE',  ( -0.000000000000000000, -0.000000000000000000, 1.000000000000000000 ) ) ;
#776 = DIRECTION ( 'NONE',  ( 0.000000000000000000, 1.000000000000000000, 0.000000000000000000 ) ) ;
#777 = DIRECTION ( 'NONE',  ( -0.000000000000000000, -0.000000000000000000, -1.000000000000000000 ) ) ;
#778 = PLANE ( 'NONE',  #1773 ) ;
#779 = ADVANCED_FACE ( 'NONE', ( #199 ), #1192, .F. ) ;
#780 = DIRECTION ( 'NONE',  ( -0.000000000000000000, -1.000000000000000000, 0.000000000000000000 ) ) ;
#781 = ORIENTED_EDGE ( 'NONE', *, *, #446, .F. ) ;
#782 = UNCERTAINTY_MEASURE_WITH_UNIT (LENGTH_MEASURE( 1.000000000000000082E-05 ), #662, 'distance_accuracy_value', 'NONE');
#783 = ORIENTED_EDGE ( 'NONE', *, *, #269, .F. ) ;
#784 = ORIENTED_EDGE ( 'NONE', *, *, #1630, .T. ) ;
#785 = LINE ( 'NONE', #1347, #378 ) ;
#786 = DIRECTION ( 'NONE',  ( -1.000000000000000000, 0.000000000000000000, 0.000000000000000000 ) ) ;
#787 = CYLINDRICAL_SURFACE ( 'NONE', #608, 0.03765333437925899585 ) ;
#788 = FACE_OUTER_BOUND ( 'NONE', #1288, .T. ) ;
#789 = CYLINDRICAL_SURFACE ( 'NONE', #627, 2.000000000000001776 ) ;
#790 = CARTESIAN_POINT ( 'NONE',  ( 15.31250234750484651, 22.52063893522806026, 40.46455686598166324 ) ) ;
#791 = VERTEX_POINT ( 'NONE', #352 ) ;
#792 = EDGE_LOOP ( 'NONE', ( #18, #65, #217, #342 ) ) ;
#793 = PLANE ( 'NONE',  #647 ) ;
#794 = CARTESIAN_POINT ( 'NONE',  ( 19.42066865518215124, 20.55011424732236947, 48.46584430738447224 ) ) ;
#795 = DIRECTION ( 'NONE',  ( -0.000000000000000000, 1.000000000000000000, -0.000000000000000000 ) ) ;
#796 = DIRECTION ( 'NONE',  ( 1.000000000000000000, 0.000000000000000000, 0.000000000000000000 ) ) ;
#797 = VECTOR ( 'NONE', #873, 1000.000000000000000 ) ;
#798 = EDGE_CURVE ( 'NONE', #1662, #716, #1388, .T. ) ;
#799 = PLANE ( 'NONE',  #649 ) ;
#800 = CIRCLE ( 'NONE', #1293, 2.445277397229952854 ) ;
#801 = DIRECTION ( 'NONE',  ( 0.000000000000000000, -1.000000000000000000, 0.000000000000000000 ) ) ;
#802 = AXIS2_PLACEMENT_3D ( 'NONE', #106, #864, #167 ) ;
#803 = EDGE_CURVE ( 'NONE', #74, #764, #1359, .T. ) ;
#804 = EDGE_LOOP ( 'NONE', ( #1420, #164, #1345, #617 ) ) ;
#805 = ORIENTED_EDGE ( 'NONE', *, *, #1660, .T. ) ;
#806 = CARTESIAN_POINT ( 'NONE',  ( 7.500000000000000000, 29.75396193483235763, 13.46584430738447047 ) ) ;
#807 = DIRECTION ( 'NONE',  ( 0.000000000000000000, 0.000000000000000000, 1.000000000000000000 ) ) ;
#808 = VECTOR ( 'NONE', #182, 1000.000000000000000 ) ;
#809 = PRESENTATION_STYLE_ASSIGNMENT (( #946 ) ) ;
#810 = CARTESIAN_POINT ( 'NONE',  ( 15.06241932436944353, 26.31082098387340906, 38.96416023026431219 ) ) ;
#811 = CARTESIAN_POINT ( 'NONE',  ( 22.56808640473608207, 13.84412893304985026, 61.46772746417470756 ) ) ;
#812 = ADVANCED_FACE ( 'NONE', ( #361, #1754 ), #1203, .F. ) ;
#813 = CYLINDRICAL_SURFACE ( 'NONE', #501, 1.000000000000000888 ) ;
#814 = EDGE_LOOP ( 'NONE', ( #259, #870, #1699, #284, #1169, #1072 ) ) ;
#815 = DIRECTION ( 'NONE',  ( 0.000000000000000000, 1.000000000000000000, 0.000000000000000000 ) ) ;
#816 = CARTESIAN_POINT ( 'NONE',  ( 3.994590393176610466, 25.63822373886890915, 51.97231697602742884 ) ) ;
#817 = VECTOR ( 'NONE', #818, 1000.000000000000000 ) ;
#818 = DIRECTION ( 'NONE',  ( 0.000000000000000000, 0.000000000000000000, -1.000000000000000000 ) ) ;
#819 = LINE ( 'NONE', #1515, #771 ) ;
#820 = ORIENTED_EDGE ( 'NONE', *, *, #1588, .F. ) ;
#821 = CYLINDRICAL_SURFACE ( 'NONE', #346, 1.000000000000000888 ) ;
#822 = DIRECTION ( 'NONE',  ( -1.000000000000000000, 0.000000000000000000, 0.000000000000000000 ) ) ;
#823 = EDGE_CURVE ( 'NONE', #563, #1444, #1053, .T. ) ;
#824 = DIRECTION ( 'NONE',  ( 0.000000000000000000, 1.000000000000000000, 0.000000000000000000 ) ) ;
#825 = DIRECTION ( 'NONE',  ( -1.000000000000000000, 0.000000000000000000, 0.000000000000000000 ) ) ;
#826 = AXIS2_PLACEMENT_3D ( 'NONE', #1477, #1075, #619 ) ;
#827 =( GEOMETRIC_REPRESENTATION_CONTEXT ( 3 ) GLOBAL_UNCERTAINTY_ASSIGNED_CONTEXT ( ( #782 ) ) GLOBAL_UNIT_ASSIGNED_CONTEXT ( ( #662, #1331, #363 ) ) REPRESENTATION_CONTEXT ( 'NONE', 'WORKASPACE' ) );
#828 = ORIENTED_EDGE ( 'NONE', *, *, #354, .T. ) ;
#829 = DIRECTION ( 'NONE',  ( 1.301042606982605321E-16, -1.000000000000000000, 0.000000000000000000 ) ) ;
#830 = ADVANCED_FACE ( 'NONE', ( #915 ), #1677, .T. ) ;
#831 = DIRECTION ( 'NONE',  ( -0.000000000000000000, -0.000000000000000000, -1.000000000000000000 ) ) ;
#832 = CARTESIAN_POINT ( 'NONE',  ( 3.994590393176610466, 22.52063893522805671, 51.97231697602742884 ) ) ;
#833 = VECTOR ( 'NONE', #162, 1000.000000000000000 ) ;
#834 = CARTESIAN_POINT ( 'NONE',  ( 8.705153851244935126, 31.42227010422184819, 8.586797043387512929 ) ) ;
#835 = EDGE_CURVE ( 'NONE', #358, #1248, #606, .T. ) ;
#836 = DIRECTION ( 'NONE',  ( 0.000000000000000000, -1.000000000000000000, 0.000000000000000000 ) ) ;
#837 = ORIENTED_EDGE ( 'NONE', *, *, #446, .T. ) ;
#838 = CARTESIAN_POINT ( 'NONE',  ( 19.42066864909053336, 25.63822373886890915, 48.46584430175393265 ) ) ;
#839 = FACE_OUTER_BOUND ( 'NONE', #1730, .T. ) ;
#840 = CIRCLE ( 'NONE', #1310, 2.000000000000000000 ) ;
#841 = DIRECTION ( 'NONE',  ( 1.000000000000000000, 0.000000000000000000, -0.000000000000000000 ) ) ;
#842 = ORIENTED_EDGE ( 'NONE', *, *, #119, .F. ) ;
#843 = EDGE_LOOP ( 'NONE', ( #886, #1173, #584, #907 ) ) ;
#844 = CARTESIAN_POINT ( 'NONE',  ( 15.00000000000000000, 20.54525258706350144, 38.46470832963834852 ) ) ;
#845 = DIRECTION ( 'NONE',  ( -1.000000000000000000, 1.692413147294446167E-15, 0.000000000000000000 ) ) ;
#846 = EDGE_CURVE ( 'NONE', #7, #535, #1737, .T. ) ;
#847 = CARTESIAN_POINT ( 'NONE',  ( 24.72881350787480770, 23.63822373886890915, 68.46584430738447224 ) ) ;
#848 = VECTOR ( 'NONE', #413, 1000.000000000000000 ) ;
#849 = VERTEX_POINT ( 'NONE', #340 ) ;
#850 = CIRCLE ( 'NONE', #1510, 0.03765333437925899585 ) ;
#851 = ADVANCED_FACE ( 'NONE', ( #1467 ), #894, .T. ) ;
#852 = ORIENTED_EDGE ( 'NONE', *, *, #798, .T. ) ;
#853 = AXIS2_PLACEMENT_3D ( 'NONE', #944, #514, #110 ) ;
#854 = VERTEX_POINT ( 'NONE', #76 ) ;
#855 = CARTESIAN_POINT ( 'NONE',  ( 8.849893133675713841, 31.30767515950218893, 13.38536419837617863 ) ) ;
#856 = CARTESIAN_POINT ( 'NONE',  ( 15.21788612564420795, 22.46106724798605825, 39.96391946014499297 ) ) ;
#857 = CIRCLE ( 'NONE', #1271, 2.049999999999999822 ) ;
#858 = DIRECTION ( 'NONE',  ( 0.000000000000000000, 0.000000000000000000, 1.000000000000000000 ) ) ;
#859 = EDGE_CURVE ( 'NONE', #140, #1593, #56, .T. ) ;
#860 = ORIENTED_EDGE ( 'NONE', *, *, #1795, .F. ) ;
#861 = VERTEX_POINT ( 'NONE', #641 ) ;
#862 = ORIENTED_EDGE ( 'NONE', *, *, #601, .F. ) ;
#863 = DIRECTION ( 'NONE',  ( -0.000000000000000000, 1.000000000000000000, -0.000000000000000000 ) ) ;
#864 = DIRECTION ( 'NONE',  ( 0.000000000000000000, -1.000000000000000000, 0.000000000000000000 ) ) ;
#865 = CARTESIAN_POINT ( 'NONE',  ( 15.06589168287223401, 21.87757518275498825, 38.98974107396178823 ) ) ;
#866 = ORIENTED_EDGE ( 'NONE', *, *, #1676, .T. ) ;
#867 = LINE ( 'NONE', #981, #392 ) ;
#868 = ORIENTED_EDGE ( 'NONE', *, *, #82, .F. ) ;
#869 = ORIENTED_EDGE ( 'NONE', *, *, #87, .T. ) ;
#870 = ORIENTED_EDGE ( 'NONE', *, *, #95, .F. ) ;
#871 = CARTESIAN_POINT ( 'NONE',  ( 15.00000000000000000, 20.54525258706350144, 38.46470832963834852 ) ) ;
#872 = CARTESIAN_POINT ( 'NONE',  ( 6.293812516986024619, 31.42145145595266698, 8.586507755182333668 ) ) ;
#873 = DIRECTION ( 'NONE',  ( -0.000000000000000000, -0.000000000000000000, -1.000000000000000000 ) ) ;
#874 = ORIENTED_EDGE ( 'NONE', *, *, #1550, .T. ) ;
#875 = EDGE_CURVE ( 'NONE', #1354, #1432, #653, .T. ) ;
#876 = LINE ( 'NONE', #1621, #204 ) ;
#877 = ORIENTED_EDGE ( 'NONE', *, *, #1785, .T. ) ;
#878 = AXIS2_PLACEMENT_3D ( 'NONE', #1766, #211, #489 ) ;
#879 = ORIENTED_EDGE ( 'NONE', *, *, #1100, .F. ) ;
#880 = ORIENTED_EDGE ( 'NONE', *, *, #1485, .T. ) ;
#881 = CARTESIAN_POINT ( 'NONE',  ( 19.42066865518214769, 25.63822373886890915, 49.41335290608061825 ) ) ;
#882 = CARTESIAN_POINT ( 'NONE',  ( 15.00000000000000000, 32.72985497582929781, 35.46584430738446514 ) ) ;
#883 = VECTOR ( 'NONE', #538, 1000.000000000000000 ) ;
#884 = ADVANCED_FACE ( 'NONE', ( #752 ), #500, .F. ) ;
#885 = DIRECTION ( 'NONE',  ( 0.000000000000000000, 0.000000000000000000, 1.000000000000000000 ) ) ;
#886 = ORIENTED_EDGE ( 'NONE', *, *, #13, .T. ) ;
#887 = VECTOR ( 'NONE', #929, 1000.000000000000000 ) ;
#888 = FACE_OUTER_BOUND ( 'NONE', #1102, .T. ) ;
#889 = ADVANCED_FACE ( 'NONE', ( #330 ), #905, .F. ) ;
#890 = ORIENTED_EDGE ( 'NONE', *, *, #119, .T. ) ;
#891 = ORIENTED_EDGE ( 'NONE', *, *, #262, .F. ) ;
#892 = VERTEX_POINT ( 'NONE', #1233 ) ;
#893 = CARTESIAN_POINT ( 'NONE',  ( 5.786630682601861864, 30.89508744356418646, 33.46584430738445803 ) ) ;
#894 = CYLINDRICAL_SURFACE ( 'NONE', #1624, 1.000000000000000888 ) ;
#895 = FACE_BOUND ( 'NONE', #1545, .T. ) ;
#896 = ORIENTED_EDGE ( 'NONE', *, *, #532, .T. ) ;
#897 = DIRECTION ( 'NONE',  ( -1.000000000000000000, 1.507144635948572871E-16, 0.000000000000000000 ) ) ;
#898 = CARTESIAN_POINT ( 'NONE',  ( 22.56808640473608207, 13.84412893304985026, 68.46584430738447224 ) ) ;
#899 = ADVANCED_BREP_SHAPE_REPRESENTATION ( 'hinge', ( #1342, #256 ), #1069 ) ;
#900 = VERTEX_POINT ( 'NONE', #1645 ) ;
#901 = ADVANCED_FACE ( 'NONE', ( #228 ), #945, .F. ) ;
#902 = ORIENTED_EDGE ( 'NONE', *, *, #357, .F. ) ;
#903 = ORIENTED_EDGE ( 'NONE', *, *, #532, .F. ) ;
#904 = CARTESIAN_POINT ( 'NONE',  ( 9.302812461831166502, 30.72985497582929426, 8.465844307384465139 ) ) ;
#905 = PLANE ( 'NONE',  #1557 ) ;
#906 = CARTESIAN_POINT ( 'NONE',  ( 4.728813507874808586, -12.38835884091895423, 63.46772746417470046 ) ) ;
#907 = ORIENTED_EDGE ( 'NONE', *, *, #181, .F. ) ;
#908 = CARTESIAN_POINT ( 'NONE',  ( 24.72881350787480770, 25.63822373886890915, 58.46584430738446514 ) ) ;
#909 = CARTESIAN_POINT ( 'NONE',  ( 4.993326968582366021, 28.21017522528272181, 8.465844307384465139 ) ) ;
#910 = EDGE_CURVE ( 'NONE', #651, #750, #1085, .T. ) ;
#911 = CARTESIAN_POINT ( 'NONE',  ( 22.56808640473608207, -9.175871066950149313, 58.46584430738446514 ) ) ;
#912 = VERTEX_POINT ( 'NONE', #1508 ) ;
#913 = VERTEX_POINT ( 'NONE', #86 ) ;
#914 = CARTESIAN_POINT ( 'NONE',  ( 6.605384846995354664, 31.60735700206441479, 33.66578826333602592 ) ) ;
#915 = FACE_OUTER_BOUND ( 'NONE', #75, .T. ) ;
#916 = ADVANCED_FACE ( 'NONE', ( #1134 ), #1586, .F. ) ;
#917 = CIRCLE ( 'NONE', #730, 2.000000000000001776 ) ;
#918 = CARTESIAN_POINT ( 'NONE',  ( 0.000000000000000000, 20.72985497582929426, 23.46584430738446869 ) ) ;
#919 = FACE_OUTER_BOUND ( 'NONE', #932, .T. ) ;
#920 = FACE_OUTER_BOUND ( 'NONE', #471, .T. ) ;
#921 = VECTOR ( 'NONE', #1732, 1000.000000000000000 ) ;
#922 = DIRECTION ( 'NONE',  ( -1.000000000000000000, 0.000000000000000000, 0.000000000000000000 ) ) ;
#923 = ORIENTED_EDGE ( 'NONE', *, *, #1485, .F. ) ;
#924 = ORIENTED_EDGE ( 'NONE', *, *, #601, .T. ) ;
#925 = CARTESIAN_POINT ( 'NONE',  ( 4.993326968582366021, 28.21017522528272181, 33.46584430738446514 ) ) ;
#926 = CARTESIAN_POINT ( 'NONE',  ( 15.00000000000000000, 20.72985497582929426, 8.465844307384468692 ) ) ;
#927 = CARTESIAN_POINT ( 'NONE',  ( 15.00000000000000000, 20.52063893522806381, 59.46772746417470046 ) ) ;
#928 = FACE_OUTER_BOUND ( 'NONE', #142, .T. ) ;
#929 = DIRECTION ( 'NONE',  ( -1.000000000000000000, 0.000000000000000000, 0.000000000000000000 ) ) ;
#930 = DIRECTION ( 'NONE',  ( 0.000000000000000000, 0.000000000000000000, -1.000000000000000000 ) ) ;
#931 = ORIENTED_EDGE ( 'NONE', *, *, #1791, .F. ) ;
#932 = EDGE_LOOP ( 'NONE', ( #441, #1448, #327, #1626 ) ) ;
#933 = CARTESIAN_POINT ( 'NONE',  ( 7.683123894020268629, 31.80410942078410486, 33.77884181232479932 ) ) ;
#934 = DIRECTION ( 'NONE',  ( 0.000000000000000000, 0.000000000000000000, 1.000000000000000000 ) ) ;
#935 = CIRCLE ( 'NONE', #964, 2.000000000000001776 ) ;
#936 = CIRCLE ( 'NONE', #115, 1.000000000000000888 ) ;
#937 = DIRECTION ( 'NONE',  ( -0.000000000000000000, -1.000000000000000000, -0.000000000000000000 ) ) ;
#938 = DIRECTION ( 'NONE',  ( 1.000000000000000000, -0.000000000000000000, -0.000000000000000000 ) ) ;
#939 = LINE ( 'NONE', #1666, #1769 ) ;
#940 = ADVANCED_FACE ( 'NONE', ( #1696 ), #11, .T. ) ;
#941 = DIRECTION ( 'NONE',  ( 0.000000000000000000, 0.000000000000000000, 1.000000000000000000 ) ) ;
#942 = VERTEX_POINT ( 'NONE', #987 ) ;
#943 = ORIENTED_EDGE ( 'NONE', *, *, #543, .T. ) ;
#944 = CARTESIAN_POINT ( 'NONE',  ( 24.72881350787480770, 25.63822373886890915, 55.54564017898858452 ) ) ;
#945 = PLANE ( 'NONE',  #125 ) ;
#946 = SURFACE_STYLE_USAGE ( .BOTH. , #686 ) ;
#947 = EDGE_CURVE ( 'NONE', #1474, #24, #1015, .T. ) ;
#948 = DIRECTION ( 'NONE',  ( 1.000000000000000000, 1.301042606982605321E-16, -0.000000000000000000 ) ) ;
#949 = AXIS2_PLACEMENT_3D ( 'NONE', #318, #46, #1777 ) ;
#950 = CARTESIAN_POINT ( 'NONE',  ( 24.72881350787480770, 25.63822373886890915, 58.46584430738446514 ) ) ;
#951 = CIRCLE ( 'NONE', #102, 0.03765333437925899585 ) ;
#952 = VECTOR ( 'NONE', #973, 1000.000000000000000 ) ;
#953 = CYLINDRICAL_SURFACE ( 'NONE', #80, 2.000000000000000000 ) ;
#954 = VECTOR ( 'NONE', #1794, 1000.000000000000000 ) ;
#955 = ORIENTED_EDGE ( 'NONE', *, *, #1451, .T. ) ;
#956 = CARTESIAN_POINT ( 'NONE',  ( 22.56808640473608207, 13.84412893304985026, 68.46584430738447224 ) ) ;
#957 = CARTESIAN_POINT ( 'NONE',  ( 15.00000000000000000, 30.72985497582929426, 33.46584430738446514 ) ) ;
#958 = LINE ( 'NONE', #1521, #1358 ) ;
#959 = CARTESIAN_POINT ( 'NONE',  ( 7.686411234315506213, 31.80381313100159346, 38.15303543816415299 ) ) ;
#960 = ORIENTED_EDGE ( 'NONE', *, *, #721, .T. ) ;
#961 = EDGE_CURVE ( 'NONE', #1474, #912, #1838, .T. ) ;
#962 = DIRECTION ( 'NONE',  ( -0.000000000000000000, -0.000000000000000000, -1.000000000000000000 ) ) ;
#963 = CARTESIAN_POINT ( 'NONE',  ( 15.00000000000000000, 32.72985497582929781, 36.46584430738446514 ) ) ;
#964 = AXIS2_PLACEMENT_3D ( 'NONE', #768, #1301, #180 ) ;
#965 = DIRECTION ( 'NONE',  ( -1.000000000000000000, 0.000000000000000000, 0.000000000000000000 ) ) ;
#966 = CARTESIAN_POINT ( 'NONE',  ( 8.849893133675713841, 31.30767515950218893, 38.38536419837617331 ) ) ;
#967 = EDGE_CURVE ( 'NONE', #550, #552, #1435, .T. ) ;
#968 = ORIENTED_EDGE ( 'NONE', *, *, #659, .T. ) ;
#969 = CARTESIAN_POINT ( 'NONE',  ( 7.500000000000000000, 29.75396193483235763, 33.46584430738446514 ) ) ;
#970 = CARTESIAN_POINT ( 'NONE',  ( 5.068633637340884235, 28.21017522528272181, 13.46584430738447047 ) ) ;
#971 = DIRECTION ( 'NONE',  ( 0.000000000000000000, 0.000000000000000000, 1.000000000000000000 ) ) ;
#972 = EDGE_CURVE ( 'NONE', #854, #434, #457, .T. ) ;
#973 = DIRECTION ( 'NONE',  ( -0.000000000000000000, -1.000000000000000000, -0.000000000000000000 ) ) ;
#974 = VECTOR ( 'NONE', #168, 1000.000000000000000 ) ;
#975 = FACE_OUTER_BOUND ( 'NONE', #1850, .T. ) ;
#976 = CIRCLE ( 'NONE', #126, 2.049999999999999822 ) ;
#977 = ORIENTED_EDGE ( 'NONE', *, *, #181, .T. ) ;
#978 = CARTESIAN_POINT ( 'NONE',  ( 0.000000000000000000, 20.72985497582929426, 23.46584430738446869 ) ) ;
#979 = CARTESIAN_POINT ( 'NONE',  ( 65.98565915822207728, 25.63822373886891626, 68.46584430738447224 ) ) ;
#980 = AXIS2_PLACEMENT_3D ( 'NONE', #365, #1374, #384 ) ;
#981 = CARTESIAN_POINT ( 'NONE',  ( 19.42066865518214769, 36.69994499698508861, 48.46584430738446514 ) ) ;
#982 = EDGE_LOOP ( 'NONE', ( #1678, #98, #610, #1635 ) ) ;
#983 = ORIENTED_EDGE ( 'NONE', *, *, #1350, .T. ) ;
#984 = DIRECTION ( 'NONE',  ( 1.000000000000000000, -0.000000000000000000, -0.000000000000000000 ) ) ;
#985 = EDGE_CURVE ( 'NONE', #1841, #764, #288, .T. ) ;
#986 = AXIS2_PLACEMENT_3D ( 'NONE', #1008, #398, #546 ) ;
#987 = CARTESIAN_POINT ( 'NONE',  ( 24.01906589823501648, 25.63822373886890915, 57.88564870034364418 ) ) ;
#988 = CIRCLE ( 'NONE', #1495, 2.000000000000001776 ) ;
#989 = FACE_OUTER_BOUND ( 'NONE', #44, .T. ) ;
#990 = EDGE_CURVE ( 'NONE', #315, #409, #1152, .T. ) ;
#991 = ORIENTED_EDGE ( 'NONE', *, *, #1291, .T. ) ;
#992 = ORIENTED_EDGE ( 'NONE', *, *, #688, .T. ) ;
#993 = VERTEX_POINT ( 'NONE', #1555 ) ;
#994 = LINE ( 'NONE', #881, #1222 ) ;
#995 = EDGE_CURVE ( 'NONE', #1582, #1210, #1704, .T. ) ;
#996 = CARTESIAN_POINT ( 'NONE',  ( 4.728813507874803257, 25.63822373886890915, 68.46584430738447224 ) ) ;
#997 = DIRECTION ( 'NONE',  ( 0.000000000000000000, 0.000000000000000000, 1.000000000000000000 ) ) ;
#998 = VECTOR ( 'NONE', #440, 1000.000000000000000 ) ;
#999 = ORIENTED_EDGE ( 'NONE', *, *, #1671, .T. ) ;
#1000 = CIRCLE ( 'NONE', #731, 2.049999999999999822 ) ;
#1001 = ORIENTED_EDGE ( 'NONE', *, *, #1550, .F. ) ;
#1002 = VECTOR ( 'NONE', #351, 1000.000000000000000 ) ;
#1003 = ORIENTED_EDGE ( 'NONE', *, *, #1312, .T. ) ;
#1004 = CARTESIAN_POINT ( 'NONE',  ( 15.00000000000000000, 32.72985497582929781, 11.46584430738447047 ) ) ;
#1005 = DIRECTION ( 'NONE',  ( 0.000000000000000000, 0.000000000000000000, -1.000000000000000000 ) ) ;
#1006 = CARTESIAN_POINT ( 'NONE',  ( 4.728813507874808586, -14.38835884091895956, 58.46584430738446514 ) ) ;
#1007 = ORIENTED_EDGE ( 'NONE', *, *, #1387, .F. ) ;
#1008 = CARTESIAN_POINT ( 'NONE',  ( 7.500000000000000000, 29.75396193483235763, 13.46584430738447047 ) ) ;
#1009 = ORIENTED_EDGE ( 'NONE', *, *, #95, .T. ) ;
#1010 = ORIENTED_EDGE ( 'NONE', *, *, #1383, .F. ) ;
#1011 = VERTEX_POINT ( 'NONE', #559 ) ;
#1012 = DIRECTION ( 'NONE',  ( 1.000000000000000000, -0.000000000000000000, -0.000000000000000000 ) ) ;
#1013 = CARTESIAN_POINT ( 'NONE',  ( 9.302812461831166502, 30.72985497582929426, 8.465844307384465139 ) ) ;
#1014 = EDGE_CURVE ( 'NONE', #739, #315, #1473, .T. ) ;
#1015 = LINE ( 'NONE', #1426, #225 ) ;
#1016 = EDGE_LOOP ( 'NONE', ( #931, #1421, #1454, #189, #1060, #459 ) ) ;
#1017 = DIRECTION ( 'NONE',  ( 0.000000000000000000, 0.000000000000000000, -1.000000000000000000 ) ) ;
#1018 = EDGE_CURVE ( 'NONE', #900, #685, #675, .T. ) ;
#1019 = LINE ( 'NONE', #1188, #833 ) ;
#1020 = ORIENTED_EDGE ( 'NONE', *, *, #1558, .T. ) ;
#1021 = ORIENTED_EDGE ( 'NONE', *, *, #1158, .T. ) ;
#1022 = CYLINDRICAL_SURFACE ( 'NONE', #105, 9.999999999999998224 ) ;
#1023 = DIRECTION ( 'NONE',  ( 0.000000000000000000, 0.000000000000000000, 1.000000000000000000 ) ) ;
#1024 = CARTESIAN_POINT ( 'NONE',  ( 15.02733401882445818, 21.45812828190147314, 38.69325654029819361 ) ) ;
#1025 = LINE ( 'NONE', #1589, #176 ) ;
#1026 = FACE_OUTER_BOUND ( 'NONE', #1587, .T. ) ;
#1027 = CIRCLE ( 'NONE', #1067, 2.000000000000000000 ) ;
#1028 = ORIENTED_EDGE ( 'NONE', *, *, #823, .F. ) ;
#1029 = ORIENTED_EDGE ( 'NONE', *, *, #561, .T. ) ;
#1030 = CARTESIAN_POINT ( 'NONE',  ( 15.00000000000000000, 30.72985497582929426, 33.46584430738446514 ) ) ;
#1031 = LINE ( 'NONE', #1788, #192 ) ;
#1032 = VECTOR ( 'NONE', #388, 1000.000000000000000 ) ;
#1033 = CARTESIAN_POINT ( 'NONE',  ( 0.000000000000000000, 20.72985497582929426, 13.46584430738447047 ) ) ;
#1034 = ORIENTED_EDGE ( 'NONE', *, *, #354, .F. ) ;
#1035 = DIRECTION ( 'NONE',  ( 0.000000000000000000, 0.000000000000000000, 1.000000000000000000 ) ) ;
#1036 = CARTESIAN_POINT ( 'NONE',  ( 0.000000000000000000, 30.72985497582929426, 10.46584430738446869 ) ) ;
#1037 = EDGE_CURVE ( 'NONE', #1827, #563, #1299, .T. ) ;
#1038 = LINE ( 'NONE', #1602, #1782 ) ;
#1039 = ORIENTED_EDGE ( 'NONE', *, *, #147, .T. ) ;
#1040 = ORIENTED_EDGE ( 'NONE', *, *, #859, .F. ) ;
#1041 = LINE ( 'NONE', #1030, #734 ) ;
#1042 = CARTESIAN_POINT ( 'NONE',  ( 7.500000000000000000, 29.75396193483235763, 51.46584430738446514 ) ) ;
#1043 = DIRECTION ( 'NONE',  ( 0.000000000000000000, 0.000000000000000000, -1.000000000000000000 ) ) ;
#1044 = EDGE_LOOP ( 'NONE', ( #759, #1149, #423, #178 ) ) ;
#1045 = EDGE_CURVE ( 'NONE', #172, #1011, #408, .T. ) ;
#1046 = CARTESIAN_POINT ( 'NONE',  ( 10.54808640473608072, -9.175871066950149313, 61.46772746417470756 ) ) ;
#1047 = CYLINDRICAL_SURFACE ( 'NONE', #623, 2.000000000000001776 ) ;
#1048 = EDGE_CURVE ( 'NONE', #1432, #1756, #1533, .T. ) ;
#1049 = FACE_OUTER_BOUND ( 'NONE', #804, .T. ) ;
#1050 = VERTEX_POINT ( 'NONE', #127 ) ;
#1051 = ORIENTED_EDGE ( 'NONE', *, *, #469, .T. ) ;
#1052 = CARTESIAN_POINT ( 'NONE',  ( 65.98565915822207728, -14.38835884091895068, 66.46584430738447224 ) ) ;
#1053 = LINE ( 'NONE', #1765, #1509 ) ;
#1054 = CARTESIAN_POINT ( 'NONE',  ( 24.72881350787480770, 25.63822373886891626, 68.46584430738447224 ) ) ;
#1055 = ORIENTED_EDGE ( 'NONE', *, *, #1833, .T. ) ;
#1056 = DIRECTION ( 'NONE',  ( 0.000000000000000000, 0.000000000000000000, 1.000000000000000000 ) ) ;
#1057 = ADVANCED_FACE ( 'NONE', ( #701 ), #1076, .T. ) ;
#1058 = DIRECTION ( 'NONE',  ( 0.000000000000000000, 0.000000000000000000, -1.000000000000000000 ) ) ;
#1059 = DIRECTION ( 'NONE',  ( 0.000000000000000000, 0.000000000000000000, -1.000000000000000000 ) ) ;
#1060 = ORIENTED_EDGE ( 'NONE', *, *, #264, .F. ) ;
#1061 = VERTEX_POINT ( 'NONE', #1065 ) ;
#1062 = DIRECTION ( 'NONE',  ( 1.000000000000000000, 0.000000000000000000, 0.000000000000000000 ) ) ;
#1063 = CARTESIAN_POINT ( 'NONE',  ( 7.500000000000000000, 29.75396193483235763, 13.46584430738447047 ) ) ;
#1064 = VECTOR ( 'NONE', #1783, 1000.000000000000000 ) ;
#1065 = CARTESIAN_POINT ( 'NONE',  ( 15.31275972823059561, 25.63822373886890205, 40.46584430742745297 ) ) ;
#1066 = LINE ( 'NONE', #755, #1830 ) ;
#1067 = AXIS2_PLACEMENT_3D ( 'NONE', #906, #1468, #815 ) ;
#1068 = DIRECTION ( 'NONE',  ( -0.000000000000000000, -0.000000000000000000, -1.000000000000000000 ) ) ;
#1069 =( GEOMETRIC_REPRESENTATION_CONTEXT ( 3 ) GLOBAL_UNCERTAINTY_ASSIGNED_CONTEXT ( ( #64 ) ) GLOBAL_UNIT_ASSIGNED_CONTEXT ( ( #1377, #669, #1093 ) ) REPRESENTATION_CONTEXT ( 'NONE', 'WORKASPACE' ) );
#1070 = DIRECTION ( 'NONE',  ( -1.000000000000000000, -1.301042606982605567E-16, 0.000000000000000000 ) ) ;
#1071 = AXIS2_PLACEMENT_3D ( 'NONE', #1224, #1081, #941 ) ;
#1072 = ORIENTED_EDGE ( 'NONE', *, *, #543, .F. ) ;
#1073 = ORIENTED_EDGE ( 'NONE', *, *, #990, .F. ) ;
#1074 = CARTESIAN_POINT ( 'NONE',  ( 15.00000000000000000, 20.72985497582929426, 13.46584430738447047 ) ) ;
#1075 = DIRECTION ( 'NONE',  ( -0.000000000000000000, -0.000000000000000000, -1.000000000000000000 ) ) ;
#1076 = PLANE ( 'NONE',  #1803 ) ;
#1077 = CARTESIAN_POINT ( 'NONE',  ( 15.00000000000000000, 20.72985497582929426, 13.46584430738447047 ) ) ;
#1078 = ADVANCED_FACE ( 'NONE', ( #1631 ), #787, .F. ) ;
#1079 = AXIS2_PLACEMENT_3D ( 'NONE', #581, #1610, #1058 ) ;
#1080 = CARTESIAN_POINT ( 'NONE',  ( 4.728813507874803257, 23.63822373886890915, 68.46584430738447224 ) ) ;
#1081 = DIRECTION ( 'NONE',  ( 1.000000000000000000, -0.000000000000000000, -0.000000000000000000 ) ) ;
#1082 = EDGE_CURVE ( 'NONE', #476, #1368, #1780, .T. ) ;
#1083 = VERTEX_POINT ( 'NONE', #1639 ) ;
#1084 = ORIENTED_EDGE ( 'NONE', *, *, #469, .F. ) ;
#1085 = LINE ( 'NONE', #508, #1176 ) ;
#1086 = VECTOR ( 'NONE', #1090, 1000.000000000000000 ) ;
#1087 = DIRECTION ( 'NONE',  ( 1.000000000000000000, 0.000000000000000000, 0.000000000000000000 ) ) ;
#1088 = CARTESIAN_POINT ( 'NONE',  ( 15.05113008948187847, 26.41365209233076783, 38.87913386535695537 ) ) ;
#1089 = EDGE_CURVE ( 'NONE', #436, #913, #917, .T. ) ;
#1090 = DIRECTION ( 'NONE',  ( -0.000000000000000000, -0.000000000000000000, 1.000000000000000000 ) ) ;
#1091 = CARTESIAN_POINT ( 'NONE',  ( 5.450000000000000178, 29.75396193483235763, 13.46584430738447047 ) ) ;
#1092 = ORIENTED_EDGE ( 'NONE', *, *, #1286, .F. ) ;
#1093 =( NAMED_UNIT ( * ) SI_UNIT ( $, .STERADIAN. ) SOLID_ANGLE_UNIT ( ) );
#1094 = DIRECTION ( 'NONE',  ( 1.000000000000000000, -0.000000000000000000, -0.000000000000000000 ) ) ;
#1095 = CARTESIAN_POINT ( 'NONE',  ( 22.56808640473608207, -9.175871066950149313, 68.46584430738447224 ) ) ;
#1096 = AXIS2_PLACEMENT_3D ( 'NONE', #156, #1272, #579 ) ;
#1097 = DIRECTION ( 'NONE',  ( -0.000000000000000000, -0.000000000000000000, -1.000000000000000000 ) ) ;
#1098 = CIRCLE ( 'NONE', #279, 2.000000000000001776 ) ;
#1099 = CYLINDRICAL_SURFACE ( 'NONE', #980, 0.03765333437925899585 ) ;
#1100 = EDGE_CURVE ( 'NONE', #1756, #1497, #763, .T. ) ;
#1101 = CIRCLE ( 'NONE', #582, 0.03765333437925899585 ) ;
#1102 = EDGE_LOOP ( 'NONE', ( #902, #820, #1614, #1427, #1303 ) ) ;
#1103 = CARTESIAN_POINT ( 'NONE',  ( 4.993326968582366021, 28.21017522528272181, 51.46584430738446514 ) ) ;
#1104 = CARTESIAN_POINT ( 'NONE',  ( 19.42066864909053336, 25.63822373886890915, 48.46584430175393265 ) ) ;
#1105 = EDGE_CURVE ( 'NONE', #1354, #1487, #1319, .T. ) ;
#1106 = CARTESIAN_POINT ( 'NONE',  ( 24.72881350787480770, 22.52063893522806381, 59.46772746417470046 ) ) ;
#1107 = LINE ( 'NONE', #393, #954 ) ;
#1108 = ADVANCED_FACE ( 'NONE', ( #1349 ), #331, .F. ) ;
#1109 = ORIENTED_EDGE ( 'NONE', *, *, #1209, .F. ) ;
#1110 = DIRECTION ( 'NONE',  ( 0.000000000000000000, 1.000000000000000000, -0.000000000000000000 ) ) ;
#1111 = LINE ( 'NONE', #369, #697 ) ;
#1112 = DIRECTION ( 'NONE',  ( -1.301042606982605321E-16, 1.000000000000000000, 0.000000000000000000 ) ) ;
#1113 = DIRECTION ( 'NONE',  ( 0.000000000000000000, 0.000000000000000000, -1.000000000000000000 ) ) ;
#1114 = CARTESIAN_POINT ( 'NONE',  ( 4.993326968582366021, 28.21017522528272181, 13.46584430738447047 ) ) ;
#1115 = EDGE_LOOP ( 'NONE', ( #896, #1623, #1178, #1320, #1552, #805, #879, #784 ) ) ;
#1116 = CARTESIAN_POINT ( 'NONE',  ( 5.030980302961625128, 28.21017522528272181, 33.46584430738446514 ) ) ;
#1117 = CARTESIAN_POINT ( 'NONE',  ( 15.31275972823059561, 25.63822373886890205, 40.46584430742745297 ) ) ;
#1118 = CIRCLE ( 'NONE', #548, 1.000000000000000888 ) ;
#1119 = AXIS2_PLACEMENT_3D ( 'NONE', #32, #1184, #470 ) ;
#1120 = CARTESIAN_POINT ( 'NONE',  ( 15.00000000000000000, 32.72985497582929781, 38.46584430738446514 ) ) ;
#1121 = CIRCLE ( 'NONE', #551, 1.000000000000000888 ) ;
#1122 = B_SPLINE_CURVE_WITH_KNOTS ( 'NONE', 3,
 ( #1637, #893, #1337, #1191, #360, #914, #1328, #1743, #467, #933, #455, #618, #1753, #477, #1616, #1476, #198, #1249 ),
 .UNSPECIFIED., .F., .F.,
 ( 4, 2, 2, 2, 2, 2, 2, 2, 4 ),
 ( 0.000000000000000000, 0.0005538749088606151208, 0.001107749817721230242, 0.001661624726581845254, 0.002215499635442460483, 0.002769374544303077664, 0.003323249453163695279, 0.003877124362024312893, 0.004430999270884930508 ),
 .UNSPECIFIED. ) ;
#1123 = ADVANCED_FACE ( 'NONE', ( #201 ), #609, .F. ) ;
#1124 = VERTEX_POINT ( 'NONE', #502 ) ;
#1125 = ORIENTED_EDGE ( 'NONE', *, *, #798, .F. ) ;
#1126 = CARTESIAN_POINT ( 'NONE',  ( 4.728813507874803257, 25.63822373886890915, 58.46584430738446514 ) ) ;
#1127 = EDGE_CURVE ( 'NONE', #1540, #207, #400, .T. ) ;
#1128 = CARTESIAN_POINT ( 'NONE',  ( 3.994590393176610466, 22.52063893522806026, 51.97231697602742884 ) ) ;
#1129 = ORIENTED_EDGE ( 'NONE', *, *, #1760, .T. ) ;
#1130 = EDGE_CURVE ( 'NONE', #325, #1540, #479, .T. ) ;
#1131 = VERTEX_POINT ( 'NONE', #632 ) ;
#1132 = ORIENTED_EDGE ( 'NONE', *, *, #336, .F. ) ;
#1133 = CARTESIAN_POINT ( 'NONE',  ( 5.697187538168833498, 30.72985497582929426, 13.46584430738447047 ) ) ;
#1134 = FACE_OUTER_BOUND ( 'NONE', #1741, .T. ) ;
#1135 = DIRECTION ( 'NONE',  ( 1.000000000000000000, 1.692413147294446167E-15, 0.000000000000000000 ) ) ;
#1136 = ORIENTED_EDGE ( 'NONE', *, *, #1695, .F. ) ;
#1137 = EDGE_LOOP ( 'NONE', ( #316, #1825, #141, #1020 ) ) ;
#1138 = ORIENTED_EDGE ( 'NONE', *, *, #625, .F. ) ;
#1139 = CARTESIAN_POINT ( 'NONE',  ( 7.874030902013418043, 31.77776993184397369, 13.17026602471090158 ) ) ;
#1140 = CARTESIAN_POINT ( 'NONE',  ( 7.125969097986580181, 31.77776993184397369, 8.761422590058039361 ) ) ;
#1141 = CARTESIAN_POINT ( 'NONE',  ( 1.000000000000000888, 24.07943133704848293, 48.00193729519678953 ) ) ;
#1142 = DIRECTION ( 'NONE',  ( -1.000000000000000000, -0.000000000000000000, 0.000000000000000000 ) ) ;
#1143 = VECTOR ( 'NONE', #1330, 1000.000000000000000 ) ;
#1144 = EDGE_CURVE ( 'NONE', #1705, #651, #1339, .T. ) ;
#1145 = ORIENTED_EDGE ( 'NONE', *, *, #636, .T. ) ;
#1146 = PRESENTATION_LAYER_ASSIGNMENT (  '', '', ( #523 ) ) ;
#1147 = ORIENTED_EDGE ( 'NONE', *, *, #320, .F. ) ;
#1148 = VECTOR ( 'NONE', #99, 1000.000000000000000 ) ;
#1149 = ORIENTED_EDGE ( 'NONE', *, *, #684, .T. ) ;
#1150 = LINE ( 'NONE', #438, #229 ) ;
#1151 = CARTESIAN_POINT ( 'NONE',  ( 5.697187538168833498, 30.72985497582929426, 8.465844307384465139 ) ) ;
#1152 = LINE ( 'NONE', #589, #644 ) ;
#1153 = VERTEX_POINT ( 'NONE', #1204 ) ;
#1154 = EDGE_CURVE ( 'NONE', #1239, #7, #1501, .T. ) ;
#1155 = CARTESIAN_POINT ( 'NONE',  ( 19.42066864909708457, 22.52063893522806026, 48.46584430176014990 ) ) ;
#1156 = ORIENTED_EDGE ( 'NONE', *, *, #1105, .T. ) ;
#1157 = PRODUCT_DEFINITION ( 'UNKNOWN', '', #1779, #1208 ) ;
#1158 = EDGE_CURVE ( 'NONE', #912, #550, #1325, .T. ) ;
#1159 = ORIENTED_EDGE ( 'NONE', *, *, #264, .T. ) ;
#1160 = ORIENTED_EDGE ( 'NONE', *, *, #835, .F. ) ;
#1161 = CARTESIAN_POINT ( 'NONE',  ( 8.394615153004647112, 31.60735700206441479, 13.26590035143290791 ) ) ;
#1162 = CARTESIAN_POINT ( 'NONE',  ( 8.223590158346356205, 31.68082172773735294, 8.705484036190895836 ) ) ;
#1163 = CARTESIAN_POINT ( 'NONE',  ( 15.31250234750484651, 22.52063893522806026, 40.46455686598166324 ) ) ;
#1164 = ORIENTED_EDGE ( 'NONE', *, *, #1562, .T. ) ;
#1165 = DIRECTION ( 'NONE',  ( 0.000000000000000000, 0.000000000000000000, 1.000000000000000000 ) ) ;
#1166 = DIRECTION ( 'NONE',  ( -1.000000000000000000, 0.000000000000000000, -0.000000000000000000 ) ) ;
#1167 = B_SPLINE_CURVE_WITH_KNOTS ( 'NONE', 3,
 ( #194, #1581, #97, #966, #1770, #1238, #1784, #674, #959, #215, #658, #1667, #1651, #648, #1247, #533, #1800, #1642 ),
 .UNSPECIFIED., .F., .F.,
 ( 4, 2, 2, 2, 2, 2, 2, 2, 4 ),
 ( 0.000000000000000000, 0.0005538749088606102419, 0.001107749817721227856, 0.001661624726581845471, 0.002215499635442463085, 0.002769374544303080700, 0.003323249453163698314, 0.003877124362024315929, 0.004430999270884933110 ),
 .UNSPECIFIED. ) ;
#1168 = ORIENTED_EDGE ( 'NONE', *, *, #721, .F. ) ;
#1169 = ORIENTED_EDGE ( 'NONE', *, *, #101, .F. ) ;
#1170 = CARTESIAN_POINT ( 'NONE',  ( 9.549999999999998934, 29.75396193483235763, 33.46584430738446514 ) ) ;
#1171 = CARTESIAN_POINT ( 'NONE',  ( 23.72881350787480770, -14.38835884091895956, 49.41335290608061825 ) ) ;
#1172 = CARTESIAN_POINT ( 'NONE',  ( 15.19645582183875554, 22.42513092874724379, 39.84070421266243045 ) ) ;
#1173 = ORIENTED_EDGE ( 'NONE', *, *, #691, .T. ) ;
#1174 = DIRECTION ( 'NONE',  ( -0.000000000000000000, -1.000000000000000000, 0.000000000000000000 ) ) ;
#1175 = CARTESIAN_POINT ( 'NONE',  ( 15.00000000000000000, 27.63822373886890560, 38.46584430738446514 ) ) ;
#1176 = VECTOR ( 'NONE', #1369, 1000.000000000000000 ) ;
#1177 = ADVANCED_FACE ( 'NONE', ( #353 ), #219, .F. ) ;
#1178 = ORIENTED_EDGE ( 'NONE', *, *, #1814, .F. ) ;
#1179 = EDGE_LOOP ( 'NONE', ( #366, #1848, #1574, #295, #1599, #1603, #715, #1669 ) ) ;
#1180 = LINE ( 'NONE', #55, #678 ) ;
#1181 = CARTESIAN_POINT ( 'NONE',  ( 7.500000000000000000, 29.75396193483235763, 51.46584430738446514 ) ) ;
#1182 = VECTOR ( 'NONE', #1087, 1000.000000000000000 ) ;
#1183 = VECTOR ( 'NONE', #124, 1000.000000000000000 ) ;
#1184 = DIRECTION ( 'NONE',  ( 0.000000000000000000, 0.000000000000000000, 1.000000000000000000 ) ) ;
#1185 = DIRECTION ( 'NONE',  ( -0.000000000000000000, -0.000000000000000000, 1.000000000000000000 ) ) ;
#1186 = ADVANCED_FACE ( 'NONE', ( #895, #1457 ), #177, .F. ) ;
#1187 = DIRECTION ( 'NONE',  ( -1.000000000000000000, -0.000000000000000000, -0.000000000000000000 ) ) ;
#1188 = CARTESIAN_POINT ( 'NONE',  ( 15.00000000000000000, 32.72985497582929781, 36.46584430738446514 ) ) ;
#1189 = ORIENTED_EDGE ( 'NONE', *, *, #700, .T. ) ;
#1190 = EDGE_LOOP ( 'NONE', ( #1469, #66, #497, #1028 ) ) ;
#1191 = CARTESIAN_POINT ( 'NONE',  ( 6.150106866324284383, 31.30767515950218893, 33.54632441639276408 ) ) ;
#1192 = CYLINDRICAL_SURFACE ( 'NONE', #2, 2.049999999999999822 ) ;
#1193 = VECTOR ( 'NONE', #1450, 1000.000000000000000 ) ;
#1194 = EDGE_CURVE ( 'NONE', #750, #1474, #1027, .T. ) ;
#1195 = DIRECTION ( 'NONE',  ( -1.000000000000000000, -0.000000000000000000, 0.000000000000000000 ) ) ;
#1196 = VERTEX_POINT ( 'NONE', #537 ) ;
#1197 = CARTESIAN_POINT ( 'NONE',  ( 15.00000000000000000, 30.72985497582929426, 11.46584430738447047 ) ) ;
#1198 = CARTESIAN_POINT ( 'NONE',  ( 0.000000000000000000, 20.72985497582929426, 38.46584430738446514 ) ) ;
#1199 = ORIENTED_EDGE ( 'NONE', *, *, #1127, .F. ) ;
#1200 = ORIENTED_EDGE ( 'NONE', *, *, #385, .F. ) ;
#1201 = ORIENTED_EDGE ( 'NONE', *, *, #1318, .F. ) ;
#1202 = DIRECTION ( 'NONE',  ( -1.000000000000000000, -0.000000000000000000, -0.000000000000000000 ) ) ;
#1203 = PLANE ( 'NONE',  #762 ) ;
#1204 = CARTESIAN_POINT ( 'NONE',  ( 9.302812461831166502, 30.72985497582929426, 33.46584430738446514 ) ) ;
#1205 = CYLINDRICAL_SURFACE ( 'NONE', #1390, 2.000000000000001776 ) ;
#1206 = DIRECTION ( 'NONE',  ( -0.000000000000000000, -0.000000000000000000, -1.000000000000000000 ) ) ;
#1207 = FACE_OUTER_BOUND ( 'NONE', #293, .T. ) ;
#1208 = PRODUCT_DEFINITION_CONTEXT ( 'detailed design', #1218, 'design' ) ;
#1209 = EDGE_CURVE ( 'NONE', #1692, #54, #951, .T. ) ;
#1210 = VERTEX_POINT ( 'NONE', #1526 ) ;
#1211 = VERTEX_POINT ( 'NONE', #1542 ) ;
#1212 = CARTESIAN_POINT ( 'NONE',  ( 5.030980302961625128, 28.21017522528272181, 33.46584430738446514 ) ) ;
#1213 = CARTESIAN_POINT ( 'NONE',  ( 21.24221549675087317, 24.07943133704848293, 49.41335290608061825 ) ) ;
#1214 = AXIS2_PLACEMENT_3D ( 'NONE', #927, #58, #1755 ) ;
#1215 = AXIS2_PLACEMENT_3D ( 'NONE', #1665, #671, #663 ) ;
#1216 = DIRECTION ( 'NONE',  ( 1.301042606982605567E-16, -1.000000000000000000, -0.000000000000000000 ) ) ;
#1217 = CARTESIAN_POINT ( 'NONE',  ( 7.500000000000000000, 29.75396193483235763, 38.46584430738446514 ) ) ;
#1218 = APPLICATION_CONTEXT ( 'automotive_design' ) ;
#1219 = AXIS2_PLACEMENT_3D ( 'NONE', #247, #427, #824 ) ;
#1220 = B_SPLINE_CURVE_WITH_KNOTS ( 'NONE', 2,
 ( #1372, #545, #88 ),
 .UNSPECIFIED., .F., .F.,
 ( 3, 3 ),
 ( 0.04355744161040537438, 1.000000000000000000 ),
 .UNSPECIFIED. ) ;
#1221 = DIRECTION ( 'NONE',  ( 0.000000000000000000, 0.000000000000000000, 1.000000000000000000 ) ) ;
#1222 = VECTOR ( 'NONE', #1445, 1000.000000000000000 ) ;
#1223 = EDGE_CURVE ( 'NONE', #1458, #913, #254, .T. ) ;
#1224 = CARTESIAN_POINT ( 'NONE',  ( 24.72881350787480770, -12.38835884091895068, 63.46772746417470046 ) ) ;
#1225 = ORIENTED_EDGE ( 'NONE', *, *, #1048, .T. ) ;
#1226 = ORIENTED_EDGE ( 'NONE', *, *, #947, .T. ) ;
#1227 = APPLICATION_PROTOCOL_DEFINITION ( 'draft international standard', 'automotive_design', 1998, #1530 ) ;
#1228 = DIRECTION ( 'NONE',  ( -0.000000000000000000, -1.000000000000000000, -0.000000000000000000 ) ) ;
#1229 = DIRECTION ( 'NONE',  ( 1.000000000000000000, 0.000000000000000000, -0.000000000000000000 ) ) ;
#1230 = DIRECTION ( 'NONE',  ( 0.000000000000000000, 0.000000000000000000, -1.000000000000000000 ) ) ;
#1231 = CARTESIAN_POINT ( 'NONE',  ( 65.98565915822207728, -12.38835884091895068, 66.46584430738447224 ) ) ;
#1232 = ORIENTED_EDGE ( 'NONE', *, *, #298, .F. ) ;
#1233 = CARTESIAN_POINT ( 'NONE',  ( 0.000000000000000000, 32.72985497582929781, 11.46584430738447047 ) ) ;
#1234 = DIRECTION ( 'NONE',  ( 0.000000000000000000, 0.000000000000000000, 1.000000000000000000 ) ) ;
#1235 = CARTESIAN_POINT ( 'NONE',  ( 4.728813507874809474, 25.63822373886890915, 58.46584430738446514 ) ) ;
#1236 = ADVANCED_FACE ( 'NONE', ( #1672 ), #1378, .F. ) ;
#1237 = FACE_BOUND ( 'NONE', #234, .T. ) ;
#1238 = CARTESIAN_POINT ( 'NONE',  ( 8.394615153004643560, 31.60735700206440768, 38.26590035143291857 ) ) ;
#1239 = VERTEX_POINT ( 'NONE', #404 ) ;
#1240 = ADVANCED_FACE ( 'NONE', ( #1797 ), #821, .T. ) ;
#1241 = DIRECTION ( 'NONE',  ( -0.000000000000000000, 1.000000000000000000, -0.000000000000000000 ) ) ;
#1242 = CARTESIAN_POINT ( 'NONE',  ( 0.3390165307856727317, 22.52063893522805671, 48.75233775723381768 ) ) ;
#1243 = FACE_OUTER_BOUND ( 'NONE', #1016, .T. ) ;
#1244 = AXIS2_PLACEMENT_3D ( 'NONE', #979, #380, #510 ) ;
#1245 = EDGE_CURVE ( 'NONE', #1327, #337, #850, .T. ) ;
#1246 = VECTOR ( 'NONE', #1202, 1000.000000000000000 ) ;
#1247 = CARTESIAN_POINT ( 'NONE',  ( 6.152933442059223879, 31.31024321096055019, 38.38463047440523468 ) ) ;
#1248 = VERTEX_POINT ( 'NONE', #679 ) ;
#1249 = CARTESIAN_POINT ( 'NONE',  ( 9.302812461831166502, 30.72985497582929426, 33.46584430738446514 ) ) ;
#1250 = DIRECTION ( 'NONE',  ( 0.000000000000000000, 0.000000000000000000, 1.000000000000000000 ) ) ;
#1251 = CARTESIAN_POINT ( 'NONE',  ( 15.00000000000000000, 20.72985497582929781, 8.465844307384470468 ) ) ;
#1252 = LINE ( 'NONE', #539, #158 ) ;
#1253 = DIRECTION ( 'NONE',  ( 0.000000000000000000, 0.000000000000000000, -1.000000000000000000 ) ) ;
#1254 = ORIENTED_EDGE ( 'NONE', *, *, #1785, .F. ) ;
#1255 = DIRECTION ( 'NONE',  ( 1.000000000000000000, 0.000000000000000000, 0.000000000000000000 ) ) ;
#1256 = DIRECTION ( 'NONE',  ( 3.469446951953611033E-15, 0.000000000000000000, 1.000000000000000000 ) ) ;
#1257 = CARTESIAN_POINT ( 'NONE',  ( 23.72881350787480770, 25.63822373886890915, 52.24868152837380819 ) ) ;
#1258 = CARTESIAN_POINT ( 'NONE',  ( 22.56808640473608207, -9.175871066950149313, 68.46584430738447224 ) ) ;
#1259 = LINE ( 'NONE', #1120, #1428 ) ;
#1260 = ORIENTED_EDGE ( 'NONE', *, *, #1795, .T. ) ;
#1261 = EDGE_CURVE ( 'NONE', #993, #573, #1111, .T. ) ;
#1262 = ORIENTED_EDGE ( 'NONE', *, *, #1350, .F. ) ;
#1263 = DIRECTION ( 'NONE',  ( -0.000000000000000000, -1.000000000000000000, 0.000000000000000000 ) ) ;
#1264 = DIRECTION ( 'NONE',  ( -0.000000000000000000, -0.000000000000000000, 1.000000000000000000 ) ) ;
#1265 = VECTOR ( 'NONE', #136, 1000.000000000000000 ) ;
#1266 = EDGE_CURVE ( 'NONE', #53, #1752, #1738, .T. ) ;
#1267 = AXIS2_PLACEMENT_3D ( 'NONE', #1212, #630, #487 ) ;
#1268 = ORIENTED_EDGE ( 'NONE', *, *, #737, .T. ) ;
#1269 = VERTEX_POINT ( 'NONE', #527 ) ;
#1270 = LINE ( 'NONE', #1004, #767 ) ;
#1271 = AXIS2_PLACEMENT_3D ( 'NONE', #615, #474, #922 ) ;
#1272 = DIRECTION ( 'NONE',  ( -1.000000000000000000, -0.000000000000000000, 0.000000000000000000 ) ) ;
#1273 = DIRECTION ( 'NONE',  ( -0.000000000000000000, 0.000000000000000000, -1.000000000000000000 ) ) ;
#1274 = EDGE_LOOP ( 'NONE', ( #1719, #1010, #1849, #425 ) ) ;
#1275 = EDGE_LOOP ( 'NONE', ( #862, #868, #205, #1834 ) ) ;
#1276 = ORIENTED_EDGE ( 'NONE', *, *, #435, .T. ) ;
#1277 = DIRECTION ( 'NONE',  ( 0.000000000000000000, 0.000000000000000000, -1.000000000000000000 ) ) ;
#1278 = DIRECTION ( 'NONE',  ( 1.000000000000000000, 0.000000000000000000, 0.000000000000000000 ) ) ;
#1279 = EDGE_CURVE ( 'NONE', #1196, #358, #403, .T. ) ;
#1280 = CARTESIAN_POINT ( 'NONE',  ( 5.450000000000000178, 29.75396193483235763, 33.46584430738446514 ) ) ;
#1281 = ORIENTED_EDGE ( 'NONE', *, *, #961, .F. ) ;
#1282 = ORIENTED_EDGE ( 'NONE', *, *, #214, .F. ) ;
#1283 = ORIENTED_EDGE ( 'NONE', *, *, #484, .T. ) ;
#1284 = CARTESIAN_POINT ( 'NONE',  ( 21.24221549667492326, 25.63822373886890915, 49.41335290608061825 ) ) ;
#1285 = DIRECTION ( 'NONE',  ( 0.000000000000000000, 1.000000000000000000, -0.000000000000000000 ) ) ;
#1286 = EDGE_CURVE ( 'NONE', #1716, #28, #379, .T. ) ;
#1287 = DIRECTION ( 'NONE',  ( 0.000000000000000000, 0.000000000000000000, -1.000000000000000000 ) ) ;
#1288 = EDGE_LOOP ( 'NONE', ( #1436, #1355, #1572, #338 ) ) ;
#1289 = DIRECTION ( 'NONE',  ( -1.000000000000000000, 0.000000000000000000, 0.000000000000000000 ) ) ;
#1290 = AXIS2_PLACEMENT_3D ( 'NONE', #297, #682, #257 ) ;
#1291 = EDGE_CURVE ( 'NONE', #337, #434, #1820, .T. ) ;
#1292 = VERTEX_POINT ( 'NONE', #838 ) ;
#1293 = AXIS2_PLACEMENT_3D ( 'NONE', #103, #1789, #1250 ) ;
#1294 = ORIENTED_EDGE ( 'NONE', *, *, #406, .F. ) ;
#1295 = VECTOR ( 'NONE', #829, 1000.000000000000000 ) ;
#1296 = ORIENTED_EDGE ( 'NONE', *, *, #1449, .T. ) ;
#1297 = CARTESIAN_POINT ( 'NONE',  ( 9.104592322188805653, 31.04296144469708807, 13.44584357903225502 ) ) ;
#1298 = DIRECTION ( 'NONE',  ( 1.000000000000000000, -0.000000000000000000, -0.000000000000000000 ) ) ;
#1299 = LINE ( 'NONE', #280, #797 ) ;
#1300 = CIRCLE ( 'NONE', #1808, 2.049999999999999822 ) ;
#1301 = DIRECTION ( 'NONE',  ( -1.000000000000000000, -1.301042606982605321E-16, 0.000000000000000000 ) ) ;
#1302 = CARTESIAN_POINT ( 'NONE',  ( 15.00000000000000000, 20.72985497582929426, 13.46584430738447047 ) ) ;
#1303 = ORIENTED_EDGE ( 'NONE', *, *, #1323, .F. ) ;
#1304 = ORIENTED_EDGE ( 'NONE', *, *, #13, .F. ) ;
#1305 = CARTESIAN_POINT ( 'NONE',  ( 15.00000000000000000, 20.72985497582929781, 8.465844307384470468 ) ) ;
#1306 = CARTESIAN_POINT ( 'NONE',  ( 7.313588765684495563, 31.80381313100159346, 8.778653176604763075 ) ) ;
#1307 = VECTOR ( 'NONE', #1438, 1000.000000000000000 ) ;
#1308 = CARTESIAN_POINT ( 'NONE',  ( 7.500000000000000000, 29.75396193483235763, 38.46584430738446514 ) ) ;
#1309 = ORIENTED_EDGE ( 'NONE', *, *, #1194, .F. ) ;
#1310 = AXIS2_PLACEMENT_3D ( 'NONE', #120, #1142, #858 ) ;
#1311 = DIRECTION ( 'NONE',  ( 0.000000000000000000, 0.000000000000000000, 1.000000000000000000 ) ) ;
#1312 = EDGE_CURVE ( 'NONE', #1153, #1726, #976, .T. ) ;
#1313 = ORIENTED_EDGE ( 'NONE', *, *, #972, .T. ) ;
#1314 = EDGE_LOOP ( 'NONE', ( #1430, #1687, #1132, #740 ) ) ;
#1315 = ORIENTED_EDGE ( 'NONE', *, *, #122, .T. ) ;
#1316 = CARTESIAN_POINT ( 'NONE',  ( 9.549999999999998934, 29.75396193483235763, 51.46584430738446514 ) ) ;
#1317 = DIRECTION ( 'NONE',  ( -0.000000000000000000, 1.000000000000000000, -0.000000000000000000 ) ) ;
#1318 = EDGE_CURVE ( 'NONE', #1582, #1124, #800, .T. ) ;
#1319 = LINE ( 'NONE', #1598, #1143 ) ;
#1320 = ORIENTED_EDGE ( 'NONE', *, *, #667, .F. ) ;
#1321 = DIRECTION ( 'NONE',  ( 0.000000000000000000, 0.000000000000000000, 1.000000000000000000 ) ) ;
#1322 = FACE_OUTER_BOUND ( 'NONE', #133, .T. ) ;
#1323 = EDGE_CURVE ( 'NONE', #1248, #172, #1812, .T. ) ;
#1324 = DIRECTION ( 'NONE',  ( -1.000000000000000000, 0.000000000000000000, 0.000000000000000000 ) ) ;
#1325 = CIRCLE ( 'NONE', #878, 2.000000000000000000 ) ;
#1326 = ORIENTED_EDGE ( 'NONE', *, *, #374, .T. ) ;
#1327 = VERTEX_POINT ( 'NONE', #970 ) ;
#1328 = CARTESIAN_POINT ( 'NONE',  ( 6.774901654052172262, 31.68007987336385867, 33.70509111921792567 ) ) ;
#1329 = DIRECTION ( 'NONE',  ( 0.000000000000000000, 0.000000000000000000, 1.000000000000000000 ) ) ;
#1330 = DIRECTION ( 'NONE',  ( -1.000000000000000000, 0.000000000000000000, 0.000000000000000000 ) ) ;
#1331 =( NAMED_UNIT ( * ) PLANE_ANGLE_UNIT ( ) SI_UNIT ( $, .RADIAN. ) );
#1332 = AXIS2_PLACEMENT_3D ( 'NONE', #1592, #637, #313 ) ;
#1333 = CARTESIAN_POINT ( 'NONE',  ( 15.31250234750484651, 22.52063893522806026, 40.46455686598166324 ) ) ;
#1334 = CARTESIAN_POINT ( 'NONE',  ( 5.030980302961625128, 28.21017522528272181, 51.46584430738446514 ) ) ;
#1335 = ORIENTED_EDGE ( 'NONE', *, *, #461, .T. ) ;
#1336 = ORIENTED_EDGE ( 'NONE', *, *, #1194, .T. ) ;
#1337 = CARTESIAN_POINT ( 'NONE',  ( 5.895407677811194347, 31.04296144469708807, 33.48584503573668769 ) ) ;
#1338 = DIRECTION ( 'NONE',  ( 0.000000000000000000, 0.000000000000000000, -1.000000000000000000 ) ) ;
#1339 = LINE ( 'NONE', #1745, #37 ) ;
#1340 = DIRECTION ( 'NONE',  ( 0.000000000000000000, 0.000000000000000000, -1.000000000000000000 ) ) ;
#1341 = DIRECTION ( 'NONE',  ( 0.000000000000000000, 0.000000000000000000, 1.000000000000000000 ) ) ;
#1342 = MANIFOLD_SOLID_BREP ( 'Fillet4', #1392 ) ;
#1343 = ADVANCED_FACE ( 'NONE', ( #928 ), #59, .T. ) ;
#1344 = PLANE ( 'NONE',  #530 ) ;
#1345 = ORIENTED_EDGE ( 'NONE', *, *, #1695, .T. ) ;
#1346 = EDGE_LOOP ( 'NONE', ( #394, #1818, #1007, #590 ) ) ;
#1347 = CARTESIAN_POINT ( 'NONE',  ( 24.72881350787480770, -14.38835884091895601, 58.46584430738446514 ) ) ;
#1348 = CARTESIAN_POINT ( 'NONE',  ( 15.76897608256730443, 20.55011424732236947, 45.08567981644721812 ) ) ;
#1349 = FACE_OUTER_BOUND ( 'NONE', #206, .T. ) ;
#1350 = EDGE_CURVE ( 'NONE', #1211, #727, #1609, .T. ) ;
#1351 = DIRECTION ( 'NONE',  ( -1.000000000000000000, -0.000000000000000000, 0.000000000000000000 ) ) ;
#1352 = CARTESIAN_POINT ( 'NONE',  ( 24.72881350787480770, -12.38835884091895423, 61.46772746417470756 ) ) ;
#1353 = CARTESIAN_POINT ( 'NONE',  ( 23.72881350787480770, -14.38835884091895956, 52.24868152837380819 ) ) ;
#1354 = VERTEX_POINT ( 'NONE', #1491 ) ;
#1355 = ORIENTED_EDGE ( 'NONE', *, *, #1613, .T. ) ;
#1356 = CARTESIAN_POINT ( 'NONE',  ( 0.000000000000000000, 0.000000000000000000, 0.000000000000000000 ) ) ;
#1357 = DIRECTION ( 'NONE',  ( -0.000000000000000000, -0.000000000000000000, -1.000000000000000000 ) ) ;
#1358 = VECTOR ( 'NONE', #1068, 1000.000000000000000 ) ;
#1359 = CIRCLE ( 'NONE', #826, 2.049999999999999822 ) ;
#1360 = AXIS2_PLACEMENT_3D ( 'NONE', #1806, #1813, #1527 ) ;
#1361 = DIRECTION ( 'NONE',  ( 0.000000000000000000, 0.000000000000000000, 1.000000000000000000 ) ) ;
#1362 = CARTESIAN_POINT ( 'NONE',  ( 15.00000000000000178, 27.50528115291397313, 38.46584430738447224 ) ) ;
#1363 = VECTOR ( 'NONE', #1714, 1000.000000000000000 ) ;
#1364 = CARTESIAN_POINT ( 'NONE',  ( 0.000000000000000000, 20.72985497582929426, 48.00193729519678953 ) ) ;
#1365 = CARTESIAN_POINT ( 'NONE',  ( 24.72881350787480770, 25.63822373886890915, 66.46584430738447224 ) ) ;
#1366 = AXIS2_PLACEMENT_3D ( 'NONE', #421, #1538, #1273 ) ;
#1367 = EDGE_LOOP ( 'NONE', ( #1260, #726, #1201, #650 ) ) ;
#1368 = VERTEX_POINT ( 'NONE', #1046 ) ;
#1369 = DIRECTION ( 'NONE',  ( -1.000000000000000000, -1.301042606982605567E-16, 0.000000000000000000 ) ) ;
#1370 = B_SPLINE_CURVE_WITH_KNOTS ( 'NONE', 2,
 ( #1104, #405, #1117 ),
 .UNSPECIFIED., .F., .F.,
 ( 3, 3 ),
 ( 0.000000000000000000, 0.8428996651802888040 ),
 .UNSPECIFIED. ) ;
#1371 = ADVANCED_FACE ( 'NONE', ( #919 ), #321, .F. ) ;
#1372 = CARTESIAN_POINT ( 'NONE',  ( 0.3390165307856753407, 25.63822373886890915, 48.75233775723382479 ) ) ;
#1373 = CARTESIAN_POINT ( 'NONE',  ( 4.728813507874808586, -12.38835884091895778, 68.46584430738447224 ) ) ;
#1374 = DIRECTION ( 'NONE',  ( 0.000000000000000000, 0.000000000000000000, -1.000000000000000000 ) ) ;
#1375 = ADVANCED_FACE ( 'NONE', ( #788 ), #778, .F. ) ;
#1376 = ORIENTED_EDGE ( 'NONE', *, *, #1451, .F. ) ;
#1377 =( LENGTH_UNIT ( ) NAMED_UNIT ( * ) SI_UNIT ( .MILLI., .METRE. ) );
#1378 = PLANE ( 'NONE',  #375 ) ;
#1379 = LINE ( 'NONE', #1251, #883 ) ;
#1380 = EDGE_CURVE ( 'NONE', #1011, #1565, #1654, .T. ) ;
#1381 = CARTESIAN_POINT ( 'NONE',  ( 24.72881350787480770, 22.52063893522806381, 58.84259882960335375 ) ) ;
#1382 = LINE ( 'NONE', #83, #1516 ) ;
#1383 = EDGE_CURVE ( 'NONE', #713, #28, #1066, .T. ) ;
#1384 = ORIENTED_EDGE ( 'NONE', *, *, #193, .T. ) ;
#1385 = DIRECTION ( 'NONE',  ( 1.000000000000000000, 1.692413147294446167E-15, 0.000000000000000000 ) ) ;
#1386 = CARTESIAN_POINT ( 'NONE',  ( 0.3390165307856727317, 25.63822373886890915, 48.75233775723381768 ) ) ;
#1387 = EDGE_CURVE ( 'NONE', #1796, #750, #1632, .T. ) ;
#1388 = CIRCLE ( 'NONE', #428, 1.000000000000000888 ) ;
#1389 = CARTESIAN_POINT ( 'NONE',  ( 15.00000000000000000, 30.72985497582929426, 8.465844307384468692 ) ) ;
#1390 = AXIS2_PLACEMENT_3D ( 'NONE', #1781, #796, #1340 ) ;
#1391 = CARTESIAN_POINT ( 'NONE',  ( 19.42066864909708457, 22.52063893522806026, 48.46584430176014990 ) ) ;
#1392 = CLOSED_SHELL ( 'NONE', ( #1078, #1525, #42, #884, #901, #664, #889, #1522, #568, #1236, #422, #812, #1622, #57, #1646, #1186, #916, #1057, #779, #1108, #1513, #131, #1375, #236, #1837, #1371, #73, #1492, #830, #35, #1493, #592, #1177, #1597, #391, #1240, #187, #851, #940, #528, #4, #1425, #287, #160, #1123, #432, #1460, #1343, #241 ) ) ;
#1393 = VERTEX_POINT ( 'NONE', #634 ) ;
#1394 = DIRECTION ( 'NONE',  ( -0.000000000000000000, -0.000000000000000000, 1.000000000000000000 ) ) ;
#1395 = CARTESIAN_POINT ( 'NONE',  ( 15.26064582010909376, 25.63822373886387496, 40.20520554050629158 ) ) ;
#1396 = CARTESIAN_POINT ( 'NONE',  ( 9.103500442066515319, 31.04446030919867638, 8.486042715697919903 ) ) ;
#1397 = DIRECTION ( 'NONE',  ( 0.000000000000000000, 1.000000000000000000, 0.000000000000000000 ) ) ;
#1398 = EDGE_CURVE ( 'NONE', #1422, #1691, #1600, .T. ) ;
#1399 = VERTEX_POINT ( 'NONE', #611 ) ;
#1400 = CARTESIAN_POINT ( 'NONE',  ( 5.030980302961625128, 28.21017522528272181, 13.46584430738447047 ) ) ;
#1401 = LINE ( 'NONE', #1095, #646 ) ;
#1402 = EDGE_CURVE ( 'NONE', #626, #283, #1000, .T. ) ;
#1403 = CARTESIAN_POINT ( 'NONE',  ( 0.000000000000000000, 25.63822373886890915, 48.46584430738446514 ) ) ;
#1404 = ORIENTED_EDGE ( 'NONE', *, *, #1791, .T. ) ;
#1405 = ORIENTED_EDGE ( 'NONE', *, *, #1419, .T. ) ;
#1406 = DIRECTION ( 'NONE',  ( -1.000000000000000000, -0.000000000000000000, -0.000000000000000000 ) ) ;
#1407 = CARTESIAN_POINT ( 'NONE',  ( 15.00000000000000000, 20.72985497582929426, 23.46584430738446869 ) ) ;
#1408 = AXIS2_PLACEMENT_3D ( 'NONE', #1141, #299, #1287 ) ;
#1409 = DIRECTION ( 'NONE',  ( 0.000000000000000000, 0.000000000000000000, 1.000000000000000000 ) ) ;
#1410 = VECTOR ( 'NONE', #472, 1000.000000000000000 ) ;
#1411 = AXIS2_PLACEMENT_3D ( 'NONE', #45, #596, #1062 ) ;
#1412 = ORIENTED_EDGE ( 'NONE', *, *, #1014, .F. ) ;
#1413 = ORIENTED_EDGE ( 'NONE', *, *, #772, .F. ) ;
#1414 = EDGE_LOOP ( 'NONE', ( #1518, #1283, #1129, #1698, #733, #19, #506, #1051, #401, #1335, #837, #310, #1268, #758, #924 ) ) ;
#1415 = CARTESIAN_POINT ( 'NONE',  ( 8.225098345947825962, 31.68007987336385867, 13.22659749555100994 ) ) ;
#1416 = EDGE_CURVE ( 'NONE', #1742, #739, #202, .T. ) ;
#1417 = CARTESIAN_POINT ( 'NONE',  ( 15.05473370310064674, 21.78101270950640611, 38.90637029196447827 ) ) ;
#1418 = CARTESIAN_POINT ( 'NONE',  ( 0.000000000000000000, 30.72985497582929426, 35.46584430738446514 ) ) ;
#1419 = EDGE_CURVE ( 'NONE', #1506, #1716, #1098, .T. ) ;
#1420 = ORIENTED_EDGE ( 'NONE', *, *, #515, .T. ) ;
#1421 = ORIENTED_EDGE ( 'NONE', *, *, #1261, .F. ) ;
#1422 = VERTEX_POINT ( 'NONE', #343 ) ;
#1423 = DIRECTION ( 'NONE',  ( -0.000000000000000000, -0.000000000000000000, -1.000000000000000000 ) ) ;
#1424 = LINE ( 'NONE', #718, #25 ) ;
#1425 = ADVANCED_FACE ( 'NONE', ( #190 ), #1205, .F. ) ;
#1426 = CARTESIAN_POINT ( 'NONE',  ( 24.72881350787480770, -14.38835884091895601, 63.46772746417470046 ) ) ;
#1427 = ORIENTED_EDGE ( 'NONE', *, *, #1045, .F. ) ;
#1428 = VECTOR ( 'NONE', #1264, 1000.000000000000000 ) ;
#1429 = CARTESIAN_POINT ( 'NONE',  ( 0.3390165307856753407, 22.52063893522805671, 48.75233775723382479 ) ) ;
#1430 = ORIENTED_EDGE ( 'NONE', *, *, #1449, .F. ) ;
#1431 = VERTEX_POINT ( 'NONE', #503 ) ;
#1432 = VERTEX_POINT ( 'NONE', #1077 ) ;
#1433 = FACE_OUTER_BOUND ( 'NONE', #1137, .T. ) ;
#1434 = LINE ( 'NONE', #1576, #1537 ) ;
#1435 = LINE ( 'NONE', #996, #998 ) ;
#1436 = ORIENTED_EDGE ( 'NONE', *, *, #571, .F. ) ;
#1437 = EDGE_CURVE ( 'NONE', #28, #1061, #518, .T. ) ;
#1438 = DIRECTION ( 'NONE',  ( 1.000000000000000000, 0.000000000000000000, 0.000000000000000000 ) ) ;
#1439 = AXIS2_PLACEMENT_3D ( 'NONE', #319, #69, #1607 ) ;
#1440 = VECTOR ( 'NONE', #481, 1000.000000000000000 ) ;
#1441 = FACE_BOUND ( 'NONE', #1594, .T. ) ;
#1442 = VECTOR ( 'NONE', #689, 1000.000000000000000 ) ;
#1443 = ORIENTED_EDGE ( 'NONE', *, *, #1266, .F. ) ;
#1444 = VERTEX_POINT ( 'NONE', #255 ) ;
#1445 = DIRECTION ( 'NONE',  ( 1.000000000000000000, 0.000000000000000000, 0.000000000000000000 ) ) ;
#1446 = CARTESIAN_POINT ( 'NONE',  ( 7.868812213767432340, 31.77889376819009826, 8.762106164431315847 ) ) ;
#1447 = CARTESIAN_POINT ( 'NONE',  ( 15.00798999872903217, 21.10787512988467896, 38.53564055706252134 ) ) ;
#1448 = ORIENTED_EDGE ( 'NONE', *, *, #1724, .T. ) ;
#1449 = EDGE_CURVE ( 'NONE', #716, #1083, #1220, .T. ) ;
#1450 = DIRECTION ( 'NONE',  ( -0.000000000000000000, -1.000000000000000000, -0.000000000000000000 ) ) ;
#1451 = EDGE_CURVE ( 'NONE', #337, #1327, #578, .T. ) ;
#1452 = CARTESIAN_POINT ( 'NONE',  ( 65.98565915822207728, -14.38835884091895068, 58.46584430738446514 ) ) ;
#1453 = EDGE_LOOP ( 'NONE', ( #1652, #1604, #465, #638 ) ) ;
#1454 = ORIENTED_EDGE ( 'NONE', *, *, #273, .F. ) ;
#1455 = CARTESIAN_POINT ( 'NONE',  ( 15.00000000000000000, 32.72985497582929781, 13.46584430738447047 ) ) ;
#1456 = DIRECTION ( 'NONE',  ( 0.000000000000000000, -1.000000000000000000, 0.000000000000000000 ) ) ;
#1457 = FACE_OUTER_BOUND ( 'NONE', #1115, .T. ) ;
#1458 = VERTEX_POINT ( 'NONE', #517 ) ;
#1459 = CARTESIAN_POINT ( 'NONE',  ( 15.00000000000000000, 20.52063893522806381, 40.46455686593886725 ) ) ;
#1460 = ADVANCED_FACE ( 'NONE', ( #389 ), #93, .T. ) ;
#1461 = DIRECTION ( 'NONE',  ( -0.000000000000000000, -0.000000000000000000, 1.000000000000000000 ) ) ;
#1462 = CIRCLE ( 'NONE', #307, 0.03765333437925899585 ) ;
#1463 = DIRECTION ( 'NONE',  ( 1.301042606982605567E-16, -1.000000000000000000, 0.000000000000000000 ) ) ;
#1464 = ORIENTED_EDGE ( 'NONE', *, *, #710, .T. ) ;
#1465 = ORIENTED_EDGE ( 'NONE', *, *, #1105, .F. ) ;
#1466 = LINE ( 'NONE', #185, #77 ) ;
#1467 = FACE_OUTER_BOUND ( 'NONE', #475, .T. ) ;
#1468 = DIRECTION ( 'NONE',  ( -1.000000000000000000, -1.301042606982605321E-16, 0.000000000000000000 ) ) ;
#1469 = ORIENTED_EDGE ( 'NONE', *, *, #684, .F. ) ;
#1470 = DIRECTION ( 'NONE',  ( 1.000000000000000000, 0.000000000000000000, -0.000000000000000000 ) ) ;
#1471 = DIRECTION ( 'NONE',  ( 0.000000000000000000, 0.000000000000000000, 1.000000000000000000 ) ) ;
#1472 = CARTESIAN_POINT ( 'NONE',  ( 24.72881350787480770, -14.38835884091895601, 63.46772746417470046 ) ) ;
#1473 = CIRCLE ( 'NONE', #491, 2.000000000000000000 ) ;
#1474 = VERTEX_POINT ( 'NONE', #529 ) ;
#1475 = ORIENTED_EDGE ( 'NONE', *, *, #561, .F. ) ;
#1476 = CARTESIAN_POINT ( 'NONE',  ( 9.103500442066515319, 31.04446030919866217, 33.48604271569792701 ) ) ;
#1477 = CARTESIAN_POINT ( 'NONE',  ( 7.500000000000000000, 29.75396193483235763, 8.465844307384465139 ) ) ;
#1478 = VECTOR ( 'NONE', #1423, 1000.000000000000000 ) ;
#1479 = VECTOR ( 'NONE', #775, 1000.000000000000000 ) ;
#1480 = DIRECTION ( 'NONE',  ( -1.000000000000000000, 0.000000000000000000, 0.000000000000000000 ) ) ;
#1481 = CARTESIAN_POINT ( 'NONE',  ( 24.72881350787480770, 25.63822373886890915, 58.46584430738446514 ) ) ;
#1482 = EDGE_CURVE ( 'NONE', #1292, #1061, #1370, .T. ) ;
#1483 = LINE ( 'NONE', #1198, #1193 ) ;
#1484 = FACE_OUTER_BOUND ( 'NONE', #814, .T. ) ;
#1485 = EDGE_CURVE ( 'NONE', #707, #476, #1401, .T. ) ;
#1486 = ORIENTED_EDGE ( 'NONE', *, *, #846, .F. ) ;
#1487 = VERTEX_POINT ( 'NONE', #1657 ) ;
#1488 = LINE ( 'NONE', #1052, #921 ) ;
#1489 = CARTESIAN_POINT ( 'NONE',  ( 15.00000000000000000, 20.55011424732236947, 38.46584430738446514 ) ) ;
#1490 = CARTESIAN_POINT ( 'NONE',  ( 24.72881350787480770, -14.38835884091895956, 55.54564017898858452 ) ) ;
#1491 = CARTESIAN_POINT ( 'NONE',  ( 15.00000000000000000, 30.72985497582929426, 13.46584430738447047 ) ) ;
#1492 = ADVANCED_FACE ( 'NONE', ( #1543 ), #15, .T. ) ;
#1493 = ADVANCED_FACE ( 'NONE', ( #839, #680 ), #1798, .T. ) ;
#1494 = LINE ( 'NONE', #1364, #1590 ) ;
#1495 = AXIS2_PLACEMENT_3D ( 'NONE', #555, #1549, #1409 ) ;
#1496 = FACE_OUTER_BOUND ( 'NONE', #1453, .T. ) ;
#1497 = VERTEX_POINT ( 'NONE', #957 ) ;
#1498 = ORIENTED_EDGE ( 'NONE', *, *, #154, .T. ) ;
#1499 = DIRECTION ( 'NONE',  ( 1.000000000000000000, 1.301042606982605567E-16, -0.000000000000000000 ) ) ;
#1500 = DIRECTION ( 'NONE',  ( 1.000000000000000000, 0.000000000000000000, -0.000000000000000000 ) ) ;
#1501 = LINE ( 'NONE', #1033, #1829 ) ;
#1502 = CARTESIAN_POINT ( 'NONE',  ( 15.00151533434275386, 27.37458985518971488, 38.47896777787325817 ) ) ;
#1503 = LINE ( 'NONE', #490, #887 ) ;
#1504 = CARTESIAN_POINT ( 'NONE',  ( 24.72881350787480770, -14.38835884091895601, 66.46584430738447224 ) ) ;
#1505 = ORIENTED_EDGE ( 'NONE', *, *, #1416, .T. ) ;
#1506 = VERTEX_POINT ( 'NONE', #963 ) ;
#1507 = DIRECTION ( 'NONE',  ( -1.000000000000000000, 0.000000000000000000, 0.000000000000000000 ) ) ;
#1508 = CARTESIAN_POINT ( 'NONE',  ( 4.728813507874808586, -14.38835884091895956, 66.46584430738447224 ) ) ;
#1509 = VECTOR ( 'NONE', #1456, 1000.000000000000000 ) ;
#1510 = AXIS2_PLACEMENT_3D ( 'NONE', #1400, #1394, #117 ) ;
#1511 = CARTESIAN_POINT ( 'NONE',  ( 7.500000000000000000, 29.75396193483235763, 33.46584430738446514 ) ) ;
#1512 = FACE_OUTER_BOUND ( 'NONE', #149, .T. ) ;
#1513 = ADVANCED_FACE ( 'NONE', ( #1520 ), #238, .F. ) ;
#1514 = CARTESIAN_POINT ( 'NONE',  ( 15.00000000000000000, 30.72985497582929426, 35.46584430738446514 ) ) ;
#1515 = CARTESIAN_POINT ( 'NONE',  ( 0.000000000000000000, 20.72985497582929426, 8.465844307384468692 ) ) ;
#1516 = VECTOR ( 'NONE', #1661, 1000.000000000000000 ) ;
#1517 = EDGE_CURVE ( 'NONE', #1742, #1752, #1379, .T. ) ;
#1518 = ORIENTED_EDGE ( 'NONE', *, *, #50, .F. ) ;
#1519 = CARTESIAN_POINT ( 'NONE',  ( 15.00000000000000000, 30.72985497582929426, 38.46584430738446514 ) ) ;
#1520 = FACE_OUTER_BOUND ( 'NONE', #328, .T. ) ;
#1521 = CARTESIAN_POINT ( 'NONE',  ( 22.56808640473608207, -9.175871066950149313, 58.46584430738446514 ) ) ;
#1522 = ADVANCED_FACE ( 'NONE', ( #118 ), #370, .F. ) ;
#1523 = CARTESIAN_POINT ( 'NONE',  ( 19.42066864909053336, 25.63822373886890915, 48.46584430175393265 ) ) ;
#1524 = VERTEX_POINT ( 'NONE', #1673 ) ;
#1525 = ADVANCED_FACE ( 'NONE', ( #1512 ), #396, .F. ) ;
#1526 = CARTESIAN_POINT ( 'NONE',  ( 24.01906589823501648, 25.63822373886890915, 53.20563165763351776 ) ) ;
#1527 = DIRECTION ( 'NONE',  ( -1.000000000000000000, 0.000000000000000000, 0.000000000000000000 ) ) ;
#1528 = CARTESIAN_POINT ( 'NONE',  ( 0.3390165307856753407, 25.63822373886890915, 48.75233775723382479 ) ) ;
#1529 = LINE ( 'NONE', #248, #6 ) ;
#1530 = APPLICATION_CONTEXT ( 'automotive_design' ) ;
#1531 = ORIENTED_EDGE ( 'NONE', *, *, #1100, .T. ) ;
#1532 = CARTESIAN_POINT ( 'NONE',  ( 7.500000000000000000, 29.75396193483235763, 51.46584430738446514 ) ) ;
#1533 = CIRCLE ( 'NONE', #1706, 9.999999999999998224 ) ;
#1534 = EDGE_CURVE ( 'NONE', #1210, #332, #1121, .T. ) ;
#1535 = DIRECTION ( 'NONE',  ( 0.000000000000000000, 0.000000000000000000, 1.000000000000000000 ) ) ;
#1536 = AXIS2_PLACEMENT_3D ( 'NONE', #1197, #49, #1035 ) ;
#1537 = VECTOR ( 'NONE', #1113, 1000.000000000000000 ) ;
#1538 = DIRECTION ( 'NONE',  ( 1.000000000000000000, 0.000000000000000000, -0.000000000000000000 ) ) ;
#1539 = AXIS2_PLACEMENT_3D ( 'NONE', #1684, #130, #997 ) ;
#1540 = VERTEX_POINT ( 'NONE', #1688 ) ;
#1541 = EDGE_CURVE ( 'NONE', #1524, #1431, #1713, .T. ) ;
#1542 = CARTESIAN_POINT ( 'NONE',  ( 24.72881350787480770, 25.63822373886890915, 66.46584430738447224 ) ) ;
#1543 = FACE_OUTER_BOUND ( 'NONE', #1314, .T. ) ;
#1544 = CARTESIAN_POINT ( 'NONE',  ( 4.728813507874800592, 22.52063893522806026, 58.46584430738446514 ) ) ;
#1545 = EDGE_LOOP ( 'NONE', ( #1109, #1136 ) ) ;
#1546 = ORIENTED_EDGE ( 'NONE', *, *, #1772, .F. ) ;
#1547 = CARTESIAN_POINT ( 'NONE',  ( 7.316876105979730482, 31.80410942078410486, 13.15284680244414872 ) ) ;
#1548 = CARTESIAN_POINT ( 'NONE',  ( 15.26308701283796054, 22.50857980393630697, 40.21159253732244565 ) ) ;
#1549 = DIRECTION ( 'NONE',  ( 1.000000000000000000, 0.000000000000000000, -0.000000000000000000 ) ) ;
#1550 = EDGE_CURVE ( 'NONE', #1487, #1746, #1826, .T. ) ;
#1551 = ORIENTED_EDGE ( 'NONE', *, *, #1144, .F. ) ;
#1552 = ORIENTED_EDGE ( 'NONE', *, *, #1312, .F. ) ;
#1553 = ORIENTED_EDGE ( 'NONE', *, *, #1482, .T. ) ;
#1554 = CARTESIAN_POINT ( 'NONE',  ( 0.000000000000000000, 25.63822373886890915, 40.46584430738446514 ) ) ;
#1555 = CARTESIAN_POINT ( 'NONE',  ( 0.000000000000000000, 30.72985497582929426, 33.46584430738446514 ) ) ;
#1556 = B_SPLINE_CURVE_WITH_KNOTS ( 'NONE', 2,
 ( #1544, #1128, #1429 ),
 .UNSPECIFIED., .F., .F.,
 ( 3, 3 ),
 ( 0.000000000000000000, 0.9564425583895950211 ),
 .UNSPECIFIED. ) ;
#1557 = AXIS2_PLACEMENT_3D ( 'NONE', #186, #761, #1329 ) ;
#1558 = EDGE_CURVE ( 'NONE', #892, #386, #1270, .T. ) ;
#1559 = CARTESIAN_POINT ( 'NONE',  ( 9.302812461831166502, 30.72985497582929426, 38.46584430738446514 ) ) ;
#1560 = CIRCLE ( 'NONE', #1831, 2.000000000000001776 ) ;
#1561 = ORIENTED_EDGE ( 'NONE', *, *, #492, .T. ) ;
#1562 = EDGE_CURVE ( 'NONE', #1399, #1083, #1566, .T. ) ;
#1563 = AXIS2_PLACEMENT_3D ( 'NONE', #1334, #1612, #63 ) ;
#1564 = ORIENTED_EDGE ( 'NONE', *, *, #435, .F. ) ;
#1565 = VERTEX_POINT ( 'NONE', #844 ) ;
#1566 = LINE ( 'NONE', #1126, #1478 ) ;
#1567 = CARTESIAN_POINT ( 'NONE',  ( 24.72881350787480770, 25.63822373886890915, 58.84259882960335375 ) ) ;
#1568 = CARTESIAN_POINT ( 'NONE',  ( 24.01906589823501648, -14.38835884091895956, 53.20563165763351776 ) ) ;
#1569 = ORIENTED_EDGE ( 'NONE', *, *, #1130, .F. ) ;
#1570 = LINE ( 'NONE', #415, #414 ) ;
#1571 = AXIS2_PLACEMENT_3D ( 'NONE', #1727, #1174, #1471 ) ;
#1572 = ORIENTED_EDGE ( 'NONE', *, *, #1398, .T. ) ;
#1573 = EDGE_LOOP ( 'NONE', ( #1034, #1731, #109, #1009 ) ) ;
#1574 = ORIENTED_EDGE ( 'NONE', *, *, #803, .F. ) ;
#1575 = CARTESIAN_POINT ( 'NONE',  ( 24.01906589823501648, 22.52063893522806026, 53.20563165763351776 ) ) ;
#1576 = CARTESIAN_POINT ( 'NONE',  ( 9.549999999999998934, 29.75396193483235763, 51.46584430738446514 ) ) ;
#1577 = DIRECTION ( 'NONE',  ( -0.000000000000000000, -0.000000000000000000, 1.000000000000000000 ) ) ;
#1578 = ORIENTED_EDGE ( 'NONE', *, *, #262, .T. ) ;
#1579 = CIRCLE ( 'NONE', #1079, 1.000000000000000888 ) ;
#1580 = LINE ( 'NONE', #191, #1307 ) ;
#1581 = CARTESIAN_POINT ( 'NONE',  ( 9.213369317398141689, 30.89508744356419356, 38.46584430738447935 ) ) ;
#1582 = VERTEX_POINT ( 'NONE', #1575 ) ;
#1583 = EDGE_LOOP ( 'NONE', ( #1801, #376, #556, #367 ) ) ;
#1584 = CARTESIAN_POINT ( 'NONE',  ( 15.00000000000000000, 20.72985497582929426, 33.46584430738446514 ) ) ;
#1585 = CARTESIAN_POINT ( 'NONE',  ( 24.72881350787480770, 23.63822373886890915, 66.46584430738447224 ) ) ;
#1586 = PLANE ( 'NONE',  #1096 ) ;
#1587 = EDGE_LOOP ( 'NONE', ( #1281, #1226, #165, #1751 ) ) ;
#1588 = EDGE_CURVE ( 'NONE', #1565, #53, #717, .T. ) ;
#1589 = CARTESIAN_POINT ( 'NONE',  ( 15.00000000000000000, 30.72985497582929426, 13.46584430738447047 ) ) ;
#1590 = VECTOR ( 'NONE', #213, 1000.000000000000000 ) ;
#1591 = VECTOR ( 'NONE', #516, 1000.000000000000000 ) ;
#1592 = CARTESIAN_POINT ( 'NONE',  ( 15.00000000000000000, 30.72985497582929426, 36.46584430738446514 ) ) ;
#1593 = VERTEX_POINT ( 'NONE', #1284 ) ;
#1594 = EDGE_LOOP ( 'NONE', ( #1376, #349 ) ) ;
#1595 = CARTESIAN_POINT ( 'NONE',  ( 24.72881350787480770, 22.52063893522806381, 50.41335290608061825 ) ) ;
#1596 = CARTESIAN_POINT ( 'NONE',  ( 0.000000000000000000, 22.52063893522806026, 48.46584430738446514 ) ) ;
#1597 = ADVANCED_FACE ( 'NONE', ( #296 ), #412, .F. ) ;
#1598 = CARTESIAN_POINT ( 'NONE',  ( 15.00000000000000000, 30.72985497582929426, 13.46584430738447047 ) ) ;
#1599 = ORIENTED_EDGE ( 'NONE', *, *, #220, .F. ) ;
#1600 = LINE ( 'NONE', #34, #493 ) ;
#1601 = CARTESIAN_POINT ( 'NONE',  ( 21.25449108339793014, 22.52063893522805671, 49.41353230726862478 ) ) ;
#1602 = CARTESIAN_POINT ( 'NONE',  ( 0.000000000000000000, 25.63822373886890915, 40.46584430738446514 ) ) ;
#1603 = ORIENTED_EDGE ( 'NONE', *, *, #1656, .T. ) ;
#1604 = ORIENTED_EDGE ( 'NONE', *, *, #995, .F. ) ;
#1605 = DIRECTION ( 'NONE',  ( 0.000000000000000000, 0.000000000000000000, 1.000000000000000000 ) ) ;
#1606 = DIRECTION ( 'NONE',  ( 0.000000000000000000, 0.000000000000000000, 1.000000000000000000 ) ) ;
#1607 = DIRECTION ( 'NONE',  ( 0.000000000000000000, -8.673617379884027583E-16, 1.000000000000000000 ) ) ;
#1608 = EDGE_LOOP ( 'NONE', ( #1092, #943, #1636, #1304, #1774, #1055, #1276, #1735 ) ) ;
#1609 = LINE ( 'NONE', #908, #612 ) ;
#1610 = DIRECTION ( 'NONE',  ( -0.000000000000000000, 1.000000000000000000, -0.000000000000000000 ) ) ;
#1611 = AXIS2_PLACEMENT_3D ( 'NONE', #1822, #153, #1005 ) ;
#1612 = DIRECTION ( 'NONE',  ( 0.000000000000000000, 0.000000000000000000, -1.000000000000000000 ) ) ;
#1613 = EDGE_CURVE ( 'NONE', #332, #1422, #1150, .T. ) ;
#1614 = ORIENTED_EDGE ( 'NONE', *, *, #1380, .F. ) ;
#1615 = ORIENTED_EDGE ( 'NONE', *, *, #910, .F. ) ;
#1616 = CARTESIAN_POINT ( 'NONE',  ( 8.847066557940779674, 31.31024321096055019, 33.54705814036370981 ) ) ;
#1617 = DIRECTION ( 'NONE',  ( 1.000000000000000000, -0.000000000000000000, -0.000000000000000000 ) ) ;
#1618 = CARTESIAN_POINT ( 'NONE',  ( 0.000000000000000000, 30.72985497582929426, 36.46584430738446514 ) ) ;
#1619 = ORIENTED_EDGE ( 'NONE', *, *, #1558, .F. ) ;
#1620 = DIRECTION ( 'NONE',  ( -1.507144635948572871E-16, -1.000000000000000000, 0.000000000000000000 ) ) ;
#1621 = CARTESIAN_POINT ( 'NONE',  ( 5.068633637340884235, 28.21017522528272181, 51.46584430738446514 ) ) ;
#1622 = ADVANCED_FACE ( 'NONE', ( #1433 ), #152, .F. ) ;
#1623 = ORIENTED_EDGE ( 'NONE', *, *, #1261, .T. ) ;
#1624 = AXIS2_PLACEMENT_3D ( 'NONE', #488, #776, #1606 ) ;
#1625 = ORIENTED_EDGE ( 'NONE', *, *, #246, .T. ) ;
#1626 = ORIENTED_EDGE ( 'NONE', *, *, #710, .F. ) ;
#1627 = LINE ( 'NONE', #1074, #1246 ) ;
#1628 = DIRECTION ( 'NONE',  ( 2.602085213965208275E-15, 0.000000000000000000, -1.000000000000000000 ) ) ;
#1629 = MECHANICAL_DESIGN_GEOMETRIC_PRESENTATION_REPRESENTATION (  '', ( #523 ), #827 ) ;
#1630 = EDGE_CURVE ( 'NONE', #1756, #535, #268, .T. ) ;
#1631 = FACE_OUTER_BOUND ( 'NONE', #693, .T. ) ;
#1632 = LINE ( 'NONE', #70, #1440 ) ;
#1633 = CARTESIAN_POINT ( 'NONE',  ( 5.030980302961625128, 28.21017522528272181, 8.465844307384465139 ) ) ;
#1634 = LINE ( 'NONE', #356, #314 ) ;
#1635 = ORIENTED_EDGE ( 'NONE', *, *, #1772, .T. ) ;
#1636 = ORIENTED_EDGE ( 'NONE', *, *, #1402, .F. ) ;
#1637 = CARTESIAN_POINT ( 'NONE',  ( 5.697187538168833498, 30.72985497582929426, 33.46584430738446514 ) ) ;
#1638 = DIRECTION ( 'NONE',  ( -0.000000000000000000, -0.000000000000000000, 1.000000000000000000 ) ) ;
#1639 = CARTESIAN_POINT ( 'NONE',  ( 4.728813507874808586, 25.63822373886890915, 58.46584430738446514 ) ) ;
#1640 = CARTESIAN_POINT ( 'NONE',  ( 15.00000000000000000, 27.63822373886890560, 38.46584430738446514 ) ) ;
#1641 = CARTESIAN_POINT ( 'NONE',  ( 9.549999999999998934, 29.75396193483235763, 38.46584430738446514 ) ) ;
#1642 = CARTESIAN_POINT ( 'NONE',  ( 5.697187538168833498, 30.72985497582929426, 38.46584430738446514 ) ) ;
#1643 = ORIENTED_EDGE ( 'NONE', *, *, #135, .F. ) ;
#1644 = VERTEX_POINT ( 'NONE', #1554 ) ;
#1645 = CARTESIAN_POINT ( 'NONE',  ( 5.697187538168833498, 30.72985497582929426, 38.46584430738446514 ) ) ;
#1646 = ADVANCED_FACE ( 'NONE', ( #447 ), #1022, .F. ) ;
#1647 = SURFACE_STYLE_FILL_AREA ( #111 ) ;
#1648 = CARTESIAN_POINT ( 'NONE',  ( 15.00000000000000000, 30.72985497582929426, 10.46584430738446869 ) ) ;
#1649 = CARTESIAN_POINT ( 'NONE',  ( 15.00000000000000000, 20.72985497582929426, 38.46584430738446514 ) ) ;
#1650 = EDGE_CURVE ( 'NONE', #1593, #1050, #994, .T. ) ;
#1651 = CARTESIAN_POINT ( 'NONE',  ( 6.607723510245156362, 31.60854830894734135, 38.26533183351384082 ) ) ;
#1652 = ORIENTED_EDGE ( 'NONE', *, *, #1534, .F. ) ;
#1653 = VECTOR ( 'NONE', #777, 1000.000000000000000 ) ;
#1654 = CIRCLE ( 'NONE', #38, 2.000000000000001776 ) ;
#1655 = CARTESIAN_POINT ( 'NONE',  ( 1.000000000000000888, 22.52063893522806026, 48.00193729519678953 ) ) ;
#1656 = EDGE_CURVE ( 'NONE', #1786, #739, #166, .T. ) ;
#1657 = CARTESIAN_POINT ( 'NONE',  ( 9.302812461831166502, 30.72985497582929426, 13.46584430738447047 ) ) ;
#1658 = CIRCLE ( 'NONE', #853, 2.445277397229952854 ) ;
#1659 = CARTESIAN_POINT ( 'NONE',  ( 4.728813507874800592, 42.74466678546156828, 61.46772746417470756 ) ) ;
#1660 = EDGE_CURVE ( 'NONE', #1153, #1497, #1041, .T. ) ;
#1661 = DIRECTION ( 'NONE',  ( 0.000000000000000000, -1.000000000000000000, 0.000000000000000000 ) ) ;
#1662 = VERTEX_POINT ( 'NONE', #741 ) ;
#1663 = DIRECTION ( 'NONE',  ( 0.000000000000000000, 0.000000000000000000, 1.000000000000000000 ) ) ;
#1664 = DIRECTION ( 'NONE',  ( -0.000000000000000000, -1.000000000000000000, 0.000000000000000000 ) ) ;
#1665 = CARTESIAN_POINT ( 'NONE',  ( 5.030980302961625128, 28.21017522528272181, 13.46584430738447047 ) ) ;
#1666 = CARTESIAN_POINT ( 'NONE',  ( 15.00000000000000000, 36.69994499698508861, 38.46584430738446514 ) ) ;
#1667 = CARTESIAN_POINT ( 'NONE',  ( 6.776409841653643795, 31.68082172773735294, 38.22620457857804865 ) ) ;
#1668 = VECTOR ( 'NONE', #965, 1000.000000000000000 ) ;
#1669 = ORIENTED_EDGE ( 'NONE', *, *, #1517, .T. ) ;
#1670 = SHAPE_DEFINITION_REPRESENTATION ( #607, #899 ) ;
#1671 = EDGE_CURVE ( 'NONE', #550, #1540, #1466, .T. ) ;
#1672 = FACE_OUTER_BOUND ( 'NONE', #1573, .T. ) ;
#1673 = CARTESIAN_POINT ( 'NONE',  ( 10.54808640473608072, 13.84412893304985026, 68.46584430738447224 ) ) ;
#1674 = CARTESIAN_POINT ( 'NONE',  ( 5.697187538168833498, 30.72985497582929426, 8.465844307384465139 ) ) ;
#1675 = DIRECTION ( 'NONE',  ( 0.000000000000000000, 0.000000000000000000, 1.000000000000000000 ) ) ;
#1676 = EDGE_CURVE ( 'NONE', #207, #24, #785, .T. ) ;
#1677 = B_SPLINE_SURFACE_WITH_KNOTS ( 'NONE', 2, 1, ( 
 ( #218, #1489 ),
 ( #631, #1348 ),
 ( #31, #794 ) ),
 .UNSPECIFIED., .F., .F., .F.,
 ( 3, 3 ),
 ( 2, 2 ),
 ( 0.000000000000000000, 1.000000000000000000 ),
 ( 0.000000000000000000, 1.000000000000000000 ),
 .UNSPECIFIED. ) ;
#1678 = ORIENTED_EDGE ( 'NONE', *, *, #846, .T. ) ;
#1679 = CARTESIAN_POINT ( 'NONE',  ( 22.56808640473608207, 13.84412893304985026, 58.46584430738446514 ) ) ;
#1680 = DIRECTION ( 'NONE',  ( 0.000000000000000000, -1.000000000000000000, 0.000000000000000000 ) ) ;
#1681 = CARTESIAN_POINT ( 'NONE',  ( 4.728813507874809474, 22.52063893522805671, 58.46584430738446514 ) ) ;
#1682 = AXIS2_PLACEMENT_3D ( 'NONE', #1308, #1577, #845 ) ;
#1683 = AXIS2_PLACEMENT_3D ( 'NONE', #1648, #1821, #971 ) ;
#1684 = CARTESIAN_POINT ( 'NONE',  ( 15.00000000000000000, 30.72985497582929426, 35.46584430738446514 ) ) ;
#1685 = VECTOR ( 'NONE', #302, 1000.000000000000000 ) ;
#1686 = ORIENTED_EDGE ( 'NONE', *, *, #515, .F. ) ;
#1687 = ORIENTED_EDGE ( 'NONE', *, *, #107, .T. ) ;
#1688 = CARTESIAN_POINT ( 'NONE',  ( 24.72881350787480770, -12.38835884091895778, 68.46584430738447224 ) ) ;
#1689 = DIRECTION ( 'NONE',  ( 0.000000000000000000, 0.000000000000000000, 1.000000000000000000 ) ) ;
#1690 = VECTOR ( 'NONE', #1289, 1000.000000000000000 ) ;
#1691 = VERTEX_POINT ( 'NONE', #1595 ) ;
#1692 = VERTEX_POINT ( 'NONE', #925 ) ;
#1693 = EDGE_LOOP ( 'NONE', ( #431, #698, #1643, #1443, #1718, #1160, #1145, #1625, #705, #1564, #276, #43, #123, #903, #1486, #595, #444 ) ) ;
#1694 = CARTESIAN_POINT ( 'NONE',  ( 19.42066865518214769, -14.38835884091895956, 49.41335290608061825 ) ) ;
#1695 = EDGE_CURVE ( 'NONE', #54, #1692, #195, .T. ) ;
#1696 = FACE_OUTER_BOUND ( 'NONE', #151, .T. ) ;
#1697 = DIRECTION ( 'NONE',  ( 1.000000000000000000, 0.000000000000000000, -0.000000000000000000 ) ) ;
#1698 = ORIENTED_EDGE ( 'NONE', *, *, #336, .T. ) ;
#1699 = ORIENTED_EDGE ( 'NONE', *, *, #1089, .F. ) ;
#1700 = ORIENTED_EDGE ( 'NONE', *, *, #571, .T. ) ;
#1701 = CARTESIAN_POINT ( 'NONE',  ( 9.213369317398138136, 30.89508744356418646, 13.46584430738447224 ) ) ;
#1702 = CARTESIAN_POINT ( 'NONE',  ( 8.392276489754843638, 31.60854830894734135, 8.666356781255093011 ) ) ;
#1703 = EDGE_CURVE ( 'NONE', #1393, #74, #348, .T. ) ;
#1704 = LINE ( 'NONE', #1568, #974 ) ;
#1705 = VERTEX_POINT ( 'NONE', #317 ) ;
#1706 = AXIS2_PLACEMENT_3D ( 'NONE', #1407, #711, #569 ) ;
#1707 = LINE ( 'NONE', #1403, #702 ) ;
#1708 = COLOUR_RGB ( '',0.7921568627450980005, 0.8196078431372548767, 0.9333333333333333481 ) ;
#1709 = ORIENTED_EDGE ( 'NONE', *, *, #1562, .F. ) ;
#1710 = CIRCLE ( 'NONE', #1539, 2.000000000000001776 ) ;
#1711 = ORIENTED_EDGE ( 'NONE', *, *, #1402, .T. ) ;
#1712 = ORIENTED_EDGE ( 'NONE', *, *, #947, .F. ) ;
#1713 = LINE ( 'NONE', #277, #1265 ) ;
#1714 = DIRECTION ( 'NONE',  ( -0.000000000000000000, 1.000000000000000000, -0.000000000000000000 ) ) ;
#1715 = CARTESIAN_POINT ( 'NONE',  ( 15.28704178995654139, 22.52063893522806026, 40.33718148960279137 ) ) ;
#1716 = VERTEX_POINT ( 'NONE', #174 ) ;
#1717 = CARTESIAN_POINT ( 'NONE',  ( 15.00000000000000000, 20.72985497582929426, 23.46584430738446869 ) ) ;
#1718 = ORIENTED_EDGE ( 'NONE', *, *, #357, .T. ) ;
#1719 = ORIENTED_EDGE ( 'NONE', *, *, #1437, .F. ) ;
#1720 = ORIENTED_EDGE ( 'NONE', *, *, #1703, .T. ) ;
#1721 = CARTESIAN_POINT ( 'NONE',  ( 6.776409841653642907, 31.68082172773734584, 13.22620457857804155 ) ) ;
#1722 = FACE_OUTER_BOUND ( 'NONE', #150, .T. ) ;
#1723 = CIRCLE ( 'NONE', #986, 2.049999999999999822 ) ;
#1724 = EDGE_CURVE ( 'NONE', #1368, #1431, #67, .T. ) ;
#1725 = CARTESIAN_POINT ( 'NONE',  ( 15.13915872337807045, 22.27229892281971857, 39.49096753873558896 ) ) ;
#1726 = VERTEX_POINT ( 'NONE', #1170 ) ;
#1727 = CARTESIAN_POINT ( 'NONE',  ( 23.72881350787480770, 22.52063893522806026, 50.41335290608061825 ) ) ;
#1728 = EDGE_CURVE ( 'NONE', #207, #912, #1488, .T. ) ;
#1729 = DIRECTION ( 'NONE',  ( 0.000000000000000000, -0.000000000000000000, -1.000000000000000000 ) ) ;
#1730 = EDGE_LOOP ( 'NONE', ( #1569, #1775, #169, #999 ) ) ;
#1731 = ORIENTED_EDGE ( 'NONE', *, *, #704, .T. ) ;
#1732 = DIRECTION ( 'NONE',  ( -1.000000000000000000, -1.301042606982605567E-16, 0.000000000000000000 ) ) ;
#1733 = CARTESIAN_POINT ( 'NONE',  ( 8.847066557940777898, 31.31024321096056440, 8.547058140363699152 ) ) ;
#1734 = CARTESIAN_POINT ( 'NONE',  ( 15.00000000000000000, 20.72985497582929426, 33.46584430738446514 ) ) ;
#1735 = ORIENTED_EDGE ( 'NONE', *, *, #1383, .T. ) ;
#1736 = CARTESIAN_POINT ( 'NONE',  ( 10.54808640473608250, -9.175871066950152866, 68.46584430738447224 ) ) ;
#1737 = CIRCLE ( 'NONE', #949, 9.999999999999998224 ) ;
#1738 = CIRCLE ( 'NONE', #1778, 14.99999999999999645 ) ;
#1739 = CARTESIAN_POINT ( 'NONE',  ( 24.72881350787480770, 22.52063893522806381, 48.46584430738446514 ) ) ;
#1740 = CIRCLE ( 'NONE', #526, 2.049999999999999822 ) ;
#1741 = EDGE_LOOP ( 'NONE', ( #1505, #12, #16, #184, #723, #1225, #1531, #1159, #828, #1405, #1843, #347, #197, #1578 ) ) ;
#1742 = VERTEX_POINT ( 'NONE', #1305 ) ;
#1743 = CARTESIAN_POINT ( 'NONE',  ( 7.125969097986577516, 31.77776993184397369, 33.76142259005803226 ) ) ;
#1744 = DIRECTION ( 'NONE',  ( 0.000000000000000000, 0.000000000000000000, -1.000000000000000000 ) ) ;
#1745 = CARTESIAN_POINT ( 'NONE',  ( 24.72881350787480059, 42.74466678546157539, 61.46772746417470756 ) ) ;
#1746 = VERTEX_POINT ( 'NONE', #499 ) ;
#1747 = CARTESIAN_POINT ( 'NONE',  ( 15.00000000000000000, 20.72985497582929426, 8.465844307384468692 ) ) ;
#1748 = CARTESIAN_POINT ( 'NONE',  ( 21.25449108339793014, 25.63822373886890915, 49.41353230726862478 ) ) ;
#1749 = EDGE_CURVE ( 'NONE', #315, #386, #1764, .T. ) ;
#1750 = ORIENTED_EDGE ( 'NONE', *, *, #985, .F. ) ;
#1751 = ORIENTED_EDGE ( 'NONE', *, *, #1728, .T. ) ;
#1752 = VERTEX_POINT ( 'NONE', #20 ) ;
#1753 = CARTESIAN_POINT ( 'NONE',  ( 8.392276489754845414, 31.60854830894734846, 33.66635678125509656 ) ) ;
#1754 = FACE_OUTER_BOUND ( 'NONE', #1179, .T. ) ;
#1755 = DIRECTION ( 'NONE',  ( 0.000000000000000000, 0.000000000000000000, -1.000000000000000000 ) ) ;
#1756 = VERTEX_POINT ( 'NONE', #339 ) ;
#1757 = EDGE_CURVE ( 'NONE', #1644, #713, #1560, .T. ) ;
#1758 = CARTESIAN_POINT ( 'NONE',  ( 15.00000000000000000, 30.72985497582929426, 36.46584430738446514 ) ) ;
#1759 = CARTESIAN_POINT ( 'NONE',  ( 15.00000000000000000, 32.72985497582929781, 11.46584430738447047 ) ) ;
#1760 = EDGE_CURVE ( 'NONE', #791, #849, #1180, .T. ) ;
#1761 = DIRECTION ( 'NONE',  ( 1.000000000000000000, 1.301042606982605567E-16, 0.000000000000000000 ) ) ;
#1762 = ORIENTED_EDGE ( 'NONE', *, *, #382, .T. ) ;
#1763 = ORIENTED_EDGE ( 'NONE', *, *, #553, .F. ) ;
#1764 = LINE ( 'NONE', #1455, #1479 ) ;
#1765 = CARTESIAN_POINT ( 'NONE',  ( 22.56808640473608207, 13.84412893304985026, 61.46772746417470756 ) ) ;
#1766 = CARTESIAN_POINT ( 'NONE',  ( 4.728813507874810362, -12.38835884091895956, 66.46584430738447224 ) ) ;
#1767 = DIRECTION ( 'NONE',  ( -0.000000000000000000, -0.000000000000000000, -1.000000000000000000 ) ) ;
#1768 = DIRECTION ( 'NONE',  ( 1.000000000000000000, 0.000000000000000000, 0.000000000000000000 ) ) ;
#1769 = VECTOR ( 'NONE', #635, 1000.000000000000000 ) ;
#1770 = CARTESIAN_POINT ( 'NONE',  ( 8.706187483013978934, 31.42145145595266698, 38.34518085958659839 ) ) ;
#1771 = AXIS2_PLACEMENT_3D ( 'NONE', #1063, #1638, #478 ) ;
#1772 = EDGE_CURVE ( 'NONE', #1432, #7, #1627, .T. ) ;
#1773 = AXIS2_PLACEMENT_3D ( 'NONE', #1481, #643, #1321 ) ;
#1774 = ORIENTED_EDGE ( 'NONE', *, *, #1018, .F. ) ;
#1775 = ORIENTED_EDGE ( 'NONE', *, *, #633, .T. ) ;
#1776 = DIRECTION ( 'NONE',  ( 1.507144635948572871E-16, 1.000000000000000000, 0.000000000000000000 ) ) ;
#1777 = DIRECTION ( 'NONE',  ( 0.000000000000000000, 0.000000000000000000, 1.000000000000000000 ) ) ;
#1778 = AXIS2_PLACEMENT_3D ( 'NONE', #978, #1229, #260 ) ;
#1779 = PRODUCT_DEFINITION_FORMATION_WITH_SPECIFIED_SOURCE ( 'ANY', '', #1824, .NOT_KNOWN. ) ;
#1780 = LINE ( 'NONE', #753, #1653 ) ;
#1781 = CARTESIAN_POINT ( 'NONE',  ( 0.000000000000000000, 27.63822373886890560, 40.46584430738446514 ) ) ;
#1782 = VECTOR ( 'NONE', #1324, 1000.000000000000000 ) ;
#1783 = DIRECTION ( 'NONE',  ( 0.000000000000000000, 0.000000000000000000, -1.000000000000000000 ) ) ;
#1784 = CARTESIAN_POINT ( 'NONE',  ( 8.225098345947827738, 31.68007987336385867, 38.22659749555100461 ) ) ;
#1785 = EDGE_CURVE ( 'NONE', #660, #1393, #605, .T. ) ;
#1786 = VERTEX_POINT ( 'NONE', #904 ) ;
#1787 = ORIENTED_EDGE ( 'NONE', *, *, #333, .T. ) ;
#1788 = CARTESIAN_POINT ( 'NONE',  ( 24.72881350787480415, 20.52063893522806381, 61.46772746417470756 ) ) ;
#1789 = DIRECTION ( 'NONE',  ( 0.000000000000000000, 1.000000000000000000, -0.000000000000000000 ) ) ;
#1790 = CARTESIAN_POINT ( 'NONE',  ( 15.13422755414760879, 25.88699109438771373, 39.46567543321795313 ) ) ;
#1791 = EDGE_CURVE ( 'NONE', #573, #1153, #1122, .T. ) ;
#1792 = CARTESIAN_POINT ( 'NONE',  ( 0.000000000000000000, 20.72985497582929426, 33.46584430738446514 ) ) ;
#1793 = AXIS2_PLACEMENT_3D ( 'NONE', #114, #841, #1675 ) ;
#1794 = DIRECTION ( 'NONE',  ( 0.000000000000000000, 0.000000000000000000, -1.000000000000000000 ) ) ;
#1795 = EDGE_CURVE ( 'NONE', #1210, #942, #1658, .T. ) ;
#1796 = VERTEX_POINT ( 'NONE', #251 ) ;
#1797 = FACE_OUTER_BOUND ( 'NONE', #1275, .T. ) ;
#1798 = PLANE ( 'NONE',  #1244 ) ;
#1799 = DIRECTION ( 'NONE',  ( 1.000000000000000000, 0.000000000000000000, -0.000000000000000000 ) ) ;
#1800 = CARTESIAN_POINT ( 'NONE',  ( 5.786632954142017837, 30.89509163988563145, 38.46584430738447224 ) ) ;
#1801 = ORIENTED_EDGE ( 'NONE', *, *, #1037, .T. ) ;
#1802 = DIRECTION ( 'NONE',  ( 1.000000000000000000, 0.000000000000000000, 0.000000000000000000 ) ) ;
#1803 = AXIS2_PLACEMENT_3D ( 'NONE', #918, #188, #47 ) ;
#1804 = AXIS2_PLACEMENT_3D ( 'NONE', #212, #897, #1620 ) ;
#1805 = DIRECTION ( 'NONE',  ( -0.000000000000000000, -1.000000000000000000, -0.000000000000000000 ) ) ;
#1806 = CARTESIAN_POINT ( 'NONE',  ( 7.500000000000000000, 29.75396193483235763, 51.46584430738446514 ) ) ;
#1807 = CARTESIAN_POINT ( 'NONE',  ( 15.00000000000000000, 30.72985497582929426, 38.46584430738446514 ) ) ;
#1808 = AXIS2_PLACEMENT_3D ( 'NONE', #666, #1832, #1135 ) ;
#1809 = DIRECTION ( 'NONE',  ( 0.000000000000000000, 1.000000000000000000, 0.000000000000000000 ) ) ;
#1810 = EDGE_CURVE ( 'NONE', #183, #660, #41, .T. ) ;
#1811 = ORIENTED_EDGE ( 'NONE', *, *, #633, .F. ) ;
#1812 = LINE ( 'NONE', #509, #1182 ) ;
#1813 = DIRECTION ( 'NONE',  ( 0.000000000000000000, 0.000000000000000000, -1.000000000000000000 ) ) ;
#1814 = EDGE_CURVE ( 'NONE', #303, #573, #1740, .T. ) ;
#1815 = CARTESIAN_POINT ( 'NONE',  ( 5.895407677811196123, 31.04296144469708807, 8.485845035736682362 ) ) ;
#1816 = DIRECTION ( 'NONE',  ( 1.000000000000000000, 0.000000000000000000, -0.000000000000000000 ) ) ;
#1817 = CIRCLE ( 'NONE', #292, 2.000000000000001776 ) ;
#1818 = ORIENTED_EDGE ( 'NONE', *, *, #910, .T. ) ;
#1819 = LINE ( 'NONE', #1519, #1148 ) ;
#1820 = LINE ( 'NONE', #1103, #1032 ) ;
#1821 = DIRECTION ( 'NONE',  ( -1.000000000000000000, 0.000000000000000000, 0.000000000000000000 ) ) ;
#1822 = CARTESIAN_POINT ( 'NONE',  ( 23.72881350787480770, 25.63822373886890915, 50.41335290608061825 ) ) ;
#1823 = DIRECTION ( 'NONE',  ( 0.000000000000000000, 0.000000000000000000, 1.000000000000000000 ) ) ;
#1824 = PRODUCT ( 'hinge', 'hinge', '', ( #377 ) ) ;
#1825 = ORIENTED_EDGE ( 'NONE', *, *, #990, .T. ) ;
#1826 = B_SPLINE_CURVE_WITH_KNOTS ( 'NONE', 3,
 ( #1836, #1701, #1297, #855, #285, #1161, #1415, #1139, #708, #1547, #1845, #1721, #426, #558, #566, #699, #143, #1133 ),
 .UNSPECIFIED., .F., .F.,
 ( 4, 2, 2, 2, 2, 2, 2, 2, 4 ),
 ( 0.000000000000000000, 0.0005538749088606157714, 0.001107749817721231543, 0.001661624726581847206, 0.002215499635442463085, 0.002769374544303080700, 0.003323249453163699182, 0.003877124362024317230, 0.004430999270884935712 ),
 .UNSPECIFIED. ) ;
#1827 = VERTEX_POINT ( 'NONE', #956 ) ;
#1828 = CARTESIAN_POINT ( 'NONE',  ( 15.00000000000000000, 30.72985497582929426, 8.465844307384468692 ) ) ;
#1829 = VECTOR ( 'NONE', #937, 1000.000000000000000 ) ;
#1830 = VECTOR ( 'NONE', #938, 1000.000000000000000 ) ;
#1831 = AXIS2_PLACEMENT_3D ( 'NONE', #760, #751, #1605 ) ;
#1832 = DIRECTION ( 'NONE',  ( -0.000000000000000000, -0.000000000000000000, -1.000000000000000000 ) ) ;
#1833 = EDGE_CURVE ( 'NONE', #900, #436, #1819, .T. ) ;
#1834 = ORIENTED_EDGE ( 'NONE', *, *, #745, .F. ) ;
#1835 = ORIENTED_EDGE ( 'NONE', *, *, #382, .F. ) ;
#1836 = CARTESIAN_POINT ( 'NONE',  ( 9.302812461831166502, 30.72985497582929426, 13.46584430738447047 ) ) ;
#1837 = ADVANCED_FACE ( 'NONE', ( #85 ), #793, .F. ) ;
#1838 = LINE ( 'NONE', #1006, #848 ) ;
#1839 = DIRECTION ( 'NONE',  ( -0.000000000000000000, -0.000000000000000000, -1.000000000000000000 ) ) ;
#1840 = AXIS2_PLACEMENT_3D ( 'NONE', #3, #1461, #344 ) ;
#1841 = VERTEX_POINT ( 'NONE', #652 ) ;
#1842 = EDGE_CURVE ( 'NONE', #1083, #849, #402, .T. ) ;
#1843 = ORIENTED_EDGE ( 'NONE', *, *, #1286, .T. ) ;
#1844 = ORIENTED_EDGE ( 'NONE', *, *, #1517, .F. ) ;
#1845 = CARTESIAN_POINT ( 'NONE',  ( 7.131187786232568548, 31.77889376819009826, 13.16958245033762331 ) ) ;
#1846 = CARTESIAN_POINT ( 'NONE',  ( 15.03543432944215219, 21.57140993092150438, 38.75799079197277308 ) ) ;
#1847 = PLANE ( 'NONE',  #1366 ) ;
#1848 = ORIENTED_EDGE ( 'NONE', *, *, #985, .T. ) ;
#1849 = ORIENTED_EDGE ( 'NONE', *, *, #1757, .F. ) ;
#1850 = EDGE_LOOP ( 'NONE', ( #242, #1282, #1835, #1811 ) ) ;
#1851 = DIRECTION ( 'NONE',  ( -0.000000000000000000, 0.000000000000000000, 1.000000000000000000 ) ) ;
#1852 = DIRECTION ( 'NONE',  ( 1.000000000000000000, 0.000000000000000000, 0.000000000000000000 ) ) ;
ENDSEC;
END-ISO-10303-21;
