ISO-10303-21;
HEADER;
FILE_DESCRIPTION (( 'STEP AP214' ),
    '1' );
FILE_NAME ('PROP2.step',
    '2026-09-17T07:00:18',
    ( '' ),
    ( '' ),
    'SwSTEP 2.0',
    'SolidWorks 2023',
    '' );
FILE_SCHEMA (( 'AUTOMOTIVE_DESIGN' ));
ENDSEC;

DATA;
#1 = CIRCLE ( 'NONE', #109, 1.050000000000645084 ) ;
#2 = DIRECTION ( 'NONE',  ( 0.000000000000000000, 0.000000000000000000, 1.000000000000000000 ) ) ;
#3 = CARTESIAN_POINT ( 'NONE',  ( -1.844226907759180580E-05, -7.031245532246346741, -6.786472071533400538E-06 ) ) ;
#4 = CIRCLE ( 'NONE', #2049, 0.2999999999999999334 ) ;
#5 = ADVANCED_FACE ( 'NONE', ( #50 ), #1706, .T. ) ;
#6 = AXIS2_PLACEMENT_3D ( 'NONE', #1042, #1867, #410 ) ;
#7 =( NAMED_UNIT ( * ) PLANE_ANGLE_UNIT ( ) SI_UNIT ( $, .RADIAN. ) );
#8 = VERTEX_POINT ( 'NONE', #248 ) ;
#9 = DIRECTION ( 'NONE',  ( 0.000000000000000000, 0.000000000000000000, 1.000000000000000000 ) ) ;
#10 = ORIENTED_EDGE ( 'NONE', *, *, #492, .F. ) ;
#11 = CARTESIAN_POINT ( 'NONE',  ( -75.00001844226908077, -2.030896326388491602, -5.446437262548112557 ) ) ;
#12 = CARTESIAN_POINT ( 'NONE',  ( -1.844226907666413531E-05, -7.781245532246345853, -7.575006786472071596 ) ) ;
#13 = AXIS2_PLACEMENT_3D ( 'NONE', #1192, #714, #860 ) ;
#14 = AXIS2_PLACEMENT_3D ( 'NONE', #36, #866, #232 ) ;
#15 = CARTESIAN_POINT ( 'NONE',  ( -1.844226907759180580E-05, 6.468754467753655923, -6.786472071533400538E-06 ) ) ;
#16 = FILL_AREA_STYLE_COLOUR ( '', #1973 ) ;
#17 = EDGE_CURVE ( 'NONE', #340, #751, #2094, .T. ) ;
#18 = EDGE_LOOP ( 'NONE', ( #95, #2091 ) ) ;
#19 = EDGE_CURVE ( 'NONE', #234, #8, #1163, .T. ) ;
#20 = CIRCLE ( 'NONE', #1895, 0.2999999999999999334 ) ;
#21 = EDGE_LOOP ( 'NONE', ( #338, #10 ) ) ;
#22 = VECTOR ( 'NONE', #1348, 1000.000000000000000 ) ;
#23 = CARTESIAN_POINT ( 'NONE',  ( -68.99785953071808819, -1.785502370645838388, -3.492982609211139344 ) ) ;
#24 = CIRCLE ( 'NONE', #1150, 1.050000000000440581 ) ;
#25 = FACE_OUTER_BOUND ( 'NONE', #1081, .T. ) ;
#26 = EDGE_CURVE ( 'NONE', #850, #556, #1777, .T. ) ;
#27 = FACE_OUTER_BOUND ( 'NONE', #1905, .T. ) ;
#28 = DIRECTION ( 'NONE',  ( -0.000000000000000000, 1.000000000000000000, -0.000000000000000000 ) ) ;
#29 = ORIENTED_EDGE ( 'NONE', *, *, #1647, .T. ) ;
#30 = EDGE_CURVE ( 'NONE', #484, #649, #1984, .T. ) ;
#31 = EDGE_LOOP ( 'NONE', ( #907, #811, #284, #1031 ) ) ;
#32 = CARTESIAN_POINT ( 'NONE',  ( 6.486934770003301765, -4.718009623540916131, 1.089712355560773727 ) ) ;
#33 = CARTESIAN_POINT ( 'NONE',  ( -6.543501152495615258, -5.321545878848821687, -3.478731179065048806 ) ) ;
#34 = AXIS2_PLACEMENT_3D ( 'NONE', #1195, #1849, #391 ) ;
#35 = AXIS2_PLACEMENT_3D ( 'NONE', #339, #1472, #971 ) ;
#36 = CARTESIAN_POINT ( 'NONE',  ( -1.844226907759180580E-05, 6.918754467753656101, 2.549993213527929292 ) ) ;
#37 = AXIS2_PLACEMENT_3D ( 'NONE', #576, #213, #247 ) ;
#38 = CARTESIAN_POINT ( 'NONE',  ( 4.026999685328824796, 6.918754467753656101, -3.375006786472659837 ) ) ;
#39 = DIRECTION ( 'NONE',  ( -1.000000000000000000, 0.000000000000000000, 0.000000000000000000 ) ) ;
#40 = CIRCLE ( 'NONE', #1820, 7.575000000000000178 ) ;
#41 = DIRECTION ( 'NONE',  ( 0.000000000000000000, 0.000000000000000000, 1.000000000000000000 ) ) ;
#42 = ORIENTED_EDGE ( 'NONE', *, *, #1380, .F. ) ;
#43 = CARTESIAN_POINT ( 'NONE',  ( 22.90580166770228843, -1.698388520828670867, -1.609364493008075936 ) ) ;
#44 = EDGE_CURVE ( 'NONE', #201, #1680, #1469, .T. ) ;
#45 = CARTESIAN_POINT ( 'NONE',  ( -22.89601733516600390, 1.348910450497945002, 4.536026834597662649 ) ) ;
#46 = DIRECTION ( 'NONE',  ( 0.000000000000000000, 1.000000000000000000, 0.000000000000000000 ) ) ;
#47 = ADVANCED_FACE ( 'NONE', ( #1658 ), #1101, .T. ) ;
#48 = CARTESIAN_POINT ( 'NONE',  ( -7.451192263084384315, -1.861727422567846402, 1.442078580422079259 ) ) ;
#49 = DIRECTION ( 'NONE',  ( 0.000000000000000000, 0.000000000000000000, 1.000000000000000000 ) ) ;
#50 = FACE_OUTER_BOUND ( 'NONE', #31, .T. ) ;
#51 = CARTESIAN_POINT ( 'NONE',  ( 4.026999685329354151, 6.918754467753656101, 1.274993213526826041 ) ) ;
#52 = ORIENTED_EDGE ( 'NONE', *, *, #1238, .T. ) ;
#53 = CARTESIAN_POINT ( 'NONE',  ( -1.844226907759180580E-05, -7.031245532246346741, -6.786472071533400538E-06 ) ) ;
#54 = CARTESIAN_POINT ( 'NONE',  ( -23.04037641816911020, -6.959112674691369627, -4.607350003630461543 ) ) ;
#55 = CARTESIAN_POINT ( 'NONE',  ( 38.35417997723212125, 5.629621926498203699, -9.219840852707257284 ) ) ;
#56 = AXIS2_PLACEMENT_3D ( 'NONE', #950, #777, #148 ) ;
#57 = EDGE_CURVE ( 'NONE', #1165, #333, #1369, .T. ) ;
#58 = CARTESIAN_POINT ( 'NONE',  ( -1.844226907759180580E-05, -7.031245532246346741, 6.824993213527928759 ) ) ;
#59 = LINE ( 'NONE', #1845, #1628 ) ;
#60 = DIRECTION ( 'NONE',  ( 0.000000000000000000, 0.000000000000000000, 1.000000000000000000 ) ) ;
#61 = ADVANCED_BREP_SHAPE_REPRESENTATION ( 'PROP2', ( #1856, #712 ), #115 ) ;
#62 = DIRECTION ( 'NONE',  ( 0.000000000000000000, 0.000000000000000000, 1.000000000000000000 ) ) ;
#63 = EDGE_LOOP ( 'NONE', ( #164, #1579 ) ) ;
#64 = DIRECTION ( 'NONE',  ( 0.000000000000000000, 0.000000000000000000, 1.000000000000000000 ) ) ;
#65 = EDGE_CURVE ( 'NONE', #1833, #1664, #388, .T. ) ;
#66 = CARTESIAN_POINT ( 'NONE',  ( 6.403644967525570664, 4.436120530372083870, -4.046452131964342058 ) ) ;
#67 = CARTESIAN_POINT ( 'NONE',  ( 74.99998155773093345, 0.02977463131896592591, 0.1942692170811131658 ) ) ;
#68 = CARTESIAN_POINT ( 'NONE',  ( -7.522638585651439946, -2.307429891217814610, 0.9961136995491441937 ) ) ;
#69 = AXIS2_PLACEMENT_3D ( 'NONE', #1610, #370, #1841 ) ;
#70 = AXIS2_PLACEMENT_3D ( 'NONE', #671, #350, #1784 ) ;
#71 = CARTESIAN_POINT ( 'NONE',  ( -1.844226907759180580E-05, -7.031245532246346741, -6.786472071533400538E-06 ) ) ;
#72 = PRESENTATION_LAYER_ASSIGNMENT (  '', '', ( #782 ) ) ;
#73 = DIRECTION ( 'NONE',  ( 0.000000000000000000, 1.000000000000000000, 0.000000000000000000 ) ) ;
#74 = ORIENTED_EDGE ( 'NONE', *, *, #1364, .F. ) ;
#75 = LINE ( 'NONE', #1355, #2006 ) ;
#76 = CARTESIAN_POINT ( 'NONE',  ( -75.00001844226910919, 0.1711137104262606679, 2.510245931122772056 ) ) ;
#77 = CARTESIAN_POINT ( 'NONE',  ( 22.91543571388907097, -1.688459976745888325, 3.553529378305615882 ) ) ;
#78 = CARTESIAN_POINT ( 'NONE',  ( -1.844226907759180580E-05, -7.781245532246345853, -6.786472071533400538E-06 ) ) ;
#79 = CARTESIAN_POINT ( 'NONE',  ( -5.824964986288375002, 1.493601591828791264, 4.842617257980676548 ) ) ;
#80 = FACE_OUTER_BOUND ( 'NONE', #1724, .T. ) ;
#81 = CARTESIAN_POINT ( 'NONE',  ( 4.026999685328824796, 7.218754467753654147, -2.325006786472529452 ) ) ;
#82 = EDGE_CURVE ( 'NONE', #1716, #1519, #1602, .T. ) ;
#83 = CARTESIAN_POINT ( 'NONE',  ( -1.844226802192074552E-05, 6.918754467753656101, 3.899993213526887992 ) ) ;
#84 = ORIENTED_EDGE ( 'NONE', *, *, #82, .T. ) ;
#85 = ORIENTED_EDGE ( 'NONE', *, *, #467, .T. ) ;
#86 = DIRECTION ( 'NONE',  ( 0.000000000000000000, 0.000000000000000000, 1.000000000000000000 ) ) ;
#87 = CARTESIAN_POINT ( 'NONE',  ( 5.860030713538165514, 2.583245066846432625, -4.800309159880908894 ) ) ;
#88 = CARTESIAN_POINT ( 'NONE',  ( 38.37649082535477163, -5.815913168690200585, 10.11176911350945495 ) ) ;
#89 = CARTESIAN_POINT ( 'NONE',  ( -75.00001844226908077, 0.5960418292567296605, 1.515460558806509317 ) ) ;
#90 = CARTESIAN_POINT ( 'NONE',  ( 38.36734428436307809, -6.109781686981658133, 10.30319178958504267 ) ) ;
#91 = EDGE_CURVE ( 'NONE', #1183, #1650, #759, .T. ) ;
#92 = CARTESIAN_POINT ( 'NONE',  ( -1.844226907759180580E-05, -7.781245532246345853, -4.650006786472071774 ) ) ;
#93 = CARTESIAN_POINT ( 'NONE',  ( 7.586072320479221531, 3.337270950469956254, 0.009535176368438629674 ) ) ;
#94 = DIRECTION ( 'NONE',  ( 0.000000000000000000, 0.000000000000000000, -1.000000000000000000 ) ) ;
#95 = ORIENTED_EDGE ( 'NONE', *, *, #1064, .T. ) ;
#96 = EDGE_LOOP ( 'NONE', ( #868, #321, #194, #716 ) ) ;
#97 = CARTESIAN_POINT ( 'NONE',  ( -4.027036569865924953, 7.218754467753655035, 1.274993213527453761 ) ) ;
#98 = EDGE_CURVE ( 'NONE', #615, #838, #215, .T. ) ;
#99 = CARTESIAN_POINT ( 'NONE',  ( -22.98703820427459021, 7.091307974387635049, 8.638300197378599776 ) ) ;
#100 = CARTESIAN_POINT ( 'NONE',  ( 23.04094885576722262, -9.740311473834358580, 9.148174289354951583 ) ) ;
#101 = EDGE_CURVE ( 'NONE', #897, #1388, #1571, .T. ) ;
#102 = CARTESIAN_POINT ( 'NONE',  ( 11.89372541670237382, -7.469284126831762016, 3.321662052770419038 ) ) ;
#103 = CARTESIAN_POINT ( 'NONE',  ( 56.67312276797930082, -4.719704910565747369, 10.84833813495666988 ) ) ;
#104 = CARTESIAN_POINT ( 'NONE',  ( 6.656769175723915133, 4.830001611433442754, -3.617309937253360363 ) ) ;
#105 = AXIS2_PLACEMENT_3D ( 'NONE', #1717, #909, #1555 ) ;
#106 = DIRECTION ( 'NONE',  ( 0.000000000000000000, 0.000000000000000000, 1.000000000000000000 ) ) ;
#107 = ORIENTED_EDGE ( 'NONE', *, *, #741, .F. ) ;
#108 = EDGE_LOOP ( 'NONE', ( #1773, #1194, #1770, #1885 ) ) ;
#109 = AXIS2_PLACEMENT_3D ( 'NONE', #1333, #1305, #216 ) ;
#110 = CARTESIAN_POINT ( 'NONE',  ( -1.844226907759180580E-05, -9.748194264373537976, -6.786472071533400538E-06 ) ) ;
#111 = CIRCLE ( 'NONE', #2086, 2.250000000000000444 ) ;
#112 = CARTESIAN_POINT ( 'NONE',  ( -6.149807266455071364, 1.358043228103857691, 4.123320593121241551 ) ) ;
#113 = CARTESIAN_POINT ( 'NONE',  ( -38.36230467687185097, 4.539649710076855804, 6.694463147701259942 ) ) ;
#114 = EDGE_CURVE ( 'NONE', #500, #2033, #1296, .T. ) ;
#115 =( GEOMETRIC_REPRESENTATION_CONTEXT ( 3 ) GLOBAL_UNCERTAINTY_ASSIGNED_CONTEXT ( ( #1129 ) ) GLOBAL_UNIT_ASSIGNED_CONTEXT ( ( #1178, #377, #867 ) ) REPRESENTATION_CONTEXT ( 'NONE', 'WORKASPACE' ) );
#116 = CARTESIAN_POINT ( 'NONE',  ( -11.06374119908566556, -7.300183665906483377, -2.887834128343948592 ) ) ;
#117 = ADVANCED_FACE ( 'NONE', ( #1565 ), #1399, .F. ) ;
#118 = CARTESIAN_POINT ( 'NONE',  ( 23.05780856050330385, -9.549205618590313804, 8.640306175532050048 ) ) ;
#119 = FACE_BOUND ( 'NONE', #433, .T. ) ;
#120 = CARTESIAN_POINT ( 'NONE',  ( -75.00001844226908077, -1.648808306204293972, -3.515338663654741236 ) ) ;
#121 = ORIENTED_EDGE ( 'NONE', *, *, #1134, .T. ) ;
#122 = ORIENTED_EDGE ( 'NONE', *, *, #165, .F. ) ;
#123 = CARTESIAN_POINT ( 'NONE',  ( 11.89190040050493558, 6.914913397569286246, -3.314058247705756521 ) ) ;
#124 = CARTESIAN_POINT ( 'NONE',  ( -69.03446263539414929, 1.204579706092018920, 3.018435022505260079 ) ) ;
#125 = CARTESIAN_POINT ( 'NONE',  ( 74.99998155773091923, 1.522989264779258223, -5.722308490961444782 ) ) ;
#126 = ADVANCED_FACE ( 'NONE', ( #1915, #589, #119, #1102, #1701, #1237, #758, #300 ), #260, .T. ) ;
#127 = DIRECTION ( 'NONE',  ( -0.000000000000000000, -1.000000000000000000, -0.000000000000000000 ) ) ;
#128 = AXIS2_PLACEMENT_3D ( 'NONE', #738, #534, #524 ) ;
#129 = DIRECTION ( 'NONE',  ( 0.000000000000000000, 0.000000000000000000, 1.000000000000000000 ) ) ;
#130 = ORIENTED_EDGE ( 'NONE', *, *, #1238, .F. ) ;
#131 = ORIENTED_EDGE ( 'NONE', *, *, #624, .T. ) ;
#132 = CARTESIAN_POINT ( 'NONE',  ( -1.844226907759180580E-05, -7.481245532246346031, -6.786472071533400538E-06 ) ) ;
#133 = DIRECTION ( 'NONE',  ( 0.000000000000000000, 0.000000000000000000, 1.000000000000000000 ) ) ;
#134 = CARTESIAN_POINT ( 'NONE',  ( -7.574922360497998497, 3.102807805826364618, -0.2081823367497106225 ) ) ;
#135 = CARTESIAN_POINT ( 'NONE',  ( 4.499981557730922788, -5.258734783919586597, -3.641491498687157602 ) ) ;
#136 = DIRECTION ( 'NONE',  ( -1.000000000000000000, 0.000000000000000000, 0.000000000000000000 ) ) ;
#137 = DIRECTION ( 'NONE',  ( -1.000000000000000000, 0.000000000000000000, 0.000000000000000000 ) ) ;
#138 = ORIENTED_EDGE ( 'NONE', *, *, #225, .F. ) ;
#139 = AXIS2_PLACEMENT_3D ( 'NONE', #1788, #1807, #1653 ) ;
#140 = FACE_OUTER_BOUND ( 'NONE', #150, .T. ) ;
#141 = AXIS2_PLACEMENT_3D ( 'NONE', #51, #202, #837 ) ;
#142 = DIRECTION ( 'NONE',  ( 0.000000000000000000, 1.000000000000000000, 0.000000000000000000 ) ) ;
#143 = CIRCLE ( 'NONE', #650, 0.7500000000001303402 ) ;
#144 = CARTESIAN_POINT ( 'NONE',  ( -7.549907780320407547, 4.023184912096955834, 0.6607318732787595961 ) ) ;
#145 = CARTESIAN_POINT ( 'NONE',  ( 69.07121464848754044, 1.403344441959762934, -6.135593753309914966 ) ) ;
#146 = AXIS2_PLACEMENT_3D ( 'NONE', #728, #570, #1219 ) ;
#147 = B_SPLINE_CURVE_WITH_KNOTS ( 'NONE', 3,
 ( #1394, #257, #102, #1574, #2016, #551, #1685, #2039 ),
 .UNSPECIFIED., .F., .F.,
 ( 4, 1, 1, 1, 1, 4 ),
 ( 0.03328524976613292385, 0.1026095651418721250, 0.2519649376674040209, 0.4803077596817142414, 0.7484873134758729396, 1.000000000000000000 ),
 .UNSPECIFIED. ) ;
#148 = DIRECTION ( 'NONE',  ( 0.000000000000000000, 0.000000000000000000, 1.000000000000000000 ) ) ;
#149 = CARTESIAN_POINT ( 'NONE',  ( 74.99998155773091923, -2.085480329271947930, 5.722294918017301946 ) ) ;
#150 = EDGE_LOOP ( 'NONE', ( #1450, #1218, #294, #1785 ) ) ;
#151 = ADVANCED_FACE ( 'NONE', ( #1903 ), #924, .T. ) ;
#152 = LINE ( 'NONE', #792, #648 ) ;
#153 = EDGE_CURVE ( 'NONE', #1650, #1183, #1464, .T. ) ;
#154 = ORIENTED_EDGE ( 'NONE', *, *, #1660, .F. ) ;
#155 = ORIENTED_EDGE ( 'NONE', *, *, #1279, .F. ) ;
#156 = CIRCLE ( 'NONE', #1336, 0.7499999999999997780 ) ;
#157 = CARTESIAN_POINT ( 'NONE',  ( -7.327656726423399824, 4.933271862694758703, 1.925716753673929249 ) ) ;
#158 = CARTESIAN_POINT ( 'NONE',  ( 56.69614164779977017, -0.001642637479535869740, -3.262450850773359612 ) ) ;
#159 = LINE ( 'NONE', #1925, #1956 ) ;
#160 = EDGE_CURVE ( 'NONE', #737, #424, #815, .T. ) ;
#161 = FACE_OUTER_BOUND ( 'NONE', #1499, .T. ) ;
#162 = EDGE_LOOP ( 'NONE', ( #885, #1315, #659, #771 ) ) ;
#163 = FACE_OUTER_BOUND ( 'NONE', #673, .T. ) ;
#164 = ORIENTED_EDGE ( 'NONE', *, *, #244, .T. ) ;
#165 = EDGE_CURVE ( 'NONE', #8, #234, #1916, .T. ) ;
#166 = CARTESIAN_POINT ( 'NONE',  ( 4.026999685329354151, 6.918754467753656101, 1.574993213526826086 ) ) ;
#167 = DIRECTION ( 'NONE',  ( 0.000000000000000000, 0.000000000000000000, 1.000000000000000000 ) ) ;
#168 = CARTESIAN_POINT ( 'NONE',  ( -1.844226907666413531E-05, -7.031245532246346741, -7.575006786472071596 ) ) ;
#169 = SURFACE_STYLE_USAGE ( .BOTH. , #1009 ) ;
#170 = ORIENTED_EDGE ( 'NONE', *, *, #26, .F. ) ;
#171 = DIRECTION ( 'NONE',  ( 0.000000000000000000, 1.000000000000000000, 0.000000000000000000 ) ) ;
#172 = ORIENTED_EDGE ( 'NONE', *, *, #748, .F. ) ;
#173 = AXIS2_PLACEMENT_3D ( 'NONE', #785, #323, #2 ) ;
#174 = ORIENTED_EDGE ( 'NONE', *, *, #755, .T. ) ;
#175 = CIRCLE ( 'NONE', #141, 0.3000000000000000444 ) ;
#176 = CARTESIAN_POINT ( 'NONE',  ( -10.96258839880969305, -5.044642768418872159, -2.323818488392194848 ) ) ;
#177 = DIRECTION ( 'NONE',  ( 0.000000000000000000, 1.000000000000000000, 0.000000000000000000 ) ) ;
#178 = AXIS2_PLACEMENT_3D ( 'NONE', #191, #1781, #1985 ) ;
#179 = AXIS2_PLACEMENT_3D ( 'NONE', #1047, #2023, #86 ) ;
#180 = ADVANCED_FACE ( 'NONE', ( #1310 ), #1108, .T. ) ;
#181 = LINE ( 'NONE', #1790, #328 ) ;
#182 = FACE_BOUND ( 'NONE', #1114, .T. ) ;
#183 = ORIENTED_EDGE ( 'NONE', *, *, #1753, .T. ) ;
#184 = FACE_OUTER_BOUND ( 'NONE', #108, .T. ) ;
#185 = ORIENTED_EDGE ( 'NONE', *, *, #529, .T. ) ;
#186 = CARTESIAN_POINT ( 'NONE',  ( -75.00001844226908077, -1.859719082582954375, -4.690285651809037226 ) ) ;
#187 = FACE_OUTER_BOUND ( 'NONE', #217, .T. ) ;
#188 = AXIS2_PLACEMENT_3D ( 'NONE', #1023, #1846, #554 ) ;
#189 = CARTESIAN_POINT ( 'NONE',  ( -6.607748730312168917, 0.1965984094260787018, 3.712948778425821938 ) ) ;
#190 = EDGE_CURVE ( 'NONE', #1680, #1412, #181, .T. ) ;
#191 = CARTESIAN_POINT ( 'NONE',  ( -4.027036569866455196, 6.918754467753656101, -2.325006786471611075 ) ) ;
#192 = ORIENTED_EDGE ( 'NONE', *, *, #910, .T. ) ;
#193 = CARTESIAN_POINT ( 'NONE',  ( -1.844226907759180580E-05, 6.468754467753655923, 7.574993213527928759 ) ) ;
#194 = ORIENTED_EDGE ( 'NONE', *, *, #462, .F. ) ;
#195 = CARTESIAN_POINT ( 'NONE',  ( 74.99998155773093345, 0.7156372884768777975, -4.109134704705557084 ) ) ;
#196 = CIRCLE ( 'NONE', #1076, 0.7500000000010406120 ) ;
#197 = CARTESIAN_POINT ( 'NONE',  ( -23.05784544504145472, -9.549205618590313804, -8.640319748476192885 ) ) ;
#198 = DIRECTION ( 'NONE',  ( 0.000000000000000000, 0.000000000000000000, 1.000000000000000000 ) ) ;
#199 = DIRECTION ( 'NONE',  ( 0.000000000000000000, 0.000000000000000000, 1.000000000000000000 ) ) ;
#200 = CARTESIAN_POINT ( 'NONE',  ( -1.844226907675598079E-05, 6.468754467753655923, -6.825006786472072484 ) ) ;
#201 = VERTEX_POINT ( 'NONE', #168 ) ;
#202 = DIRECTION ( 'NONE',  ( 1.000000000000000000, -0.000000000000000000, 1.224646799147353207E-16 ) ) ;
#203 = ORIENTED_EDGE ( 'NONE', *, *, #1395, .T. ) ;
#204 = ORIENTED_EDGE ( 'NONE', *, *, #600, .T. ) ;
#205 = EDGE_CURVE ( 'NONE', #1716, #1976, #1268, .T. ) ;
#206 = CARTESIAN_POINT ( 'NONE',  ( 23.04033953363095932, -6.959112674691369627, 4.607336430686318707 ) ) ;
#207 = CARTESIAN_POINT ( 'NONE',  ( -4.500018442269082541, -6.349458726990977908, -0.9244145702253518948 ) ) ;
#208 = FACE_OUTER_BOUND ( 'NONE', #1516, .T. ) ;
#209 = AXIS2_PLACEMENT_3D ( 'NONE', #476, #315, #465 ) ;
#210 = AXIS2_PLACEMENT_3D ( 'NONE', #772, #1252, #1432 ) ;
#211 = CARTESIAN_POINT ( 'NONE',  ( -7.096991378695711283, -5.244469715053152292, -2.652979212912700113 ) ) ;
#212 = AXIS2_PLACEMENT_3D ( 'NONE', #2068, #1568, #1757 ) ;
#213 = DIRECTION ( 'NONE',  ( -0.000000000000000000, -1.000000000000000000, -0.000000000000000000 ) ) ;
#214 = ORIENTED_EDGE ( 'NONE', *, *, #544, .F. ) ;
#215 = CIRCLE ( 'NONE', #2054, 0.2999999999999999334 ) ;
#216 = DIRECTION ( 'NONE',  ( 0.000000000000000000, 0.000000000000000000, 1.000000000000000000 ) ) ;
#217 = EDGE_LOOP ( 'NONE', ( #718, #1725, #1143, #1378 ) ) ;
#218 = EDGE_LOOP ( 'NONE', ( #871, #533 ) ) ;
#219 = CARTESIAN_POINT ( 'NONE',  ( -4.027036569865924953, -7.781245532246345853, 3.374993213529320801 ) ) ;
#220 = CARTESIAN_POINT ( 'NONE',  ( 4.026999685329354151, 7.218754467753654147, 2.324993213527470903 ) ) ;
#221 = CARTESIAN_POINT ( 'NONE',  ( 6.109580409019240932, 0.7607154629232324439, 2.904122494842826807 ) ) ;
#222 = CARTESIAN_POINT ( 'NONE',  ( 4.026999685329354151, 6.918754467753656101, 2.324993213527470903 ) ) ;
#223 = AXIS2_PLACEMENT_3D ( 'NONE', #929, #420, #1914 ) ;
#224 = CARTESIAN_POINT ( 'NONE',  ( -1.844226907759180580E-05, -9.748194264373537976, -6.786472071533400538E-06 ) ) ;
#225 = EDGE_CURVE ( 'NONE', #933, #663, #159, .T. ) ;
#226 = DIRECTION ( 'NONE',  ( 0.000000000000000000, 0.000000000000000000, -1.000000000000000000 ) ) ;
#227 = ORIENTED_EDGE ( 'NONE', *, *, #518, .T. ) ;
#228 = FACE_OUTER_BOUND ( 'NONE', #1094, .T. ) ;
#229 = CARTESIAN_POINT ( 'NONE',  ( -23.04015691250652509, 9.173014508045252313, 9.151379584119105459 ) ) ;
#230 = CIRCLE ( 'NONE', #1477, 7.575000000000000178 ) ;
#231 = CARTESIAN_POINT ( 'NONE',  ( 38.39810700677153932, 0.6219254252860120236, 0.2591939412418804989 ) ) ;
#232 = DIRECTION ( 'NONE',  ( 0.000000000000000000, 0.000000000000000000, 1.000000000000000000 ) ) ;
#233 = CARTESIAN_POINT ( 'NONE',  ( -4.027036569865924953, -7.781245532246345853, 1.274993213527453761 ) ) ;
#234 = VERTEX_POINT ( 'NONE', #2089 ) ;
#235 = CARTESIAN_POINT ( 'NONE',  ( 4.026999685329354151, 6.918754467753656101, 2.324993213527470903 ) ) ;
#236 = ORIENTED_EDGE ( 'NONE', *, *, #26, .T. ) ;
#237 = ORIENTED_EDGE ( 'NONE', *, *, #1835, .F. ) ;
#238 = CARTESIAN_POINT ( 'NONE',  ( -1.844226907759180580E-05, -7.031245532246346741, -6.786472071533400538E-06 ) ) ;
#239 = CARTESIAN_POINT ( 'NONE',  ( 5.921972412974542799, 1.184640211003052501, -4.724045508225714229 ) ) ;
#240 = CARTESIAN_POINT ( 'NONE',  ( 23.04953178396447910, 6.848571360574760014, -4.840221571006744661 ) ) ;
#241 = CARTESIAN_POINT ( 'NONE',  ( -4.027036569866455196, 6.918754467753656101, -3.075006786472051612 ) ) ;
#242 = CARTESIAN_POINT ( 'NONE',  ( -1.844226907759180580E-05, 6.918754467753656101, -4.650006786472071774 ) ) ;
#243 = AXIS2_PLACEMENT_3D ( 'NONE', #1643, #46, #198 ) ;
#244 = EDGE_CURVE ( 'NONE', #761, #2108, #937, .T. ) ;
#245 = TOROIDAL_SURFACE ( 'NONE', #710, 1.050000000000440581, 0.3000000000000000444 ) ;
#246 = AXIS2_PLACEMENT_3D ( 'NONE', #1534, #1345, #1840 ) ;
#247 = DIRECTION ( 'NONE',  ( 0.000000000000000000, 0.000000000000000000, 1.000000000000000000 ) ) ;
#248 = CARTESIAN_POINT ( 'NONE',  ( 4.026999685328824796, 7.218754467753655035, -1.275006786472399289 ) ) ;
#249 = CIRCLE ( 'NONE', #178, 0.7500000000004406475 ) ;
#250 = FACE_OUTER_BOUND ( 'NONE', #1302, .T. ) ;
#251 = EDGE_LOOP ( 'NONE', ( #1919, #192 ) ) ;
#252 = ORIENTED_EDGE ( 'NONE', *, *, #641, .F. ) ;
#253 = B_SPLINE_CURVE_WITH_KNOTS ( 'NONE', 3,
 ( #803, #975, #1982, #997 ),
 .UNSPECIFIED., .F., .F.,
 ( 4, 4 ),
 ( 0.000000000000000000, 1.000000000000000000 ),
 .UNSPECIFIED. ) ;
#254 = CARTESIAN_POINT ( 'NONE',  ( 6.416318019271717077, 0.4613486877612809067, -4.028420262807902219 ) ) ;
#255 = CARTESIAN_POINT ( 'NONE',  ( 56.71048992724892202, -0.4900125438606700023, 1.683023309630042874 ) ) ;
#256 = EDGE_CURVE ( 'NONE', #1010, #1412, #230, .T. ) ;
#257 = CARTESIAN_POINT ( 'NONE',  ( 7.731049193121759977, -5.744638875531936861, 3.625830177347906691 ) ) ;
#258 = CARTESIAN_POINT ( 'NONE',  ( -5.785118220496375585, 1.968860600043894182, 4.890116941852313381 ) ) ;
#259 = ADVANCED_FACE ( 'NONE', ( #468 ), #823, .T. ) ;
#260 = PLANE ( 'NONE',  #654 ) ;
#261 = VERTEX_POINT ( 'NONE', #1149 ) ;
#262 = EDGE_LOOP ( 'NONE', ( #781, #1230, #1918, #869 ) ) ;
#263 = CARTESIAN_POINT ( 'NONE',  ( 4.026999685329354151, -7.781245532246345853, 3.374993213528115987 ) ) ;
#264 = CARTESIAN_POINT ( 'NONE',  ( 5.989904224123020704, 1.061260930195914831, -4.638440812765673549 ) ) ;
#265 = CARTESIAN_POINT ( 'NONE',  ( 22.98719225089611484, 4.402700483603080528, -2.052975733900652688 ) ) ;
#266 = CARTESIAN_POINT ( 'NONE',  ( -68.98461055234699302, -0.4975244758522522903, -1.736558914070360782 ) ) ;
#267 = CARTESIAN_POINT ( 'NONE',  ( 4.499981557730921011, -5.576762389805592690, 3.142352971076681545 ) ) ;
#268 = CARTESIAN_POINT ( 'NONE',  ( 6.130803578208780635, -3.529411333541621953, 4.449015556449077202 ) ) ;
#269 = DIRECTION ( 'NONE',  ( 1.000000000000000000, 0.000000000000000000, 0.000000000000000000 ) ) ;
#270 = ORIENTED_EDGE ( 'NONE', *, *, #481, .T. ) ;
#271 = EDGE_LOOP ( 'NONE', ( #1295, #1171 ) ) ;
#272 = CARTESIAN_POINT ( 'NONE',  ( 4.026999685328824796, 6.918754467753656101, -3.075006786472660014 ) ) ;
#273 = ADVANCED_FACE ( 'NONE', ( #655 ), #458, .T. ) ;
#274 = CARTESIAN_POINT ( 'NONE',  ( -75.00001844226908077, 1.189236237348545888, 5.280627984474867809 ) ) ;
#275 = CARTESIAN_POINT ( 'NONE',  ( -23.05278925734483053, 9.105326525036742780, 8.622677394626931502 ) ) ;
#276 = CARTESIAN_POINT ( 'NONE',  ( -11.13518819380144897, -6.670508495695633755, -2.009032449151118449 ) ) ;
#277 = CARTESIAN_POINT ( 'NONE',  ( -5.843329150198854904, 1.417630991470379298, 4.820540704123423836 ) ) ;
#278 = AXIS2_PLACEMENT_3D ( 'NONE', #936, #585, #133 ) ;
#279 = CARTESIAN_POINT ( 'NONE',  ( 4.026999685329354151, 6.918754467753656101, 3.374993213528115987 ) ) ;
#280 = AXIS2_PLACEMENT_3D ( 'NONE', #683, #1632, #818 ) ;
#281 = TOROIDAL_SURFACE ( 'NONE', #809, 1.050000000000933520, 0.3000000000000000444 ) ;
#282 = CARTESIAN_POINT ( 'NONE',  ( -7.731086077659916178, -5.744638875531936861, -3.625843750292049972 ) ) ;
#283 = VERTEX_POINT ( 'NONE', #1120 ) ;
#284 = ORIENTED_EDGE ( 'NONE', *, *, #318, .T. ) ;
#285 = AXIS2_PLACEMENT_3D ( 'NONE', #1376, #2031, #567 ) ;
#286 = CARTESIAN_POINT ( 'NONE',  ( 6.915362083797661263, -5.323165451848227647, 3.095752938738029592 ) ) ;
#287 = CARTESIAN_POINT ( 'NONE',  ( -69.06999873723476924, 1.854002119012775784, 5.104756304823987456 ) ) ;
#288 = EDGE_CURVE ( 'NONE', #556, #1664, #330, .T. ) ;
#289 = CARTESIAN_POINT ( 'NONE',  ( -4.500018442269078101, -2.541966647901071852, -5.786527957001083244 ) ) ;
#290 = CARTESIAN_POINT ( 'NONE',  ( -5.835484053989867803, 2.442614527199735264, 4.829990278792348768 ) ) ;
#291 = DIRECTION ( 'NONE',  ( 0.000000000000000000, 0.000000000000000000, 1.000000000000000000 ) ) ;
#292 = CARTESIAN_POINT ( 'NONE',  ( 4.026999685328824796, -7.481245532246346031, -3.075006786472660014 ) ) ;
#293 = ORIENTED_EDGE ( 'NONE', *, *, #30, .F. ) ;
#294 = ORIENTED_EDGE ( 'NONE', *, *, #1364, .T. ) ;
#295 = AXIS2_PLACEMENT_3D ( 'NONE', #366, #1810, #1648 ) ;
#296 = CARTESIAN_POINT ( 'NONE',  ( 6.412571672820837065, -5.019603808553276814, 4.032277059669017838 ) ) ;
#297 = DIRECTION ( 'NONE',  ( 0.000000000000000000, 0.000000000000000000, 1.000000000000000000 ) ) ;
#298 = CARTESIAN_POINT ( 'NONE',  ( -7.199376199020431244, 5.082926851502586274, 2.361041708433135877 ) ) ;
#299 = CARTESIAN_POINT ( 'NONE',  ( 74.99998155773091923, -1.459750893307912190, 3.116249835962815240 ) ) ;
#300 = FACE_OUTER_BOUND ( 'NONE', #1978, .T. ) ;
#301 = VECTOR ( 'NONE', #998, 1000.000000000000000 ) ;
#302 = DIRECTION ( 'NONE',  ( -1.000000000000000000, 0.000000000000000000, 0.000000000000000000 ) ) ;
#303 = ORIENTED_EDGE ( 'NONE', *, *, #91, .F. ) ;
#304 = CARTESIAN_POINT ( 'NONE',  ( 38.36765650262492500, 5.549100998723276668, -10.30199793251613727 ) ) ;
#305 = CARTESIAN_POINT ( 'NONE',  ( -75.00001844226908077, 1.512915533583130578, 5.391900227125687728 ) ) ;
#306 = CARTESIAN_POINT ( 'NONE',  ( -6.914440959959557098, 5.073339936028424368, 3.097756096377357604 ) ) ;
#307 = CARTESIAN_POINT ( 'NONE',  ( 69.01132391133164390, -0.1570368543695196406, -1.755897028529914028 ) ) ;
#308 = DIRECTION ( 'NONE',  ( 1.000000000000000000, -0.000000000000000000, 1.224646799147353207E-16 ) ) ;
#309 = CARTESIAN_POINT ( 'NONE',  ( -75.00001844226908077, -2.085480329271947930, -5.722308490961444782 ) ) ;
#310 = EDGE_LOOP ( 'NONE', ( #635, #1617, #604, #1947 ) ) ;
#311 = CIRCLE ( 'NONE', #1726, 0.3000000000000000444 ) ;
#312 = CARTESIAN_POINT ( 'NONE',  ( 4.026999685328824796, -7.781245532246345853, -1.275006786472399289 ) ) ;
#313 = CIRCLE ( 'NONE', #842, 0.7500000000006451506 ) ;
#314 = CARTESIAN_POINT ( 'NONE',  ( -4.027036569865924953, -7.481245532246346031, 2.324993213528387059 ) ) ;
#315 = DIRECTION ( 'NONE',  ( 0.000000000000000000, 1.000000000000000000, 0.000000000000000000 ) ) ;
#316 = CARTESIAN_POINT ( 'NONE',  ( 74.99998155773091923, 1.429135523444267530, -5.661112137315370774 ) ) ;
#317 = CARTESIAN_POINT ( 'NONE',  ( -1.844226907759180580E-05, -7.481245532246346031, -3.600006786472071507 ) ) ;
#318 = EDGE_CURVE ( 'NONE', #261, #1824, #1789, .T. ) ;
#319 = CARTESIAN_POINT ( 'NONE',  ( -11.89376230124052825, -7.469284126831762016, -3.321675625714562319 ) ) ;
#320 = ORIENTED_EDGE ( 'NONE', *, *, #1027, .F. ) ;
#321 = ORIENTED_EDGE ( 'NONE', *, *, #1408, .T. ) ;
#322 = ORIENTED_EDGE ( 'NONE', *, *, #394, .T. ) ;
#323 = DIRECTION ( 'NONE',  ( -0.000000000000000000, -1.000000000000000000, -0.000000000000000000 ) ) ;
#324 = DIRECTION ( 'NONE',  ( -0.000000000000000000, 1.000000000000000000, -0.000000000000000000 ) ) ;
#325 = CARTESIAN_POINT ( 'NONE',  ( -38.36769338716308653, 5.549100998723276668, 10.30198435957199443 ) ) ;
#326 = FACE_BOUND ( 'NONE', #972, .T. ) ;
#327 = VERTEX_POINT ( 'NONE', #1798 ) ;
#328 = VECTOR ( 'NONE', #623, 1000.000000000000000 ) ;
#329 = CARTESIAN_POINT ( 'NONE',  ( 4.026999685328824796, -7.781245532246345853, -2.325006786472529452 ) ) ;
#330 = CIRCLE ( 'NONE', #430, 0.2999999999999999334 ) ;
#331 = ORIENTED_EDGE ( 'NONE', *, *, #256, .F. ) ;
#332 = EDGE_CURVE ( 'NONE', #839, #684, #1631, .T. ) ;
#333 = VERTEX_POINT ( 'NONE', #1951 ) ;
#334 = CARTESIAN_POINT ( 'NONE',  ( -6.125271919757565797, -2.893790287953196483, -4.456770862906322073 ) ) ;
#335 = DIRECTION ( 'NONE',  ( 0.000000000000000000, 1.000000000000000000, 0.000000000000000000 ) ) ;
#336 = CARTESIAN_POINT ( 'NONE',  ( -7.724491183754015999, 5.171383409834110267, 3.631973182177134607 ) ) ;
#337 = CARTESIAN_POINT ( 'NONE',  ( 74.99998155773091923, -2.085480329271947930, 5.722294918017301946 ) ) ;
#338 = ORIENTED_EDGE ( 'NONE', *, *, #1134, .F. ) ;
#339 = CARTESIAN_POINT ( 'NONE',  ( 4.026999685328824796, -7.481245532246346031, -2.325006786472529452 ) ) ;
#340 = VERTEX_POINT ( 'NONE', #488 ) ;
#341 = CIRCLE ( 'NONE', #611, 1.050000000001040545 ) ;
#342 = TOROIDAL_SURFACE ( 'NONE', #1799, 6.825000000000000178, 0.7500000000000000000 ) ;
#343 = CARTESIAN_POINT ( 'NONE',  ( -4.500018442269078101, -3.839031690955790665, -4.831379018964151228 ) ) ;
#344 = EDGE_CURVE ( 'NONE', #1664, #1833, #196, .T. ) ;
#345 = CARTESIAN_POINT ( 'NONE',  ( 6.412571672820837065, -5.019603808553276814, 4.032277059669017838 ) ) ;
#346 = AXIS2_PLACEMENT_3D ( 'NONE', #884, #906, #725 ) ;
#347 = CARTESIAN_POINT ( 'NONE',  ( -1.844226802201259777E-05, 6.918754467753656101, 4.649993213527928937 ) ) ;
#348 = DIRECTION ( 'NONE',  ( 1.000000000000000000, -0.000000000000000000, 1.224646799147353207E-16 ) ) ;
#349 = ORIENTED_EDGE ( 'NONE', *, *, #836, .T. ) ;
#350 = DIRECTION ( 'NONE',  ( 0.000000000000000000, 1.000000000000000000, 0.000000000000000000 ) ) ;
#351 = ORIENTED_EDGE ( 'NONE', *, *, #1367, .T. ) ;
#352 = CARTESIAN_POINT ( 'NONE',  ( 56.67303378922666468, 4.156697908862499347, -10.84869581210471878 ) ) ;
#353 = CARTESIAN_POINT ( 'NONE',  ( -4.500018442269078989, -5.258734783919586597, 3.641477925743014321 ) ) ;
#354 = CARTESIAN_POINT ( 'NONE',  ( 4.026999685328824796, -7.481245532246346031, -1.275006786472399289 ) ) ;
#355 = AXIS2_PLACEMENT_3D ( 'NONE', #222, #833, #199 ) ;
#356 = CARTESIAN_POINT ( 'NONE',  ( -1.844226907759180580E-05, -9.748194264373537976, -3.900006786472071774 ) ) ;
#357 = ORIENTED_EDGE ( 'NONE', *, *, #65, .F. ) ;
#358 = CIRCLE ( 'NONE', #631, 0.2999999999999999334 ) ;
#359 = CARTESIAN_POINT ( 'NONE',  ( -1.844226907675598079E-05, -7.031245532246346741, -6.825006786472072484 ) ) ;
#360 = VERTEX_POINT ( 'NONE', #1177 ) ;
#361 = CARTESIAN_POINT ( 'NONE',  ( 4.499981557730921899, 2.578113493410824297, -5.339147826642054895 ) ) ;
#362 = CARTESIAN_POINT ( 'NONE',  ( -11.06809544994517402, -2.611648011327412533, -1.620519636450214795 ) ) ;
#363 = DIRECTION ( 'NONE',  ( -1.000000000000000000, 0.000000000000000000, 0.000000000000000000 ) ) ;
#364 = LINE ( 'NONE', #1486, #301 ) ;
#365 = DIRECTION ( 'NONE',  ( 0.000000000000000000, 0.000000000000000000, -1.000000000000000000 ) ) ;
#366 = CARTESIAN_POINT ( 'NONE',  ( -1.844226802201259777E-05, 7.218754467753654147, 4.649993213527928937 ) ) ;
#367 = CARTESIAN_POINT ( 'NONE',  ( -4.027036569866455196, -7.481245532246346031, -1.275006786471170495 ) ) ;
#368 = ORIENTED_EDGE ( 'NONE', *, *, #1179, .T. ) ;
#369 = CARTESIAN_POINT ( 'NONE',  ( 74.99998155773091923, 1.522989264779258223, -5.722308490961443894 ) ) ;
#370 = DIRECTION ( 'NONE',  ( 0.000000000000000000, 1.000000000000000000, 0.000000000000000000 ) ) ;
#371 = CIRCLE ( 'NONE', #1556, 0.7500000000010406120 ) ;
#372 = CARTESIAN_POINT ( 'NONE',  ( 38.40339130680477098, -1.632884562285526808, 3.901844539255137079 ) ) ;
#373 = AXIS2_PLACEMENT_3D ( 'NONE', #3, #1007, #487 ) ;
#374 = PRODUCT_RELATED_PRODUCT_CATEGORY ( 'part', '', ( #691 ) ) ;
#375 = CARTESIAN_POINT ( 'NONE',  ( -1.844226907759180580E-05, -7.781245532246345853, 2.549993213527929292 ) ) ;
#376 = AXIS2_PLACEMENT_3D ( 'NONE', #1080, #1927, #469 ) ;
#377 =( NAMED_UNIT ( * ) PLANE_ANGLE_UNIT ( ) SI_UNIT ( $, .RADIAN. ) );
#378 = DIRECTION ( 'NONE',  ( 0.000000000000000000, 1.000000000000000000, 0.000000000000000000 ) ) ;
#379 = AXIS2_PLACEMENT_3D ( 'NONE', #692, #1342, #1832 ) ;
#380 = EDGE_CURVE ( 'NONE', #8, #360, #1677, .T. ) ;
#381 = FACE_OUTER_BOUND ( 'NONE', #502, .T. ) ;
#382 = EDGE_CURVE ( 'NONE', #1791, #1570, #1644, .T. ) ;
#383 = ORIENTED_EDGE ( 'NONE', *, *, #987, .F. ) ;
#384 = ORIENTED_EDGE ( 'NONE', *, *, #57, .F. ) ;
#385 = CARTESIAN_POINT ( 'NONE',  ( 4.026999685329354151, 7.218754467753655035, 1.274993213526826041 ) ) ;
#386 = CARTESIAN_POINT ( 'NONE',  ( 38.36226779233368944, 4.539649710076855804, -6.694476720645403667 ) ) ;
#387 = CARTESIAN_POINT ( 'NONE',  ( -7.148804275691476917, -5.196121586939018044, -2.509538572440503046 ) ) ;
#388 = CIRCLE ( 'NONE', #1304, 0.7500000000010406120 ) ;
#389 = ORIENTED_EDGE ( 'NONE', *, *, #492, .T. ) ;
#390 = ORIENTED_EDGE ( 'NONE', *, *, #1121, .F. ) ;
#391 = DIRECTION ( 'NONE',  ( 0.000000000000000000, 0.000000000000000000, 1.000000000000000000 ) ) ;
#392 = CARTESIAN_POINT ( 'NONE',  ( 5.802317115511979928, 1.627951221519717828, -4.869707029609793736 ) ) ;
#393 = CARTESIAN_POINT ( 'NONE',  ( 4.499981557730921899, 3.897818470312785166, -4.379972068007001340 ) ) ;
#394 = EDGE_CURVE ( 'NONE', #1217, #1671, #364, .T. ) ;
#395 = CARTESIAN_POINT ( 'NONE',  ( -11.28483316996340946, -0.5451267586213783822, 1.171435094525026033 ) ) ;
#396 = LINE ( 'NONE', #356, #694 ) ;
#397 = PRODUCT_CONTEXT ( 'NONE', #1883, 'mechanical' ) ;
#398 = DIRECTION ( 'NONE',  ( 1.224668469571842902E-16, 0.000000000000000000, -1.000000000000000000 ) ) ;
#399 = EDGE_CURVE ( 'NONE', #261, #424, #396, .T. ) ;
#400 = DIRECTION ( 'NONE',  ( -0.000000000000000000, 1.000000000000000000, -0.000000000000000000 ) ) ;
#401 = ORIENTED_EDGE ( 'NONE', *, *, #1693, .F. ) ;
#402 = CARTESIAN_POINT ( 'NONE',  ( -4.027036569865924953, 6.918754467753656101, 2.324993213528387059 ) ) ;
#403 = CARTESIAN_POINT ( 'NONE',  ( 6.203093621892660892, 0.7453023440006896205, -4.349527453816139477 ) ) ;
#404 = CARTESIAN_POINT ( 'NONE',  ( 11.04677059241777037, 3.789361931267305028, -2.185080510473701221 ) ) ;
#405 = EDGE_CURVE ( 'NONE', #1145, #360, #1655, .T. ) ;
#406 = CARTESIAN_POINT ( 'NONE',  ( -38.39024752138043795, -4.399598261962859524, -8.196720466061764299 ) ) ;
#407 = CARTESIAN_POINT ( 'NONE',  ( -5.978943737976493367, 1.080555002107122853, 4.652556857819782898 ) ) ;
#408 = AXIS2_PLACEMENT_3D ( 'NONE', #354, #363, #831 ) ;
#409 = AXIS2_PLACEMENT_3D ( 'NONE', #579, #1870, #1847 ) ;
#410 = DIRECTION ( 'NONE',  ( 0.000000000000000000, 0.000000000000000000, 1.000000000000000000 ) ) ;
#411 = DIRECTION ( 'NONE',  ( 0.000000000000000000, 0.000000000000000000, 1.000000000000000000 ) ) ;
#412 = AXIS2_PLACEMENT_3D ( 'NONE', #2044, #73, #1352 ) ;
#413 = DIRECTION ( 'NONE',  ( -0.000000000000000000, -1.000000000000000000, -0.000000000000000000 ) ) ;
#414 = ORIENTED_EDGE ( 'NONE', *, *, #1783, .T. ) ;
#415 = ORIENTED_EDGE ( 'NONE', *, *, #153, .T. ) ;
#416 = DIRECTION ( 'NONE',  ( 0.000000000000000000, 1.000000000000000000, 0.000000000000000000 ) ) ;
#417 = FACE_OUTER_BOUND ( 'NONE', #1136, .T. ) ;
#418 = CARTESIAN_POINT ( 'NONE',  ( 56.67348500803677780, 4.076209126770222291, -9.856330540268707807 ) ) ;
#419 = CARTESIAN_POINT ( 'NONE',  ( -38.40342819134293251, -1.632884562285526808, -3.901858112199279471 ) ) ;
#420 = DIRECTION ( 'NONE',  ( -0.000000000000000000, -1.000000000000000000, -0.000000000000000000 ) ) ;
#421 = CARTESIAN_POINT ( 'NONE',  ( 4.026999685329354151, -7.481245532246346031, 2.324993213527470903 ) ) ;
#422 = DIRECTION ( 'NONE',  ( -1.000000000000000000, 0.000000000000000000, 0.000000000000000000 ) ) ;
#423 = DIRECTION ( 'NONE',  ( 0.000000000000000000, 0.000000000000000000, -1.000000000000000000 ) ) ;
#424 = VERTEX_POINT ( 'NONE', #668 ) ;
#425 = VERTEX_POINT ( 'NONE', #1668 ) ;
#426 = CARTESIAN_POINT ( 'NONE',  ( -11.10151660918594985, 6.715308418048448580, 2.772576937660297780 ) ) ;
#427 = CARTESIAN_POINT ( 'NONE',  ( -4.500018442269080765, 4.971270585484616866, 3.199516194746363507 ) ) ;
#428 = CARTESIAN_POINT ( 'NONE',  ( -22.91547259842722539, -1.688459976745888325, -3.553542951249759163 ) ) ;
#429 = CARTESIAN_POINT ( 'NONE',  ( -5.792886734647491487, 1.728731594209050204, 4.880906865473693124 ) ) ;
#430 = AXIS2_PLACEMENT_3D ( 'NONE', #1754, #308, #1766 ) ;
#431 = CARTESIAN_POINT ( 'NONE',  ( 7.453832059078631112, 4.623193963056823286, -1.377246856271634012 ) ) ;
#432 = EDGE_CURVE ( 'NONE', #547, #1072, #20, .T. ) ;
#433 = EDGE_LOOP ( 'NONE', ( #2069, #1640 ) ) ;
#434 = VERTEX_POINT ( 'NONE', #375 ) ;
#435 = DIRECTION ( 'NONE',  ( 0.000000000000000000, 1.000000000000000000, 0.000000000000000000 ) ) ;
#436 = CARTESIAN_POINT ( 'NONE',  ( -6.518722788159577064, 4.891352190144536927, 1.352131609466789230 ) ) ;
#437 = CARTESIAN_POINT ( 'NONE',  ( -23.04098574030537705, -9.740311473834358580, -9.148187862299096196 ) ) ;
#438 = CARTESIAN_POINT ( 'NONE',  ( 74.99998155773091923, -2.030896326388491602, 5.446423689603968832 ) ) ;
#439 = CARTESIAN_POINT ( 'NONE',  ( -1.844226907759180580E-05, -7.781245532246345853, -6.786472071533400538E-06 ) ) ;
#440 = TOROIDAL_SURFACE ( 'NONE', #1122, 1.050000000000000044, 0.3000000000000000444 ) ;
#441 = AXIS2_PLACEMENT_3D ( 'NONE', #242, #1054, #766 ) ;
#442 = CARTESIAN_POINT ( 'NONE',  ( -1.844226907759180580E-05, -7.781245532246345853, -3.600006786472071507 ) ) ;
#443 = VERTEX_POINT ( 'NONE', #2003 ) ;
#444 = ORIENTED_EDGE ( 'NONE', *, *, #1992, .F. ) ;
#445 = AXIS2_PLACEMENT_3D ( 'NONE', #1542, #269, #94 ) ;
#446 = CARTESIAN_POINT ( 'NONE',  ( 23.04012002796837066, 9.173014508045254090, -9.151393157063246520 ) ) ;
#447 = CARTESIAN_POINT ( 'NONE',  ( 4.499981557730921899, -3.839031690955789777, 4.831365446020007504 ) ) ;
#448 = CARTESIAN_POINT ( 'NONE',  ( -7.362330982651206668, 4.864402720266002511, 1.787732646231607880 ) ) ;
#449 = CARTESIAN_POINT ( 'NONE',  ( 38.41695326599374027, 2.958225285594843434, -4.465372973671350110 ) ) ;
#450 = CARTESIAN_POINT ( 'NONE',  ( 6.274117530934488762, -4.439705049524417468, 4.245480170258009167 ) ) ;
#451 = CARTESIAN_POINT ( 'NONE',  ( -1.844226907759180580E-05, -7.481245532246346031, -4.650006786472071774 ) ) ;
#452 = ORIENTED_EDGE ( 'NONE', *, *, #1595, .F. ) ;
#453 = CARTESIAN_POINT ( 'NONE',  ( 7.587750963971670259, -3.205196709415479184, -0.09392154268782798576 ) ) ;
#454 = CARTESIAN_POINT ( 'NONE',  ( -38.36320121203215194, 5.714447332864582840, 10.10867668911455297 ) ) ;
#455 = CARTESIAN_POINT ( 'NONE',  ( -1.844226802201259777E-05, -7.781245532246345853, 5.699993213528968816 ) ) ;
#456 = ADVANCED_FACE ( 'NONE', ( #27 ), #901, .T. ) ;
#457 = CARTESIAN_POINT ( 'NONE',  ( 4.499981557730913906, -1.237312670866900666, -6.063312547687342402 ) ) ;
#458 = TOROIDAL_SURFACE ( 'NONE', #1112, 1.050000000000130163, 0.3000000000000000444 ) ;
#459 = DIRECTION ( 'NONE',  ( 0.000000000000000000, 1.000000000000000000, 0.000000000000000000 ) ) ;
#460 = FACE_OUTER_BOUND ( 'NONE', #251, .T. ) ;
#461 = ORIENTED_EDGE ( 'NONE', *, *, #656, .F. ) ;
#462 = EDGE_CURVE ( 'NONE', #838, #1093, #1645, .T. ) ;
#463 = CARTESIAN_POINT ( 'NONE',  ( 7.450914388494241258, -1.861968081274576470, -1.441948710530653877 ) ) ;
#464 = CARTESIAN_POINT ( 'NONE',  ( -75.00001844226908077, 1.412948095881243038, 4.605403741384408889 ) ) ;
#465 = DIRECTION ( 'NONE',  ( 0.000000000000000000, 0.000000000000000000, 1.000000000000000000 ) ) ;
#466 = CARTESIAN_POINT ( 'NONE',  ( 11.10147972464779365, 6.715308418048448580, -2.772590510604440617 ) ) ;
#467 = EDGE_CURVE ( 'NONE', #1650, #1680, #156, .T. ) ;
#468 = FACE_OUTER_BOUND ( 'NONE', #2100, .T. ) ;
#469 = DIRECTION ( 'NONE',  ( 0.000000000000000000, 0.000000000000000000, 1.000000000000000000 ) ) ;
#470 = VERTEX_POINT ( 'NONE', #1190 ) ;
#471 = TOROIDAL_SURFACE ( 'NONE', #1423, 1.050000000000644862, 0.3000000000000000444 ) ;
#472 = DIRECTION ( 'NONE',  ( 0.000000000000000000, 0.000000000000000000, 1.000000000000000000 ) ) ;
#473 = TOROIDAL_SURFACE ( 'NONE', #1971, 1.050000000001040545, 0.3000000000000000444 ) ;
#474 = ORIENTED_EDGE ( 'NONE', *, *, #856, .F. ) ;
#475 = VERTEX_POINT ( 'NONE', #1972 ) ;
#476 = CARTESIAN_POINT ( 'NONE',  ( -1.844226907759180580E-05, 6.918754467753656101, -4.650006786472071774 ) ) ;
#477 = DIRECTION ( 'NONE',  ( 0.000000000000000000, 0.000000000000000000, 1.000000000000000000 ) ) ;
#478 = CIRCLE ( 'NONE', #1189, 0.7500000000004406475 ) ;
#479 = DIRECTION ( 'NONE',  ( -0.000000000000000000, -1.000000000000000000, -0.000000000000000000 ) ) ;
#480 = DIRECTION ( 'NONE',  ( -1.000000000000000000, 0.000000000000000000, 0.000000000000000000 ) ) ;
#481 = EDGE_CURVE ( 'NONE', #1173, #1570, #689, .T. ) ;
#482 = ORIENTED_EDGE ( 'NONE', *, *, #600, .F. ) ;
#483 = DIRECTION ( 'NONE',  ( 0.000000000000000000, 0.000000000000000000, 1.000000000000000000 ) ) ;
#484 = VERTEX_POINT ( 'NONE', #1676 ) ;
#485 = ORIENTED_EDGE ( 'NONE', *, *, #1819, .T. ) ;
#486 = CARTESIAN_POINT ( 'NONE',  ( -6.188180675301519607, -2.434697820503779919, -4.369431733025975539 ) ) ;
#487 = DIRECTION ( 'NONE',  ( 0.000000000000000000, 0.000000000000000000, 1.000000000000000000 ) ) ;
#488 = CARTESIAN_POINT ( 'NONE',  ( -4.027036569865924953, 7.218754467753655035, 3.374993213529320801 ) ) ;
#489 = VECTOR ( 'NONE', #858, 1000.000000000000000 ) ;
#490 = FACE_BOUND ( 'NONE', #63, .T. ) ;
#491 = ORIENTED_EDGE ( 'NONE', *, *, #1514, .T. ) ;
#492 = EDGE_CURVE ( 'NONE', #1307, #684, #1079, .T. ) ;
#493 = DIRECTION ( 'NONE',  ( 0.000000000000000000, 1.000000000000000000, 0.000000000000000000 ) ) ;
#494 = EDGE_LOOP ( 'NONE', ( #452, #1988, #1059, #1944 ) ) ;
#495 = ORIENTED_EDGE ( 'NONE', *, *, #2078, .T. ) ;
#496 = CARTESIAN_POINT ( 'NONE',  ( -56.68489631767645420, -4.490941550357447021, -9.876316364471572129 ) ) ;
#497 = DIRECTION ( 'NONE',  ( 1.000000000000000000, -0.000000000000000000, 1.224646799147353207E-16 ) ) ;
#498 = DIRECTION ( 'NONE',  ( 0.000000000000000000, 0.000000000000000000, 1.000000000000000000 ) ) ;
#499 = DIRECTION ( 'NONE',  ( 0.000000000000000000, 1.000000000000000000, 0.000000000000000000 ) ) ;
#500 = VERTEX_POINT ( 'NONE', #1564 ) ;
#501 = DIRECTION ( 'NONE',  ( -0.000000000000000000, -1.000000000000000000, -0.000000000000000000 ) ) ;
#502 = EDGE_LOOP ( 'NONE', ( #696, #2059, #357, #237 ) ) ;
#503 = CIRCLE ( 'NONE', #1254, 1.050000000000645084 ) ;
#504 = CARTESIAN_POINT ( 'NONE',  ( 38.36765650262492500, 5.549100998723280220, -10.30199793251613016 ) ) ;
#505 = CIRCLE ( 'NONE', #1873, 0.2999999999999999334 ) ;
#506 = CARTESIAN_POINT ( 'NONE',  ( -22.96356317743865816, -4.530118976217571536, -1.547037944979231083 ) ) ;
#507 = CARTESIAN_POINT ( 'NONE',  ( 4.026999685328824796, 6.918754467753656101, -2.325006786472529452 ) ) ;
#508 = AXIS2_PLACEMENT_3D ( 'NONE', #1577, #137, #129 ) ;
#509 = CARTESIAN_POINT ( 'NONE',  ( -7.465930274399156019, -4.479795573548370768, -1.307270862463635330 ) ) ;
#510 = DIRECTION ( 'NONE',  ( -0.000000000000000000, -1.000000000000000000, -0.000000000000000000 ) ) ;
#511 = ORIENTED_EDGE ( 'NONE', *, *, #913, .T. ) ;
#512 = B_SPLINE_CURVE_WITH_KNOTS ( 'NONE', 3,
 ( #1723, #282, #319, #960, #1933, #1104, #602, #309 ),
 .UNSPECIFIED., .F., .F.,
 ( 4, 1, 1, 1, 1, 4 ),
 ( 0.03328524976613292385, 0.1026095651418721250, 0.2519649376674040209, 0.4803077596817142414, 0.7484873134758729396, 1.000000000000000000 ),
 .UNSPECIFIED. ) ;
#513 = CARTESIAN_POINT ( 'NONE',  ( -4.027036569866455196, -7.481245532246346031, -3.375006786472051434 ) ) ;
#514 = ORIENTED_EDGE ( 'NONE', *, *, #244, .F. ) ;
#515 = CARTESIAN_POINT ( 'NONE',  ( 4.499981557730926340, 1.110484014648481788, -5.998340930453715636 ) ) ;
#516 = CARTESIAN_POINT ( 'NONE',  ( -38.38630747433224855, -0.6649600574978243861, -1.916760909884545727 ) ) ;
#517 = CYLINDRICAL_SURFACE ( 'NONE', #2043, 0.7499999999999997780 ) ;
#518 = EDGE_CURVE ( 'NONE', #1412, #1010, #591, .T. ) ;
#519 = DIRECTION ( 'NONE',  ( 0.000000000000000000, 0.000000000000000000, 1.000000000000000000 ) ) ;
#520 = CARTESIAN_POINT ( 'NONE',  ( 74.99998155773091923, 1.442399415210236846, -3.079150963828542142 ) ) ;
#521 = EDGE_LOOP ( 'NONE', ( #1703, #569, #922, #934 ) ) ;
#522 = DIRECTION ( 'NONE',  ( 0.000000000000000000, 0.000000000000000000, 1.000000000000000000 ) ) ;
#523 = ORIENTED_EDGE ( 'NONE', *, *, #946, .F. ) ;
#524 = DIRECTION ( 'NONE',  ( 0.000000000000000000, 0.000000000000000000, 1.000000000000000000 ) ) ;
#525 = EDGE_CURVE ( 'NONE', #1173, #1804, #1779, .T. ) ;
#526 = CARTESIAN_POINT ( 'NONE',  ( -6.493780713500048485, -5.205404516191194375, -3.791520632039089733 ) ) ;
#527 = CARTESIAN_POINT ( 'NONE',  ( 38.39021063684228352, -4.399598261962859524, 8.196706893117623238 ) ) ;
#528 = DIRECTION ( 'NONE',  ( 0.000000000000000000, 0.000000000000000000, 1.000000000000000000 ) ) ;
#529 = EDGE_CURVE ( 'NONE', #751, #340, #1474, .T. ) ;
#530 = DIRECTION ( 'NONE',  ( -0.000000000000000000, 1.000000000000000000, -0.000000000000000000 ) ) ;
#531 = ORIENTED_EDGE ( 'NONE', *, *, #987, .T. ) ;
#532 = CARTESIAN_POINT ( 'NONE',  ( 4.026999685328824796, -7.481245532246346031, -3.375006786472659837 ) ) ;
#533 = ORIENTED_EDGE ( 'NONE', *, *, #857, .T. ) ;
#534 = DIRECTION ( 'NONE',  ( -0.000000000000000000, -1.000000000000000000, -0.000000000000000000 ) ) ;
#535 = FACE_OUTER_BOUND ( 'NONE', #614, .T. ) ;
#536 = TOROIDAL_SURFACE ( 'NONE', #243, 1.050000000000000044, 0.3000000000000000444 ) ;
#537 = CARTESIAN_POINT ( 'NONE',  ( 6.529469597387816293, 4.887814051346085265, -3.527763818040036359 ) ) ;
#538 = AXIS2_PLACEMENT_3D ( 'NONE', #1661, #1012, #1314 ) ;
#539 = AXIS2_PLACEMENT_3D ( 'NONE', #200, #348, #1961 ) ;
#540 = CARTESIAN_POINT ( 'NONE',  ( -6.705687383422593406, -5.279951327026652486, -3.526743531010691157 ) ) ;
#541 = PRODUCT_DEFINITION_FORMATION_WITH_SPECIFIED_SOURCE ( 'ANY', '', #691, .NOT_KNOWN. ) ;
#542 = DIRECTION ( 'NONE',  ( 0.000000000000000000, 0.000000000000000000, 1.000000000000000000 ) ) ;
#543 = CIRCLE ( 'NONE', #1734, 2.550000000000000711 ) ;
#544 = EDGE_CURVE ( 'NONE', #789, #1034, #358, .T. ) ;
#545 = AXIS2_PLACEMENT_3D ( 'NONE', #1428, #661, #498 ) ;
#546 = CYLINDRICAL_SURFACE ( 'NONE', #1426, 0.7500000000001303402 ) ;
#547 = VERTEX_POINT ( 'NONE', #723 ) ;
#548 = CARTESIAN_POINT ( 'NONE',  ( -4.027036569866455196, 7.218754467753655035, -3.375006786472051434 ) ) ;
#549 = DIRECTION ( 'NONE',  ( 0.000000000000000000, 0.000000000000000000, 1.000000000000000000 ) ) ;
#550 = CARTESIAN_POINT ( 'NONE',  ( 22.95493251990807693, -5.892394823801324399, 6.773815376549321421 ) ) ;
#551 = CARTESIAN_POINT ( 'NONE',  ( 56.67312276797930082, -4.719704910565748257, 10.84833813495667165 ) ) ;
#552 = DIRECTION ( 'NONE',  ( -1.000000000000000000, 0.000000000000000000, 0.000000000000000000 ) ) ;
#553 = DIRECTION ( 'NONE',  ( 0.000000000000000000, 0.000000000000000000, 1.000000000000000000 ) ) ;
#554 = DIRECTION ( 'NONE',  ( 0.000000000000000000, 0.000000000000000000, 1.000000000000000000 ) ) ;
#555 = DIRECTION ( 'NONE',  ( 1.000000000000000000, -0.000000000000000000, 1.224646799147353207E-16 ) ) ;
#556 = VERTEX_POINT ( 'NONE', #757 ) ;
#557 = VERTEX_POINT ( 'NONE', #125 ) ;
#558 = CARTESIAN_POINT ( 'NONE',  ( -1.844226907759180580E-05, 7.218754467753655035, -3.600006786472071507 ) ) ;
#559 = EDGE_CURVE ( 'NONE', #424, #1976, #2098, .T. ) ;
#560 = DIRECTION ( 'NONE',  ( 0.000000000000000000, 0.000000000000000000, 1.000000000000000000 ) ) ;
#561 = CARTESIAN_POINT ( 'NONE',  ( 56.68238675878765775, 3.400887592968553808, -7.769161948422995678 ) ) ;
#562 = CARTESIAN_POINT ( 'NONE',  ( 74.99998155773091923, -1.648808306204293972, 3.515325090710597511 ) ) ;
#563 = FACE_OUTER_BOUND ( 'NONE', #1440, .T. ) ;
#564 = CARTESIAN_POINT ( 'NONE',  ( -1.844226907749995354E-05, 6.918754467753656101, -5.400006786472070885 ) ) ;
#565 = ADVANCED_FACE ( 'NONE', ( #563 ), #2055, .F. ) ;
#566 = CARTESIAN_POINT ( 'NONE',  ( 6.853192302413445347, 5.031347692623390877, -3.230424397592287722 ) ) ;
#567 = DIRECTION ( 'NONE',  ( 0.000000000000000000, 0.000000000000000000, 1.000000000000000000 ) ) ;
#568 = ORIENTED_EDGE ( 'NONE', *, *, #832, .T. ) ;
#569 = ORIENTED_EDGE ( 'NONE', *, *, #518, .F. ) ;
#570 = DIRECTION ( 'NONE',  ( 0.000000000000000000, 1.000000000000000000, 0.000000000000000000 ) ) ;
#571 = CARTESIAN_POINT ( 'NONE',  ( -23.02245067642920517, 8.559285103527217942, 9.127108150058527158 ) ) ;
#572 = CARTESIAN_POINT ( 'NONE',  ( 74.99998155773091923, 1.073880969466475488, -3.148778826409576848 ) ) ;
#573 = DIRECTION ( 'NONE',  ( 0.000000000000000000, 1.000000000000000000, 0.000000000000000000 ) ) ;
#574 = DIRECTION ( 'NONE',  ( 0.000000000000000000, 0.000000000000000000, 1.000000000000000000 ) ) ;
#575 = CIRCLE ( 'NONE', #1290, 0.3000000000000000444 ) ;
#576 = CARTESIAN_POINT ( 'NONE',  ( -4.027036569866455196, 7.218754467753654147, -2.325006786471611075 ) ) ;
#577 = CARTESIAN_POINT ( 'NONE',  ( 7.363922277198239996, 4.860854740564672483, -1.781022004471866982 ) ) ;
#578 = TOROIDAL_SURFACE ( 'NONE', #1328, 1.050000000000644862, 0.3000000000000000444 ) ;
#579 = CARTESIAN_POINT ( 'NONE',  ( -1.844226907759180580E-05, -7.481245532246346031, -6.786472071533400538E-06 ) ) ;
#580 = AXIS2_PLACEMENT_3D ( 'NONE', #224, #1191, #1227 ) ;
#581 = ORIENTED_EDGE ( 'NONE', *, *, #836, .F. ) ;
#582 = ORIENTED_EDGE ( 'NONE', *, *, #1880, .T. ) ;
#583 = CYLINDRICAL_SURFACE ( 'NONE', #2111, 2.250000000000000444 ) ;
#584 = CARTESIAN_POINT ( 'NONE',  ( 5.794412159122643402, 1.707363714920889564, -4.879066789366561352 ) ) ;
#585 = DIRECTION ( 'NONE',  ( 0.000000000000000000, 1.000000000000000000, 0.000000000000000000 ) ) ;
#586 = CARTESIAN_POINT ( 'NONE',  ( -56.71052681178707644, -0.4900125438606700023, -1.683036882574185489 ) ) ;
#587 = CARTESIAN_POINT ( 'NONE',  ( 6.642905145948601486, -5.296078157629240835, 2.633583525842641659 ) ) ;
#588 = ADVANCED_FACE ( 'NONE', ( #1213 ), #1242, .T. ) ;
#589 = FACE_BOUND ( 'NONE', #1627, .T. ) ;
#590 = AXIS2_PLACEMENT_3D ( 'NONE', #1180, #1669, #226 ) ;
#591 = CIRCLE ( 'NONE', #1199, 7.575000000000000178 ) ;
#592 = CARTESIAN_POINT ( 'NONE',  ( -1.844226907727952508E-05, 7.218754467753655035, -2.550006786472072129 ) ) ;
#593 = ORIENTED_EDGE ( 'NONE', *, *, #2104, .F. ) ;
#594 = EDGE_LOOP ( 'NONE', ( #1278, #2032, #85, #793 ) ) ;
#595 = CARTESIAN_POINT ( 'NONE',  ( -1.844226802201259777E-05, -7.781245532246345853, 4.649993213527928937 ) ) ;
#596 = CARTESIAN_POINT ( 'NONE',  ( -56.67307067376482621, 4.156697908862497570, 10.84868223916057772 ) ) ;
#597 = CARTESIAN_POINT ( 'NONE',  ( -4.500018442269080765, 4.683426582316799092, -3.630334753753816646 ) ) ;
#598 = CARTESIAN_POINT ( 'NONE',  ( -4.027036569865924953, 7.218754467753654147, 2.324993213528387059 ) ) ;
#599 = AXIS2_PLACEMENT_3D ( 'NONE', #1436, #1446, #1603 ) ;
#600 = EDGE_CURVE ( 'NONE', #1401, #1664, #1509, .T. ) ;
#601 = CARTESIAN_POINT ( 'NONE',  ( -1.844226907759180580E-05, 7.218754467753654147, -6.786472071533400538E-06 ) ) ;
#602 = CARTESIAN_POINT ( 'NONE',  ( -69.08676045596729409, -2.919091021465051838, -7.830938057621642301 ) ) ;
#603 = ORIENTED_EDGE ( 'NONE', *, *, #2078, .F. ) ;
#604 = ORIENTED_EDGE ( 'NONE', *, *, #432, .T. ) ;
#605 = FACE_OUTER_BOUND ( 'NONE', #1554, .T. ) ;
#606 = CARTESIAN_POINT ( 'NONE',  ( -6.328767557585443626, 4.008581082943235785, -0.2365198229342789504 ) ) ;
#607 = LINE ( 'NONE', #1255, #1351 ) ;
#608 = DIRECTION ( 'NONE',  ( 0.000000000000000000, 0.000000000000000000, 1.000000000000000000 ) ) ;
#609 = CIRCLE ( 'NONE', #139, 1.050000000000440581 ) ;
#610 = CARTESIAN_POINT ( 'NONE',  ( 6.465087298646932545, 4.547342115621903602, -3.949217158050192467 ) ) ;
#611 = AXIS2_PLACEMENT_3D ( 'NONE', #1997, #413, #870 ) ;
#612 = AXIS2_PLACEMENT_3D ( 'NONE', #2075, #1879, #574 ) ;
#613 = DIRECTION ( 'NONE',  ( -0.000000000000000000, 1.000000000000000000, -0.000000000000000000 ) ) ;
#614 = EDGE_LOOP ( 'NONE', ( #961, #389, #835, #1270 ) ) ;
#615 = VERTEX_POINT ( 'NONE', #852 ) ;
#616 = AXIS2_PLACEMENT_3D ( 'NONE', #1170, #1291, #1943 ) ;
#617 = ADVANCED_FACE ( 'NONE', ( #1989 ), #342, .T. ) ;
#618 = CARTESIAN_POINT ( 'NONE',  ( 7.219436414718732209, -0.9982823387258776826, -2.339893136024017384 ) ) ;
#619 = CARTESIAN_POINT ( 'NONE',  ( -1.844226907759180580E-05, 6.918754467753656101, -6.786472071533400538E-06 ) ) ;
#620 = CARTESIAN_POINT ( 'NONE',  ( -6.526106298334594769, 4.657730627825746872, 3.852696921579777722 ) ) ;
#621 = B_SPLINE_CURVE_WITH_KNOTS ( 'NONE', 3,
 ( #957, #620, #1109, #1751, #306, #1913, #1099, #298, #947, #157, #448, #1775, #651, #144, #765, #1434, #134, #1415, #774, #1948, #2074, #1266, #966, #1283, #1763, #938, #1923, #486, #1938, #334, #1591, #1140, #1787, #630, #1273, #1930 ),
 .UNSPECIFIED., .F., .F.,
 ( 4, 2, 2, 2, 2, 2, 2, 2, 2, 2, 2, 2, 2, 2, 2, 2, 2, 4 ),
 ( 1.502314598737159232E-18, 0.0009420336782278376049, 0.001413050517341755919, 0.001884067356455673692, 0.002355084195569591681, 0.002826101034683510104, 0.003768134712911346516, 0.004710168391139185964, 0.005652202069367023678, 0.007536269425822700839, 0.009420336782278377133, 0.01036237046050621571, 0.01130440413873405256, 0.01224643781696189287, 0.01271745465607580956, 0.01318847149518972799, 0.01413050517341756483, 0.01507253885164540341 ),
 .UNSPECIFIED. ) ;
#622 = CARTESIAN_POINT ( 'NONE',  ( 38.38627058979408702, -0.6649600574978243861, 1.916747336940402890 ) ) ;
#623 = DIRECTION ( 'NONE',  ( 0.000000000000000000, 1.000000000000000000, 0.000000000000000000 ) ) ;
#624 = EDGE_CURVE ( 'NONE', #470, #475, #1522, .T. ) ;
#625 = DIRECTION ( 'NONE',  ( 0.000000000000000000, 0.000000000000000000, 1.000000000000000000 ) ) ;
#626 = EDGE_LOOP ( 'NONE', ( #415, #736 ) ) ;
#627 = FACE_OUTER_BOUND ( 'NONE', #310, .T. ) ;
#628 = CARTESIAN_POINT ( 'NONE',  ( -75.00001844226908077, 1.522989264779258223, 5.722294918017301057 ) ) ;
#629 = ADVANCED_FACE ( 'NONE', ( #1874 ), #281, .T. ) ;
#630 = CARTESIAN_POINT ( 'NONE',  ( -6.274551228705525396, -4.441576411198384200, -4.244908299203300928 ) ) ;
#631 = AXIS2_PLACEMENT_3D ( 'NONE', #1575, #1041, #1686 ) ;
#632 = CARTESIAN_POINT ( 'NONE',  ( 11.22500307862410018, -0.1518048166750160244, 0.8423388159944645848 ) ) ;
#633 = CARTESIAN_POINT ( 'NONE',  ( -1.844226907759180580E-05, 6.918754467753656101, -3.600006786472071507 ) ) ;
#634 = CARTESIAN_POINT ( 'NONE',  ( -4.027036569866455196, -7.481245532246346031, -2.325006786471611075 ) ) ;
#635 = ORIENTED_EDGE ( 'NONE', *, *, #1313, .F. ) ;
#636 = DIRECTION ( 'NONE',  ( 0.000000000000000000, 1.000000000000000000, 0.000000000000000000 ) ) ;
#637 = EDGE_LOOP ( 'NONE', ( #1855, #121, #993, #645 ) ) ;
#638 = VERTEX_POINT ( 'NONE', #1521 ) ;
#639 = DIRECTION ( 'NONE',  ( 0.000000000000000000, 1.000000000000000000, 0.000000000000000000 ) ) ;
#640 = CARTESIAN_POINT ( 'NONE',  ( 56.67028103438344289, 4.027841602946314659, -10.95169514560166135 ) ) ;
#641 = EDGE_CURVE ( 'NONE', #1804, #1173, #715, .T. ) ;
#642 = CARTESIAN_POINT ( 'NONE',  ( -69.08676045596729409, 2.356599956972363241, 7.830924484677500352 ) ) ;
#643 = VECTOR ( 'NONE', #1159, 1000.000000000000000 ) ;
#644 = FACE_OUTER_BOUND ( 'NONE', #1638, .T. ) ;
#645 = ORIENTED_EDGE ( 'NONE', *, *, #910, .F. ) ;
#646 = AXIS2_PLACEMENT_3D ( 'NONE', #992, #1461, #483 ) ;
#647 = CARTESIAN_POINT ( 'NONE',  ( -1.844226802201259777E-05, -7.481245532246346031, 4.649993213527928937 ) ) ;
#648 = VECTOR ( 'NONE', #1439, 1000.000000000000000 ) ;
#649 = VERTEX_POINT ( 'NONE', #263 ) ;
#650 = AXIS2_PLACEMENT_3D ( 'NONE', #1123, #1767, #1896 ) ;
#651 = CARTESIAN_POINT ( 'NONE',  ( -7.493452679359905666, 4.435384908476934562, 1.133945561603241226 ) ) ;
#652 = CARTESIAN_POINT ( 'NONE',  ( -1.844226802201259777E-05, -7.481245532246346031, 4.649993213527928937 ) ) ;
#653 = AXIS2_PLACEMENT_3D ( 'NONE', #92, #1678, #49 ) ;
#654 = AXIS2_PLACEMENT_3D ( 'NONE', #601, #1894, #1247 ) ;
#655 = FACE_OUTER_BOUND ( 'NONE', #1541, .T. ) ;
#656 = EDGE_CURVE ( 'NONE', #1071, #1251, #75, .T. ) ;
#657 = ORIENTED_EDGE ( 'NONE', *, *, #995, .T. ) ;
#658 = FACE_OUTER_BOUND ( 'NONE', #521, .T. ) ;
#659 = ORIENTED_EDGE ( 'NONE', *, *, #1455, .F. ) ;
#660 = CARTESIAN_POINT ( 'NONE',  ( -23.09156485451362784, -8.824604418517425941, -7.289172969862470985 ) ) ;
#661 = DIRECTION ( 'NONE',  ( 0.000000000000000000, 1.000000000000000000, 0.000000000000000000 ) ) ;
#662 = CARTESIAN_POINT ( 'NONE',  ( -1.844226907759180580E-05, -7.781245532246345853, -6.786472071533400538E-06 ) ) ;
#663 = VERTEX_POINT ( 'NONE', #1368 ) ;
#664 = CARTESIAN_POINT ( 'NONE',  ( -1.844226907759180580E-05, -7.481245532246346031, -4.650006786472071774 ) ) ;
#665 = ORIENTED_EDGE ( 'NONE', *, *, #1248, .F. ) ;
#666 = CARTESIAN_POINT ( 'NONE',  ( -6.486971654541457966, -4.718009623540916131, -1.089725928504916785 ) ) ;
#667 = DIRECTION ( 'NONE',  ( 0.000000000000000000, 0.000000000000000000, 1.000000000000000000 ) ) ;
#668 = CARTESIAN_POINT ( 'NONE',  ( -1.844226907759180580E-05, 6.918754467753656101, -3.900006786472071774 ) ) ;
#669 = DIRECTION ( 'NONE',  ( 0.000000000000000000, 0.000000000000000000, 1.000000000000000000 ) ) ;
#670 = ORIENTED_EDGE ( 'NONE', *, *, #382, .T. ) ;
#671 = CARTESIAN_POINT ( 'NONE',  ( 4.026999685329354151, 6.918754467753656101, 2.324993213527470903 ) ) ;
#672 = ORIENTED_EDGE ( 'NONE', *, *, #160, .T. ) ;
#673 = EDGE_LOOP ( 'NONE', ( #896, #170, #1690, #1955 ) ) ;
#674 = AXIS2_PLACEMENT_3D ( 'NONE', #844, #814, #1485 ) ;
#675 = CARTESIAN_POINT ( 'NONE',  ( 22.96352629290050373, -4.530118976217571536, 1.547024372035088469 ) ) ;
#676 = ADVANCED_FACE ( 'NONE', ( #1545 ), #986, .T. ) ;
#677 = CIRCLE ( 'NONE', #1016, 0.2999999999999999334 ) ;
#678 = DIRECTION ( 'NONE',  ( 0.000000000000000000, 0.000000000000000000, 1.000000000000000000 ) ) ;
#679 = FACE_OUTER_BOUND ( 'NONE', #1802, .T. ) ;
#680 = CIRCLE ( 'NONE', #747, 0.7499999999999997780 ) ;
#681 = CARTESIAN_POINT ( 'NONE',  ( -6.558354363473879900, -5.178736966301647371, -3.793698650377802295 ) ) ;
#682 = CARTESIAN_POINT ( 'NONE',  ( -1.844226907759180580E-05, 6.468754467753655923, 6.824993213527928759 ) ) ;
#683 = CARTESIAN_POINT ( 'NONE',  ( -1.844226907759180580E-05, 6.918754467753656101, -6.786472071533400538E-06 ) ) ;
#684 = VERTEX_POINT ( 'NONE', #1026 ) ;
#685 = CARTESIAN_POINT ( 'NONE',  ( 4.499981557730928117, -3.425748454450967984, -5.296849702085016709 ) ) ;
#686 = CARTESIAN_POINT ( 'NONE',  ( -6.054125096499311631, -0.5406200136927500344, 3.413413046616551316 ) ) ;
#687 = EDGE_CURVE ( 'NONE', #1543, #434, #543, .T. ) ;
#688 = CARTESIAN_POINT ( 'NONE',  ( 6.328730673047287425, 4.008581082943235785, 0.2365062499901358917 ) ) ;
#689 = CIRCLE ( 'NONE', #14, 0.2999999999999999334 ) ;
#690 = DIRECTION ( 'NONE',  ( -0.000000000000000000, 1.000000000000000000, -0.000000000000000000 ) ) ;
#691 = PRODUCT ( 'PROP2', 'PROP2', '', ( #397 ) ) ;
#692 = CARTESIAN_POINT ( 'NONE',  ( -1.844226907727952169E-05, 6.918754467753656101, -2.550006786472072129 ) ) ;
#693 = ORIENTED_EDGE ( 'NONE', *, *, #544, .T. ) ;
#694 = VECTOR ( 'NONE', #690, 1000.000000000000000 ) ;
#695 = DIRECTION ( 'NONE',  ( 0.000000000000000000, 0.000000000000000000, 1.000000000000000000 ) ) ;
#696 = ORIENTED_EDGE ( 'NONE', *, *, #1606, .F. ) ;
#697 = ORIENTED_EDGE ( 'NONE', *, *, #1922, .T. ) ;
#698 = DIRECTION ( 'NONE',  ( -0.000000000000000000, -1.000000000000000000, -0.000000000000000000 ) ) ;
#699 = CARTESIAN_POINT ( 'NONE',  ( -56.70836964799457292, -3.896167699074144064, -7.714650664501509603 ) ) ;
#700 = CARTESIAN_POINT ( 'NONE',  ( 6.518685903621420863, 4.891352190144536927, -1.352145182410932289 ) ) ;
#701 = EDGE_CURVE ( 'NONE', #737, #1532, #1056, .T. ) ;
#702 = CARTESIAN_POINT ( 'NONE',  ( -1.844226907746321942E-05, -7.481245532246346031, -5.700006786472070708 ) ) ;
#703 = FACE_OUTER_BOUND ( 'NONE', #1463, .T. ) ;
#704 = ORIENTED_EDGE ( 'NONE', *, *, #399, .F. ) ;
#705 = CARTESIAN_POINT ( 'NONE',  ( -4.027036569865924953, 6.918754467753656101, 3.374993213529320801 ) ) ;
#706 = CARTESIAN_POINT ( 'NONE',  ( 6.301474800776684759, 4.176956187333673576, -4.208140552916799670 ) ) ;
#707 = AXIS2_PLACEMENT_3D ( 'NONE', #1742, #974, #1452 ) ;
#708 = CARTESIAN_POINT ( 'NONE',  ( 11.32348606428506343, -2.687953574931047918, -0.3988534307779802446 ) ) ;
#709 = AXIS2_PLACEMENT_3D ( 'NONE', #1172, #1137, #1481 ) ;
#710 = AXIS2_PLACEMENT_3D ( 'NONE', #861, #1507, #62 ) ;
#711 = CARTESIAN_POINT ( 'NONE',  ( -7.217044300658242761, -0.9903698585461886417, 2.348213661602531754 ) ) ;
#712 = AXIS2_PLACEMENT_3D ( 'NONE', #1362, #553, #1202 ) ;
#713 = EDGE_CURVE ( 'NONE', #340, #1671, #1359, .T. ) ;
#714 = DIRECTION ( 'NONE',  ( 0.000000000000000000, 1.000000000000000000, 0.000000000000000000 ) ) ;
#715 = CIRCLE ( 'NONE', #1458, 2.550000000000000711 ) ;
#716 = ORIENTED_EDGE ( 'NONE', *, *, #98, .F. ) ;
#717 = CARTESIAN_POINT ( 'NONE',  ( -1.844226907759180580E-05, -7.781245532246345853, 6.824993213527928759 ) ) ;
#718 = ORIENTED_EDGE ( 'NONE', *, *, #101, .F. ) ;
#719 = CARTESIAN_POINT ( 'NONE',  ( 69.08672357142911835, 2.356599956972363241, -7.830938057621638748 ) ) ;
#720 = CARTESIAN_POINT ( 'NONE',  ( -69.09189533318368603, 2.008406895000852899, 7.500528129315872761 ) ) ;
#721 = CARTESIAN_POINT ( 'NONE',  ( 6.388060545719066674, -4.139539859978444092, 4.172861202449199780 ) ) ;
#722 = DIRECTION ( 'NONE',  ( 0.000000000000000000, 1.000000000000000000, 0.000000000000000000 ) ) ;
#723 = CARTESIAN_POINT ( 'NONE',  ( -1.844226802201259777E-05, -7.481245532246346031, 5.399993213528968994 ) ) ;
#724 = CARTESIAN_POINT ( 'NONE',  ( 7.486341074871125656, 1.874958251956537980, 1.221970457341389649 ) ) ;
#725 = DIRECTION ( 'NONE',  ( 0.000000000000000000, 0.000000000000000000, 1.000000000000000000 ) ) ;
#726 = EDGE_LOOP ( 'NONE', ( #531, #1953, #1569, #1473 ) ) ;
#727 = ORIENTED_EDGE ( 'NONE', *, *, #19, .F. ) ;
#728 = CARTESIAN_POINT ( 'NONE',  ( -4.027036569865924953, 6.918754467753656101, 2.324993213528387059 ) ) ;
#729 = CARTESIAN_POINT ( 'NONE',  ( -56.66866264895077165, 2.610904076725353740, 9.014262535190791681 ) ) ;
#730 = CARTESIAN_POINT ( 'NONE',  ( 23.05275237280667611, 9.105326525036742780, -8.622690967571076115 ) ) ;
#731 = CARTESIAN_POINT ( 'NONE',  ( -11.24235868587511433, -5.209554729684517049, -0.9413535276593045786 ) ) ;
#732 = CARTESIAN_POINT ( 'NONE',  ( 69.08672357142911835, -2.919091021465053171, 7.830924484677500352 ) ) ;
#733 = CARTESIAN_POINT ( 'NONE',  ( -4.027036569865924953, -7.481245532246346031, 2.324993213528387059 ) ) ;
#734 = CARTESIAN_POINT ( 'NONE',  ( 6.403644967525570664, 4.436120530372083870, -4.046452131964342058 ) ) ;
#735 = CARTESIAN_POINT ( 'NONE',  ( -4.027036569865924953, 6.918754467753656101, 3.074993213529320979 ) ) ;
#736 = ORIENTED_EDGE ( 'NONE', *, *, #91, .T. ) ;
#737 = VERTEX_POINT ( 'NONE', #558 ) ;
#738 = CARTESIAN_POINT ( 'NONE',  ( -1.844226802201259777E-05, -7.481245532246346031, 4.649993213527928937 ) ) ;
#739 = CARTESIAN_POINT ( 'NONE',  ( -4.500018442269078101, 2.578113493410824297, 5.339134253697912058 ) ) ;
#740 = CYLINDRICAL_SURFACE ( 'NONE', #1454, 0.7500000000006451506 ) ;
#741 = EDGE_CURVE ( 'NONE', #1671, #1251, #1525, .T. ) ;
#742 = DIRECTION ( 'NONE',  ( 0.000000000000000000, 0.000000000000000000, 1.000000000000000000 ) ) ;
#743 = CARTESIAN_POINT ( 'NONE',  ( -5.799803472168736818, 1.649572041972396264, 4.872723811821458639 ) ) ;
#744 = TOROIDAL_SURFACE ( 'NONE', #34, 1.050000000000440581, 0.3000000000000000444 ) ;
#745 = CIRCLE ( 'NONE', #1456, 1.050000000000130163 ) ;
#746 = CARTESIAN_POINT ( 'NONE',  ( -4.027036569866455196, -7.781245532246345853, -2.325006786471611075 ) ) ;
#747 = AXIS2_PLACEMENT_3D ( 'NONE', #682, #480, #1135 ) ;
#748 = EDGE_CURVE ( 'NONE', #1680, #201, #40, .T. ) ;
#749 = DIRECTION ( 'NONE',  ( 0.000000000000000000, 1.000000000000000000, 0.000000000000000000 ) ) ;
#750 = AXIS2_PLACEMENT_3D ( 'NONE', #2029, #1495, #859 ) ;
#751 = VERTEX_POINT ( 'NONE', #97 ) ;
#752 = ORIENTED_EDGE ( 'NONE', *, *, #768, .F. ) ;
#753 = CARTESIAN_POINT ( 'NONE',  ( -11.06543307052916170, 6.747502802247934639, 2.881277644210100242 ) ) ;
#754 = CARTESIAN_POINT ( 'NONE',  ( -69.08676045596729409, 2.356599956972363241, 7.830924484677500352 ) ) ;
#755 = EDGE_CURVE ( 'NONE', #547, #1401, #1037, .T. ) ;
#756 = CARTESIAN_POINT ( 'NONE',  ( -56.69341806392740324, 2.336859966746346551, 4.984101105312800151 ) ) ;
#757 = CARTESIAN_POINT ( 'NONE',  ( -1.844226802188400800E-05, 7.218754467753655035, 3.599993213526888169 ) ) ;
#758 = FACE_BOUND ( 'NONE', #218, .T. ) ;
#759 = CIRCLE ( 'NONE', #1769, 6.825000000000000178 ) ;
#760 = CARTESIAN_POINT ( 'NONE',  ( -4.027036569866455196, 6.918754467753656101, -1.275006786471170495 ) ) ;
#761 = VERTEX_POINT ( 'NONE', #219 ) ;
#762 = ORIENTED_EDGE ( 'NONE', *, *, #1529, .T. ) ;
#763 = CARTESIAN_POINT ( 'NONE',  ( 6.739010061693106124, -0.005152035702968459606, -3.468255318167414725 ) ) ;
#764 = CARTESIAN_POINT ( 'NONE',  ( 56.67312276797930082, -4.719704910565748257, 10.84833813495667165 ) ) ;
#765 = CARTESIAN_POINT ( 'NONE',  ( -7.565628268023563585, 3.800598812577718810, 0.4352783911774011916 ) ) ;
#766 = DIRECTION ( 'NONE',  ( 0.000000000000000000, 0.000000000000000000, 1.000000000000000000 ) ) ;
#767 = CARTESIAN_POINT ( 'NONE',  ( 7.540687432803782286, 2.371241028729878408, 0.8286179870844324613 ) ) ;
#768 = EDGE_CURVE ( 'NONE', #2033, #500, #24, .T. ) ;
#769 = FACE_OUTER_BOUND ( 'NONE', #1366, .T. ) ;
#770 = ORIENTED_EDGE ( 'NONE', *, *, #1380, .T. ) ;
#771 = ORIENTED_EDGE ( 'NONE', *, *, #865, .F. ) ;
#772 = CARTESIAN_POINT ( 'NONE',  ( -1.844226802201259777E-05, -9.748194264373537976, 4.649993213527928937 ) ) ;
#773 = CARTESIAN_POINT ( 'NONE',  ( -38.36769338716308653, 5.549100998723276668, 10.30198435957199443 ) ) ;
#774 = CARTESIAN_POINT ( 'NONE',  ( -7.487650375278450454, 1.884759190644264892, -1.214178307620503716 ) ) ;
#775 = CARTESIAN_POINT ( 'NONE',  ( 6.082027586316618439, -2.327804905388268786, -2.175013265458510592 ) ) ;
#776 = AXIS2_PLACEMENT_3D ( 'NONE', #78, #722, #742 ) ;
#777 = DIRECTION ( 'NONE',  ( 0.000000000000000000, 1.000000000000000000, 0.000000000000000000 ) ) ;
#778 = TOROIDAL_SURFACE ( 'NONE', #70, 1.050000000000644862, 0.3000000000000000444 ) ;
#779 = ADVANCED_FACE ( 'NONE', ( #228 ), #744, .T. ) ;
#780 = CARTESIAN_POINT ( 'NONE',  ( -1.844226907759180580E-05, -7.481245532246346031, 2.249993213527929026 ) ) ;
#781 = ORIENTED_EDGE ( 'NONE', *, *, #791, .F. ) ;
#782 = STYLED_ITEM ( 'NONE', ( #1657 ), #1856 ) ;
#783 = CIRCLE ( 'NONE', #6, 6.825000000000000178 ) ;
#784 = FACE_OUTER_BOUND ( 'NONE', #1553, .T. ) ;
#785 = CARTESIAN_POINT ( 'NONE',  ( -1.844226907759180580E-05, -7.481245532246346031, -6.786472071533400538E-06 ) ) ;
#786 = CARTESIAN_POINT ( 'NONE',  ( 38.38823093632917249, 5.288807105440041845, -9.286658197031886885 ) ) ;
#787 = CARTESIAN_POINT ( 'NONE',  ( -4.027036569865924953, -7.781245532246345853, 2.324993213528387059 ) ) ;
#788 = DIRECTION ( 'NONE',  ( 0.000000000000000000, 0.000000000000000000, 1.000000000000000000 ) ) ;
#789 = VERTEX_POINT ( 'NONE', #548 ) ;
#790 = AXIS2_PLACEMENT_3D ( 'NONE', #81, #1995, #1161 ) ;
#791 = EDGE_CURVE ( 'NONE', #1532, #737, #1689, .T. ) ;
#792 = CARTESIAN_POINT ( 'NONE',  ( 4.026999685329354151, -9.748194264373537976, 3.074993213528116165 ) ) ;
#793 = ORIENTED_EDGE ( 'NONE', *, *, #44, .F. ) ;
#794 = FACE_BOUND ( 'NONE', #21, .T. ) ;
#795 = CARTESIAN_POINT ( 'NONE',  ( 11.17364680196136462, 6.417841656738182188, -2.487796943074140010 ) ) ;
#796 = CARTESIAN_POINT ( 'NONE',  ( -75.00001844226908077, 1.522989264779258223, 5.722294918017301057 ) ) ;
#797 = EDGE_LOOP ( 'NONE', ( #384, #1679, #1587, #42 ) ) ;
#798 = CARTESIAN_POINT ( 'NONE',  ( 74.99998155773091923, 1.522989264779258223, -5.722308490961444782 ) ) ;
#799 = VERTEX_POINT ( 'NONE', #272 ) ;
#800 = ORIENTED_EDGE ( 'NONE', *, *, #2038, .T. ) ;
#801 = DIRECTION ( 'NONE',  ( 0.000000000000000000, 0.000000000000000000, 1.000000000000000000 ) ) ;
#802 = ADVANCED_FACE ( 'NONE', ( #1232 ), #583, .F. ) ;
#803 = CARTESIAN_POINT ( 'NONE',  ( -75.00001844226908077, 1.522989264779258223, 5.722294918017301057 ) ) ;
#804 = DIRECTION ( 'NONE',  ( -1.000000000000000000, 0.000000000000000000, 0.000000000000000000 ) ) ;
#805 = TOROIDAL_SURFACE ( 'NONE', #1086, 1.050000000000644862, 0.3000000000000000444 ) ;
#806 = CARTESIAN_POINT ( 'NONE',  ( -1.844226907746321942E-05, 6.918754467753656101, -5.700006786472070708 ) ) ;
#807 = ORIENTED_EDGE ( 'NONE', *, *, #1068, .T. ) ;
#808 = AXIS2_PLACEMENT_3D ( 'NONE', #513, #1823, #1162 ) ;
#809 = AXIS2_PLACEMENT_3D ( 'NONE', #402, #1860, #1061 ) ;
#810 = FACE_OUTER_BOUND ( 'NONE', #1430, .T. ) ;
#811 = ORIENTED_EDGE ( 'NONE', *, *, #1864, .F. ) ;
#812 = EDGE_LOOP ( 'NONE', ( #461, #495, #322, #2070 ) ) ;
#813 = CARTESIAN_POINT ( 'NONE',  ( -11.03002359899367590, -6.570252288639053084, -2.704166159214806520 ) ) ;
#814 = DIRECTION ( 'NONE',  ( 0.000000000000000000, 1.000000000000000000, 0.000000000000000000 ) ) ;
#815 = CIRCLE ( 'NONE', #1095, 0.2999999999999999334 ) ;
#816 = DIRECTION ( 'NONE',  ( 0.000000000000000000, 0.000000000000000000, 1.000000000000000000 ) ) ;
#817 = ORIENTED_EDGE ( 'NONE', *, *, #1880, .F. ) ;
#818 = DIRECTION ( 'NONE',  ( 0.000000000000000000, 0.000000000000000000, 1.000000000000000000 ) ) ;
#819 = ORIENTED_EDGE ( 'NONE', *, *, #256, .T. ) ;
#820 = CARTESIAN_POINT ( 'NONE',  ( -38.35783411174378443, -2.637749594880714810, -5.123114350618064528 ) ) ;
#821 = CARTESIAN_POINT ( 'NONE',  ( 6.491244724754182016, 4.628422566899127233, -3.801185324322736481 ) ) ;
#822 = CARTESIAN_POINT ( 'NONE',  ( -6.334816506817126047, 0.5691905600377986651, 4.155387100033786751 ) ) ;
#823 = TOROIDAL_SURFACE ( 'NONE', #2028, 6.825000000000000178, 0.7500000000000000000 ) ;
#824 = FACE_OUTER_BOUND ( 'NONE', #1872, .T. ) ;
#825 = ADVANCED_FACE ( 'NONE', ( #1887 ), #536, .T. ) ;
#826 = ORIENTED_EDGE ( 'NONE', *, *, #857, .F. ) ;
#827 = DIRECTION ( 'NONE',  ( 1.224668469571842902E-16, 0.000000000000000000, -1.000000000000000000 ) ) ;
#828 = ORIENTED_EDGE ( 'NONE', *, *, #1468, .T. ) ;
#829 = CARTESIAN_POINT ( 'NONE',  ( 74.99998155773091923, -1.859719082582954375, 4.690272078864893501 ) ) ;
#830 = CARTESIAN_POINT ( 'NONE',  ( -4.500018442269084318, -3.425748454450967984, 5.296836129140872984 ) ) ;
#831 = DIRECTION ( 'NONE',  ( 0.000000000000000000, 0.000000000000000000, 1.000000000000000000 ) ) ;
#832 = EDGE_CURVE ( 'NONE', #201, #1010, #1073, .T. ) ;
#833 = DIRECTION ( 'NONE',  ( 0.000000000000000000, 1.000000000000000000, 0.000000000000000000 ) ) ;
#834 = FILL_AREA_STYLE ('',( #16 ) ) ;
#835 = ORIENTED_EDGE ( 'NONE', *, *, #332, .F. ) ;
#836 = EDGE_CURVE ( 'NONE', #1965, #443, #1590, .T. ) ;
#837 = DIRECTION ( 'NONE',  ( 0.000000000000000000, 0.000000000000000000, -1.000000000000000000 ) ) ;
#838 = VERTEX_POINT ( 'NONE', #1611 ) ;
#839 = VERTEX_POINT ( 'NONE', #1309 ) ;
#840 = AXIS2_PLACEMENT_3D ( 'NONE', #1959, #497, #1148 ) ;
#841 = CARTESIAN_POINT ( 'NONE',  ( 6.149770381916915163, 1.358043228103857691, -4.123334166065383499 ) ) ;
#842 = AXIS2_PLACEMENT_3D ( 'NONE', #1639, #1987, #522 ) ;
#843 = CARTESIAN_POINT ( 'NONE',  ( -11.36125352285175794, 3.984682822986212791, 0.8424264721425228641 ) ) ;
#844 = CARTESIAN_POINT ( 'NONE',  ( 4.026999685328824796, 6.918754467753656101, -2.325006786472529452 ) ) ;
#845 = TOROIDAL_SURFACE ( 'NONE', #1427, 1.050000000000440581, 0.3000000000000000444 ) ;
#846 = CARTESIAN_POINT ( 'NONE',  ( -6.730700835844088736, 0.008542653459252494419, 3.484544257335189243 ) ) ;
#847 = CYLINDRICAL_SURFACE ( 'NONE', #580, 2.250000000000000444 ) ;
#848 = EDGE_LOOP ( 'NONE', ( #1578, #84, #1471, #1420 ) ) ;
#849 = CARTESIAN_POINT ( 'NONE',  ( 6.403644967525570664, 4.436120530372083870, -4.046452131964342058 ) ) ;
#850 = VERTEX_POINT ( 'NONE', #1493 ) ;
#851 = ORIENTED_EDGE ( 'NONE', *, *, #114, .F. ) ;
#852 = CARTESIAN_POINT ( 'NONE',  ( 4.026999685329354151, 7.218754467753655035, 3.374993213528115987 ) ) ;
#853 = AXIS2_PLACEMENT_3D ( 'NONE', #1488, #39, #1530 ) ;
#854 = CARTESIAN_POINT ( 'NONE',  ( -75.00001844226912340, -0.4015091062541681910, 0.6574350175026757448 ) ) ;
#855 = CARTESIAN_POINT ( 'NONE',  ( 56.70704646987753961, -2.539661466754845165, 6.234106282375113217 ) ) ;
#856 = EDGE_CURVE ( 'NONE', #799, #360, #1286, .T. ) ;
#857 = EDGE_CURVE ( 'NONE', #789, #1312, #609, .T. ) ;
#858 = DIRECTION ( 'NONE',  ( -0.000000000000000000, 1.000000000000000000, -0.000000000000000000 ) ) ;
#859 = DIRECTION ( 'NONE',  ( 0.000000000000000000, 0.000000000000000000, 1.000000000000000000 ) ) ;
#860 = DIRECTION ( 'NONE',  ( 0.000000000000000000, 0.000000000000000000, 1.000000000000000000 ) ) ;
#861 = CARTESIAN_POINT ( 'NONE',  ( -4.027036569866455196, 6.918754467753656101, -2.325006786471611075 ) ) ;
#862 = ORIENTED_EDGE ( 'NONE', *, *, #57, .T. ) ;
#863 = CARTESIAN_POINT ( 'NONE',  ( -75.00001844226908077, 1.522989264779258223, 5.722294918017300169 ) ) ;
#864 = CARTESIAN_POINT ( 'NONE',  ( 56.70456327770666149, 1.002920892101927253, -1.757654870654066892 ) ) ;
#865 = EDGE_CURVE ( 'NONE', #1145, #1332, #1869, .T. ) ;
#866 = DIRECTION ( 'NONE',  ( -1.000000000000000000, 0.000000000000000000, 0.000000000000000000 ) ) ;
#867 =( NAMED_UNIT ( * ) SI_UNIT ( $, .STERADIAN. ) SOLID_ANGLE_UNIT ( ) );
#868 = ORIENTED_EDGE ( 'NONE', *, *, #1179, .F. ) ;
#869 = ORIENTED_EDGE ( 'NONE', *, *, #160, .F. ) ;
#870 = DIRECTION ( 'NONE',  ( 0.000000000000000000, 0.000000000000000000, 1.000000000000000000 ) ) ;
#871 = ORIENTED_EDGE ( 'NONE', *, *, #1992, .T. ) ;
#872 = DIRECTION ( 'NONE',  ( 0.000000000000000000, 0.000000000000000000, 1.000000000000000000 ) ) ;
#873 = ADVANCED_FACE ( 'NONE', ( #1284 ), #471, .T. ) ;
#874 = CARTESIAN_POINT ( 'NONE',  ( 6.129945905547549145, 0.8433222118879205587, -4.451723405949682189 ) ) ;
#875 = AXIS2_PLACEMENT_3D ( 'NONE', #1557, #1510, #549 ) ;
#876 = CARTESIAN_POINT ( 'NONE',  ( 56.69338117938924171, 2.336859966746346551, -4.984114678256943876 ) ) ;
#877 = CIRCLE ( 'NONE', #2084, 0.7500000000006451506 ) ;
#878 = CARTESIAN_POINT ( 'NONE',  ( -22.93415310098497883, 1.475688027296505167, -0.8092151120601407399 ) ) ;
#879 = AXIS2_PLACEMENT_3D ( 'NONE', #1321, #28, #669 ) ;
#880 = CARTESIAN_POINT ( 'NONE',  ( -6.403681852063727753, 4.436120530372083870, 4.046438559020199222 ) ) ;
#881 = CYLINDRICAL_SURFACE ( 'NONE', #750, 0.7500000000009334755 ) ;
#882 = ORIENTED_EDGE ( 'NONE', *, *, #1513, .T. ) ;
#883 = VECTOR ( 'NONE', #1825, 1000.000000000000000 ) ;
#884 = CARTESIAN_POINT ( 'NONE',  ( -4.027036569865924953, 6.918754467753656101, 2.324993213528387059 ) ) ;
#885 = ORIENTED_EDGE ( 'NONE', *, *, #1468, .F. ) ;
#886 = ORIENTED_EDGE ( 'NONE', *, *, #382, .F. ) ;
#887 = CARTESIAN_POINT ( 'NONE',  ( -1.844226907759180580E-05, 7.218754467753654147, -6.786472071533400538E-06 ) ) ;
#888 = CARTESIAN_POINT ( 'NONE',  ( 6.617782424710997979, 0.1818004796304548143, -3.694975200557084172 ) ) ;
#889 = CARTESIAN_POINT ( 'NONE',  ( 23.00654232142356648, -8.554422573199522262, 8.557769781342262405 ) ) ;
#890 = CARTESIAN_POINT ( 'NONE',  ( 74.99998155773091923, 1.522989264779258223, -5.722308490961444782 ) ) ;
#891 = CLOSED_SHELL ( 'NONE', ( #180, #273, #779, #1630, #676, #1771, #1585, #456, #1098, #2008, #1496, #1547, #825, #1756, #928, #259, #1975, #1431, #1405, #1301, #999, #1620, #802, #1223, #1654, #973, #588, #1158, #1949, #126, #1994, #1743, #1011, #1211, #565, #117, #940, #2037, #1839, #962, #1502, #617, #47, #5, #1287, #988, #873, #1441, #1340, #1258, #151, #629, #1567, #1815, #1942, #1560 ) ) ;
#892 = CARTESIAN_POINT ( 'NONE',  ( -6.034729441924007176, 3.343609310261564715, 4.580849037626600229 ) ) ;
#893 = FACE_OUTER_BOUND ( 'NONE', #1353, .T. ) ;
#894 = CARTESIAN_POINT ( 'NONE',  ( 6.716432788512498142, -1.027743932215190226, 3.508919337173288078 ) ) ;
#895 = DIRECTION ( 'NONE',  ( 0.000000000000000000, 0.000000000000000000, 1.000000000000000000 ) ) ;
#896 = ORIENTED_EDGE ( 'NONE', *, *, #288, .F. ) ;
#897 = VERTEX_POINT ( 'NONE', #345 ) ;
#898 = DIRECTION ( 'NONE',  ( 0.000000000000000000, 1.000000000000000000, 0.000000000000000000 ) ) ;
#899 = CARTESIAN_POINT ( 'NONE',  ( -75.00001844226909498, 0.7156372884768777975, 4.109121131761413359 ) ) ;
#900 = CARTESIAN_POINT ( 'NONE',  ( 38.36316432749399752, 5.714447332864582840, -10.10869026205869403 ) ) ;
#901 = TOROIDAL_SURFACE ( 'NONE', #1208, 1.050000000001040545, 0.3000000000000000444 ) ;
#902 = CARTESIAN_POINT ( 'NONE',  ( -38.37652770989293316, -5.815913168690200585, -10.11178268645359601 ) ) ;
#903 = CARTESIAN_POINT ( 'NONE',  ( -6.117658265991958721, 0.8606553722058000178, 4.468592450765049406 ) ) ;
#904 = EDGE_CURVE ( 'NONE', #360, #799, #2004, .T. ) ;
#905 = CARTESIAN_POINT ( 'NONE',  ( 6.410679428137076030, -1.753039182648833183, 4.040331430822147851 ) ) ;
#906 = DIRECTION ( 'NONE',  ( 0.000000000000000000, 1.000000000000000000, 0.000000000000000000 ) ) ;
#907 = ORIENTED_EDGE ( 'NONE', *, *, #82, .F. ) ;
#908 = EDGE_LOOP ( 'NONE', ( #1263, #491, #1438, #2045 ) ) ;
#909 = DIRECTION ( 'NONE',  ( -0.000000000000000000, -1.000000000000000000, -0.000000000000000000 ) ) ;
#910 = EDGE_CURVE ( 'NONE', #839, #283, #253, .T. ) ;
#911 = CARTESIAN_POINT ( 'NONE',  ( -38.36769338716308653, 5.549100998723280220, 10.30198435957198733 ) ) ;
#912 = DIRECTION ( 'NONE',  ( -0.000000000000000000, 1.000000000000000000, -0.000000000000000000 ) ) ;
#913 = EDGE_CURVE ( 'NONE', #1165, #1093, #1621, .T. ) ;
#914 = CARTESIAN_POINT ( 'NONE',  ( -75.00001844226908077, -1.862217658020714151, -5.188393233947645733 ) ) ;
#915 = CARTESIAN_POINT ( 'NONE',  ( -5.956618765857986553, 3.053087778298020805, 4.680748570137953202 ) ) ;
#916 = CIRCLE ( 'NONE', #1729, 1.050000000001040545 ) ;
#917 = PRODUCT_DEFINITION_SHAPE ( 'NONE', 'NONE',  #1319 ) ;
#918 = CIRCLE ( 'NONE', #1293, 0.7499999999999997780 ) ;
#919 = CARTESIAN_POINT ( 'NONE',  ( 6.119865536478183543, -3.055544262482175366, 4.464036610530191851 ) ) ;
#920 = CIRCLE ( 'NONE', #508, 0.2999999999999999334 ) ;
#921 = CIRCLE ( 'NONE', #1697, 0.7500000000009334755 ) ;
#922 = ORIENTED_EDGE ( 'NONE', *, *, #1890, .T. ) ;
#923 = ORIENTED_EDGE ( 'NONE', *, *, #1647, .F. ) ;
#924 = TOROIDAL_SURFACE ( 'NONE', #545, 1.050000000000933520, 0.3000000000000000444 ) ;
#925 = DIRECTION ( 'NONE',  ( 0.000000000000000000, 1.000000000000000000, 0.000000000000000000 ) ) ;
#926 = FACE_OUTER_BOUND ( 'NONE', #1025, .T. ) ;
#927 = CARTESIAN_POINT ( 'NONE',  ( -4.500018442269075436, 2.928999900150565772, -5.259756429614967033 ) ) ;
#928 = ADVANCED_FACE ( 'NONE', ( #208 ), #1762, .T. ) ;
#929 = CARTESIAN_POINT ( 'NONE',  ( -1.844226907759180580E-05, 7.218754467753654147, -6.786472071533400538E-06 ) ) ;
#930 = EDGE_CURVE ( 'NONE', #933, #1543, #1970, .T. ) ;
#931 = CARTESIAN_POINT ( 'NONE',  ( 6.616782067626320263, -1.264609931160226353, 3.693139718610854771 ) ) ;
#932 = CARTESIAN_POINT ( 'NONE',  ( -1.844226802201259777E-05, 6.918754467753656101, 5.399993213528968994 ) ) ;
#933 = VERTEX_POINT ( 'NONE', #1298 ) ;
#934 = ORIENTED_EDGE ( 'NONE', *, *, #2066, .F. ) ;
#935 = CARTESIAN_POINT ( 'NONE',  ( 6.978842709489875062, -5.308968674362121831, 2.949762868406341720 ) ) ;
#936 = CARTESIAN_POINT ( 'NONE',  ( 4.026999685329354151, -7.781245532246345853, 2.324993213527470903 ) ) ;
#937 = CIRCLE ( 'NONE', #2067, 1.050000000000933520 ) ;
#938 = CARTESIAN_POINT ( 'NONE',  ( -6.411196565059348984, -1.751887150791513692, -4.039582478106979124 ) ) ;
#939 = CARTESIAN_POINT ( 'NONE',  ( 74.99998155773093345, 0.1711137104262606679, -2.510259504066915781 ) ) ;
#940 = ADVANCED_FACE ( 'NONE', ( #679 ), #1330, .F. ) ;
#941 = DIRECTION ( 'NONE',  ( 0.000000000000000000, 0.000000000000000000, 1.000000000000000000 ) ) ;
#942 = DIRECTION ( 'NONE',  ( 0.000000000000000000, 0.000000000000000000, 1.000000000000000000 ) ) ;
#943 = ORIENTED_EDGE ( 'NONE', *, *, #1783, .F. ) ;
#944 = DIRECTION ( 'NONE',  ( 0.000000000000000000, 1.000000000000000000, 0.000000000000000000 ) ) ;
#945 = CARTESIAN_POINT ( 'NONE',  ( -38.35421686177028278, 5.629621926498203699, 9.219827279763114447 ) ) ;
#946 = EDGE_CURVE ( 'NONE', #1401, #547, #371, .T. ) ;
#947 = CARTESIAN_POINT ( 'NONE',  ( -7.246519168903660990, 5.042605386896826580, 2.211535931939887512 ) ) ;
#948 = CARTESIAN_POINT ( 'NONE',  ( 11.36121663831360173, 3.984682822986212791, -0.8424400450866660339 ) ) ;
#949 = VECTOR ( 'NONE', #324, 1000.000000000000000 ) ;
#950 = CARTESIAN_POINT ( 'NONE',  ( -1.844226907759180580E-05, 6.918754467753656101, -4.650006786472071774 ) ) ;
#951 = CIRCLE ( 'NONE', #1659, 1.049999999999999822 ) ;
#952 = CARTESIAN_POINT ( 'NONE',  ( -1.844226907759180580E-05, 6.918754467753656101, -6.786472071533400538E-06 ) ) ;
#953 = ORIENTED_EDGE ( 'NONE', *, *, #1967, .T. ) ;
#954 = AXIS2_PLACEMENT_3D ( 'NONE', #1214, #1067, #1528 ) ;
#955 = DIRECTION ( 'NONE',  ( 0.000000000000000000, 1.000000000000000000, 0.000000000000000000 ) ) ;
#956 = DIRECTION ( 'NONE',  ( -0.000000000000000000, -1.000000000000000000, -0.000000000000000000 ) ) ;
#957 = CARTESIAN_POINT ( 'NONE',  ( -6.403681852063727753, 4.436120530372083870, 4.046438559020199222 ) ) ;
#958 = CARTESIAN_POINT ( 'NONE',  ( 4.499981557730921899, 3.246317960431067018, -4.853489639550831569 ) ) ;
#959 = DIRECTION ( 'NONE',  ( 0.000000000000000000, 0.000000000000000000, 1.000000000000000000 ) ) ;
#960 = CARTESIAN_POINT ( 'NONE',  ( -23.04098574030537705, -9.740311473834358580, -9.148187862299096196 ) ) ;
#961 = ORIENTED_EDGE ( 'NONE', *, *, #1768, .F. ) ;
#962 = ADVANCED_FACE ( 'NONE', ( #25 ), #517, .F. ) ;
#963 = CARTESIAN_POINT ( 'NONE',  ( 7.523282401028387412, -2.312091566384195662, -0.9914748721701497347 ) ) ;
#964 = EDGE_LOOP ( 'NONE', ( #1936, #185 ) ) ;
#965 = APPLICATION_CONTEXT ( 'automotive_design' ) ;
#966 = CARTESIAN_POINT ( 'NONE',  ( -6.898834701112192214, -0.5479136808737530284, -3.135280167254828054 ) ) ;
#967 = CARTESIAN_POINT ( 'NONE',  ( -1.844226802201259777E-05, -9.748194264373537976, 4.649993213527928937 ) ) ;
#968 = CARTESIAN_POINT ( 'NONE',  ( -23.04015691250652509, 9.173014508045254090, 9.151379584119105459 ) ) ;
#969 = FACE_BOUND ( 'NONE', #271, .T. ) ;
#970 = ORIENTED_EDGE ( 'NONE', *, *, #1083, .T. ) ;
#971 = DIRECTION ( 'NONE',  ( 0.000000000000000000, 0.000000000000000000, 1.000000000000000000 ) ) ;
#972 = EDGE_LOOP ( 'NONE', ( #2081, #807 ) ) ;
#973 = ADVANCED_FACE ( 'NONE', ( #187 ), #1339, .T. ) ;
#974 = DIRECTION ( 'NONE',  ( -0.000000000000000000, -1.000000000000000000, -0.000000000000000000 ) ) ;
#975 = CARTESIAN_POINT ( 'NONE',  ( -75.00001844226908077, 1.442399415210236846, 3.079137390884399306 ) ) ;
#976 = DIRECTION ( 'NONE',  ( 0.000000000000000000, 1.000000000000000000, 0.000000000000000000 ) ) ;
#977 = CIRCLE ( 'NONE', #209, 0.7499999999999997780 ) ;
#978 =( LENGTH_UNIT ( ) NAMED_UNIT ( * ) SI_UNIT ( .MILLI., .METRE. ) );
#979 = ORIENTED_EDGE ( 'NONE', *, *, #1908, .T. ) ;
#980 = AXIS2_PLACEMENT_3D ( 'NONE', #1229, #749, #106 ) ;
#981 = FACE_OUTER_BOUND ( 'NONE', #1838, .T. ) ;
#982 = AXIS2_PLACEMENT_3D ( 'NONE', #1193, #555, #1204 ) ;
#983 = EDGE_LOOP ( 'NONE', ( #665, #155, #1326, #320 ) ) ;
#984 = CARTESIAN_POINT ( 'NONE',  ( -38.36738116890123962, -6.109781686981658133, -10.30320536252918551 ) ) ;
#985 = CARTESIAN_POINT ( 'NONE',  ( -4.027036569866455196, -7.481245532246346031, -2.325006786471611075 ) ) ;
#986 = TOROIDAL_SURFACE ( 'NONE', #246, 1.050000000000933520, 0.3000000000000000444 ) ;
#987 = EDGE_CURVE ( 'NONE', #1217, #1071, #1119, .T. ) ;
#988 = ADVANCED_FACE ( 'NONE', ( #926 ), #1656, .T. ) ;
#989 = DIRECTION ( 'NONE',  ( -0.000000000000000000, -1.000000000000000000, -0.000000000000000000 ) ) ;
#990 = CARTESIAN_POINT ( 'NONE',  ( 4.026999685328824796, -9.748194264373537976, -3.075006786472660014 ) ) ;
#991 = ORIENTED_EDGE ( 'NONE', *, *, #904, .F. ) ;
#992 = CARTESIAN_POINT ( 'NONE',  ( -4.027036569865924953, -9.748194264373537976, 2.324993213528387059 ) ) ;
#993 = ORIENTED_EDGE ( 'NONE', *, *, #1768, .T. ) ;
#994 = CARTESIAN_POINT ( 'NONE',  ( 6.331366915189287070, 3.202269078174083461, -4.297424799615813029 ) ) ;
#995 = EDGE_CURVE ( 'NONE', #649, #333, #2082, .T. ) ;
#996 = CARTESIAN_POINT ( 'NONE',  ( -75.00001844226908077, -1.459750893307912190, -3.116263408906958521 ) ) ;
#997 = CARTESIAN_POINT ( 'NONE',  ( -75.00001844226908077, -2.085480329271947930, -5.722308490961444782 ) ) ;
#998 = DIRECTION ( 'NONE',  ( -0.000000000000000000, 1.000000000000000000, -0.000000000000000000 ) ) ;
#999 = ADVANCED_FACE ( 'NONE', ( #784 ), #740, .F. ) ;
#1000 = DIRECTION ( 'NONE',  ( 1.224668469571842902E-16, 0.000000000000000000, -1.000000000000000000 ) ) ;
#1001 = ORIENTED_EDGE ( 'NONE', *, *, #1890, .F. ) ;
#1002 = CARTESIAN_POINT ( 'NONE',  ( -1.844226907746321942E-05, 7.218754467753655035, -5.700006786472070708 ) ) ;
#1003 = ORIENTED_EDGE ( 'NONE', *, *, #1967, .F. ) ;
#1004 = ORIENTED_EDGE ( 'NONE', *, *, #1514, .F. ) ;
#1005 = CARTESIAN_POINT ( 'NONE',  ( 38.40996220878081857, 1.248304977105061386, -1.350914929954891042 ) ) ;
#1006 = CARTESIAN_POINT ( 'NONE',  ( -69.01136079586980543, -0.1570368543695196406, 1.755883455585771413 ) ) ;
#1007 = DIRECTION ( 'NONE',  ( 0.000000000000000000, 1.000000000000000000, 0.000000000000000000 ) ) ;
#1008 = CARTESIAN_POINT ( 'NONE',  ( 4.026999685328824796, 6.918754467753656101, -1.275006786472399289 ) ) ;
#1009 = SURFACE_SIDE_STYLE ('',( #1447 ) ) ;
#1010 = VERTEX_POINT ( 'NONE', #1433 ) ;
#1011 = ADVANCED_FACE ( 'NONE', ( #2093 ), #1014, .T. ) ;
#1012 = DIRECTION ( 'NONE',  ( 0.000000000000000000, 1.000000000000000000, 0.000000000000000000 ) ) ;
#1013 = ORIENTED_EDGE ( 'NONE', *, *, #1675, .T. ) ;
#1014 = B_SPLINE_SURFACE_WITH_KNOTS ( 'NONE', 3, 3, ( 
 ( #1392, #1265, #1234, #1911, #773, #596, #754, #628 ),
 ( #1921, #1085, #1750, #275, #454, #1244, #1559, #305 ),
 ( #427, #1116, #1761, #1272, #945, #1900, #1929, #464 ),
 ( #2051, #436, #1075, #1719, #113, #1730, #287, #1573 ),
 ( #1414, #606, #1253, #1245, #1732, #756, #124, #89 ),
 ( #597, #1200, #395, #878, #1710, #1865, #1878, #1360 ),
 ( #927, #1077, #1720, #428, #419, #586, #266, #1406 ),
 ( #1853, #1891, #731, #1040, #406, #1235, #1383, #1052 ),
 ( #289, #1901, #276, #2062, #902, #1065, #1562, #914 ),
 ( #1537, #1212, #116, #437, #1549, #1526, #1698, #1087 ) ),
 .UNSPECIFIED., .F., .F., .F.,
 ( 4, 1, 1, 1, 1, 1, 1, 4 ),
 ( 4, 1, 1, 1, 1, 4 ),
 ( 0.000000000000000000, 0.1250000000000000000, 0.2500000000000000000, 0.3750000000000000000, 0.5000000000000000000, 0.6250000000000000000, 0.7500000000000000000, 1.000000000000000000 ),
 ( 0.000000000000000000, 0.1026095651418721250, 0.2519649376674040209, 0.4803077596817142969, 0.7484873134758729396, 1.000000000000000000 ),
 .UNSPECIFIED. ) ;
#1015 = DIRECTION ( 'NONE',  ( 0.000000000000000000, 0.000000000000000000, 1.000000000000000000 ) ) ;
#1016 = AXIS2_PLACEMENT_3D ( 'NONE', #1115, #1920, #1271 ) ;
#1017 = CARTESIAN_POINT ( 'NONE',  ( -38.41699015053189470, 2.958225285594843434, 4.465359400727206385 ) ) ;
#1018 = CARTESIAN_POINT ( 'NONE',  ( 4.499981557730920123, 2.928999900150565772, 5.259742856670824196 ) ) ;
#1019 = CIRCLE ( 'NONE', #285, 0.2999999999999999334 ) ;
#1020 = CIRCLE ( 'NONE', #379, 0.2999999999999999334 ) ;
#1021 = CARTESIAN_POINT ( 'NONE',  ( 4.026999685328824796, -9.748194264373537976, -1.575006786472399334 ) ) ;
#1022 = CARTESIAN_POINT ( 'NONE',  ( -4.027036569866455196, -7.481245532246346031, -2.325006786471611075 ) ) ;
#1023 = CARTESIAN_POINT ( 'NONE',  ( 4.026999685328824796, -7.481245532246346031, -2.325006786472529452 ) ) ;
#1024 = DIRECTION ( 'NONE',  ( 0.000000000000000000, 0.000000000000000000, 1.000000000000000000 ) ) ;
#1025 = EDGE_LOOP ( 'NONE', ( #593, #1497, #270, #943 ) ) ;
#1026 = CARTESIAN_POINT ( 'NONE',  ( -6.403681852063727753, 4.436120530372083870, 4.046438559020199222 ) ) ;
#1027 = EDGE_CURVE ( 'NONE', #897, #1813, #147, .T. ) ;
#1028 = CARTESIAN_POINT ( 'NONE',  ( -11.06374119908566556, -7.300183665906483377, -2.887834128343949036 ) ) ;
#1029 = CARTESIAN_POINT ( 'NONE',  ( 4.499981557730925452, 4.683426582316799092, 3.630321180809673365 ) ) ;
#1030 = CARTESIAN_POINT ( 'NONE',  ( -7.582158209984130259, -3.645020690478160130, -0.3473290864035278314 ) ) ;
#1031 = ORIENTED_EDGE ( 'NONE', *, *, #1398, .F. ) ;
#1032 = EDGE_LOOP ( 'NONE', ( #1060, #1322, #414, #886 ) ) ;
#1033 = DIRECTION ( 'NONE',  ( 0.000000000000000000, 0.000000000000000000, 1.000000000000000000 ) ) ;
#1034 = VERTEX_POINT ( 'NONE', #241 ) ;
#1035 = AXIS2_PLACEMENT_3D ( 'NONE', #1008, #552, #1318 ) ;
#1036 = CARTESIAN_POINT ( 'NONE',  ( -1.844226907759180580E-05, 7.218754467753654147, -6.786472071533400538E-06 ) ) ;
#1037 = CIRCLE ( 'NONE', #128, 0.7500000000010406120 ) ;
#1038 = CARTESIAN_POINT ( 'NONE',  ( 5.829601980483835710, 1.472288766845778030, -4.837010415758300930 ) ) ;
#1039 = CARTESIAN_POINT ( 'NONE',  ( 4.499981557730921899, -2.541966647901071852, 5.786514384056940408 ) ) ;
#1040 = CARTESIAN_POINT ( 'NONE',  ( -22.95496940444622780, -5.892394823801324399, -6.773828949493465146 ) ) ;
#1041 = DIRECTION ( 'NONE',  ( 1.000000000000000000, -0.000000000000000000, 1.224646799147353207E-16 ) ) ;
#1042 = CARTESIAN_POINT ( 'NONE',  ( -1.844226907759180580E-05, 7.218754467753654147, -6.786472071533400538E-06 ) ) ;
#1043 = ORIENTED_EDGE ( 'NONE', *, *, #1893, .F. ) ;
#1044 = CARTESIAN_POINT ( 'NONE',  ( -4.027036569866455196, -9.748194264373537976, -1.575006786471170317 ) ) ;
#1045 = ORIENTED_EDGE ( 'NONE', *, *, #624, .F. ) ;
#1046 = ORIENTED_EDGE ( 'NONE', *, *, #1529, .F. ) ;
#1047 = CARTESIAN_POINT ( 'NONE',  ( -1.844226907759180580E-05, 7.218754467753654147, -4.650006786472071774 ) ) ;
#1048 = CARTESIAN_POINT ( 'NONE',  ( 6.346163638091254278, 0.5541505455847274275, -4.137989666948433509 ) ) ;
#1049 = AXIS2_PLACEMENT_3D ( 'NONE', #595, #435, #560 ) ;
#1050 = CARTESIAN_POINT ( 'NONE',  ( 11.03952524555235648, 6.445651115737813797, -2.762110619569833503 ) ) ;
#1051 = AXIS2_PLACEMENT_3D ( 'NONE', #1811, #1153, #1977 ) ;
#1052 = CARTESIAN_POINT ( 'NONE',  ( -75.00001844226910919, -1.364031928537084104, -3.962821239764248382 ) ) ;
#1053 = CIRCLE ( 'NONE', #412, 0.7500000000004406475 ) ;
#1054 = DIRECTION ( 'NONE',  ( 0.000000000000000000, 1.000000000000000000, 0.000000000000000000 ) ) ;
#1055 = EDGE_CURVE ( 'NONE', #434, #1543, #1907, .T. ) ;
#1056 = CIRCLE ( 'NONE', #179, 1.049999999999999822 ) ;
#1057 = DIRECTION ( 'NONE',  ( -0.000000000000000000, 1.000000000000000000, -0.000000000000000000 ) ) ;
#1058 = DIRECTION ( 'NONE',  ( 0.000000000000000000, 1.000000000000000000, 0.000000000000000000 ) ) ;
#1059 = ORIENTED_EDGE ( 'NONE', *, *, #865, .T. ) ;
#1060 = ORIENTED_EDGE ( 'NONE', *, *, #1103, .T. ) ;
#1061 = DIRECTION ( 'NONE',  ( 0.000000000000000000, 0.000000000000000000, 1.000000000000000000 ) ) ;
#1062 = CARTESIAN_POINT ( 'NONE',  ( -4.500018442269078101, 3.246317960431067018, 4.853476066606687844 ) ) ;
#1063 = CARTESIAN_POINT ( 'NONE',  ( 69.03442575085598776, 1.204579706092018920, -3.018448595449403360 ) ) ;
#1064 = EDGE_CURVE ( 'NONE', #1813, #557, #1759, .T. ) ;
#1065 = CARTESIAN_POINT ( 'NONE',  ( -56.68672913327671381, -3.978599485107434663, -9.314715748440095311 ) ) ;
#1066 = CARTESIAN_POINT ( 'NONE',  ( 11.06370431454750758, -7.300183665906483377, 2.887820555399805755 ) ) ;
#1067 = DIRECTION ( 'NONE',  ( -0.000000000000000000, -1.000000000000000000, -0.000000000000000000 ) ) ;
#1068 = EDGE_CURVE ( 'NONE', #638, #1332, #1320, .T. ) ;
#1069 = CARTESIAN_POINT ( 'NONE',  ( 6.125190993315698940, -2.894963084308575407, 4.456816256924441610 ) ) ;
#1070 = CARTESIAN_POINT ( 'NONE',  ( 4.026999685328824796, -9.748194264373537976, -2.325006786472529452 ) ) ;
#1071 = VERTEX_POINT ( 'NONE', #1117 ) ;
#1072 = VERTEX_POINT ( 'NONE', #455 ) ;
#1073 = LINE ( 'NONE', #12, #643 ) ;
#1074 = CARTESIAN_POINT ( 'NONE',  ( -22.92719461580859175, 4.353836255534218935, 6.954688774143924057 ) ) ;
#1075 = CARTESIAN_POINT ( 'NONE',  ( -11.04680747695592657, 3.789361931267305028, 2.185066937529557940 ) ) ;
#1076 = AXIS2_PLACEMENT_3D ( 'NONE', #347, #976, #528 ) ;
#1077 = CARTESIAN_POINT ( 'NONE',  ( -6.109617293557397133, 0.7607154629232324439, -2.904136067786970088 ) ) ;
#1078 = CARTESIAN_POINT ( 'NONE',  ( 6.493743828961892284, -5.205404516191194375, 3.791507059094947341 ) ) ;
#1079 = B_SPLINE_CURVE_WITH_KNOTS ( 'NONE', 3,
 ( #1169, #1854, #681, #540, #1478, #1331, #1844, #211, #387, #1512, #1993, #509, #1494, #1030, #1160, #68, #48, #711, #1361, #846, #189, #2017, #822, #1538, #903, #407, #1256, #277, #79, #743, #429, #258, #1699, #290, #1733, #915, #892, #1088, #1373, #880 ),
 .UNSPECIFIED., .F., .F.,
 ( 4, 2, 2, 2, 2, 2, 2, 2, 2, 2, 2, 2, 2, 2, 2, 2, 2, 2, 2, 4 ),
 ( 0.000000000000000000, 0.0004797865114134505999, 0.0009595730228269011997, 0.001439359534240351691, 0.001919146045653802399, 0.002878719068480702515, 0.003838292091307603064, 0.005757438136961404163, 0.007676584182615206128, 0.009595730228269006359, 0.01055530325109590647, 0.01103508976250935913, 0.01151487627392280833, 0.01199466278533625925, 0.01223455604104298385, 0.01247444929674971018, 0.01295423580816316110, 0.01343402231957661203, 0.01439359534240350867, 0.01535316836523040532 ),
 .UNSPECIFIED. ) ;
#1080 = CARTESIAN_POINT ( 'NONE',  ( -75.00001844226908077, -0.3990547476009467798, 0.6440178378297228834 ) ) ;
#1081 = EDGE_LOOP ( 'NONE', ( #1139, #882, #1738, #1599 ) ) ;
#1082 = EDGE_LOOP ( 'NONE', ( #214, #444, #485, #923 ) ) ;
#1083 = EDGE_CURVE ( 'NONE', #1071, #2108, #311, .T. ) ;
#1084 = CARTESIAN_POINT ( 'NONE',  ( 7.356500437985062035, -4.852457120910497856, 1.824988225002637243 ) ) ;
#1085 = CARTESIAN_POINT ( 'NONE',  ( -6.529506481925973382, 4.887814051346085265, 3.527750245095893078 ) ) ;
#1086 = AXIS2_PLACEMENT_3D ( 'NONE', #1297, #639, #801 ) ;
#1087 = CARTESIAN_POINT ( 'NONE',  ( -75.00001844226908077, -2.085480329271947930, -5.722308490961444782 ) ) ;
#1088 = CARTESIAN_POINT ( 'NONE',  ( -6.206905142490451333, 3.905918262441118838, 4.344706601215305497 ) ) ;
#1089 = CIRCLE ( 'NONE', #1257, 0.2999999999999999334 ) ;
#1090 = CIRCLE ( 'NONE', #954, 2.250000000000000444 ) ;
#1091 = CARTESIAN_POINT ( 'NONE',  ( 6.412571672820837065, -5.019603808553276814, 4.032277059669017838 ) ) ;
#1092 = DIRECTION ( 'NONE',  ( 0.000000000000000000, 1.000000000000000000, 0.000000000000000000 ) ) ;
#1093 = VERTEX_POINT ( 'NONE', #166 ) ;
#1094 = EDGE_LOOP ( 'NONE', ( #1240, #762, #851, #1633 ) ) ;
#1095 = AXIS2_PLACEMENT_3D ( 'NONE', #633, #136, #1276 ) ;
#1096 = CARTESIAN_POINT ( 'NONE',  ( 7.285752272724670853, -5.018508903210626038, 2.093982324301999931 ) ) ;
#1097 = CARTESIAN_POINT ( 'NONE',  ( 56.68669224873855228, -3.978599485107434663, 9.314702175495954251 ) ) ;
#1098 = ADVANCED_FACE ( 'NONE', ( #1619 ), #805, .T. ) ;
#1099 = CARTESIAN_POINT ( 'NONE',  ( -7.095302341516024569, 5.121388778510788775, 2.657482346916262728 ) ) ;
#1100 = CARTESIAN_POINT ( 'NONE',  ( 74.99998155773091923, 1.189236237348545888, -5.280641557419011534 ) ) ;
#1101 = TOROIDAL_SURFACE ( 'NONE', #188, 1.050000000000130163, 0.3000000000000000444 ) ;
#1102 = FACE_BOUND ( 'NONE', #1442, .T. ) ;
#1103 = EDGE_CURVE ( 'NONE', #1791, #933, #1487, .T. ) ;
#1104 = CARTESIAN_POINT ( 'NONE',  ( -56.67315965251745524, -4.719704910565748257, -10.84835170790081271 ) ) ;
#1105 = ORIENTED_EDGE ( 'NONE', *, *, #701, .T. ) ;
#1106 = CARTESIAN_POINT ( 'NONE',  ( 7.503180490462230345, -4.280966758565639907, 1.067598267638168785 ) ) ;
#1107 = CARTESIAN_POINT ( 'NONE',  ( 4.026999685329354151, -9.748194264373537976, 2.324993213527470903 ) ) ;
#1108 = TOROIDAL_SURFACE ( 'NONE', #56, 1.050000000000000044, 0.3000000000000000444 ) ;
#1109 = CARTESIAN_POINT ( 'NONE',  ( -6.653628224142080327, 4.842669138596244593, 3.632811446505992858 ) ) ;
#1110 = CARTESIAN_POINT ( 'NONE',  ( 4.499981557730919235, -6.281492329496328075, -1.393377473878550266 ) ) ;
#1111 = UNCERTAINTY_MEASURE_WITH_UNIT (LENGTH_MEASURE( 1.000000000000000082E-05 ), #978, 'distance_accuracy_value', 'NONE');
#1112 = AXIS2_PLACEMENT_3D ( 'NONE', #2097, #459, #1113 ) ;
#1113 = DIRECTION ( 'NONE',  ( 0.000000000000000000, 0.000000000000000000, 1.000000000000000000 ) ) ;
#1114 = EDGE_LOOP ( 'NONE', ( #1206, #1231 ) ) ;
#1115 = CARTESIAN_POINT ( 'NONE',  ( -1.844226802188400800E-05, -7.481245532246346031, 3.599993213526888169 ) ) ;
#1116 = CARTESIAN_POINT ( 'NONE',  ( -6.605956227193252595, 5.177048115648410054, 2.747500075301648081 ) ) ;
#1117 = CARTESIAN_POINT ( 'NONE',  ( -4.027036569865924953, -7.481245532246346031, 1.574993213527453806 ) ) ;
#1118 = CARTESIAN_POINT ( 'NONE',  ( 38.37451464719301697, 5.539444893218133714, -10.08147738344367816 ) ) ;
#1119 = CIRCLE ( 'NONE', #1181, 0.7500000000009334755 ) ;
#1120 = CARTESIAN_POINT ( 'NONE',  ( -75.00001844226908077, -2.085480329271947930, -5.722308490961444782 ) ) ;
#1121 = EDGE_CURVE ( 'NONE', #443, #1034, #607, .T. ) ;
#1122 = AXIS2_PLACEMENT_3D ( 'NONE', #1702, #1531, #1033 ) ;
#1123 = CARTESIAN_POINT ( 'NONE',  ( 4.026999685328824796, -7.481245532246346031, -2.325006786472529452 ) ) ;
#1124 = ORIENTED_EDGE ( 'NONE', *, *, #1753, .F. ) ;
#1125 = VECTOR ( 'NONE', #400, 1000.000000000000000 ) ;
#1126 = CIRCLE ( 'NONE', #653, 1.049999999999999822 ) ;
#1127 = CARTESIAN_POINT ( 'NONE',  ( -4.027036569865924953, 6.918754467753656101, 1.574993213527453806 ) ) ;
#1128 = EDGE_LOOP ( 'NONE', ( #1164, #2046 ) ) ;
#1129 = UNCERTAINTY_MEASURE_WITH_UNIT (LENGTH_MEASURE( 1.000000000000000082E-05 ), #1178, 'distance_accuracy_value', 'NONE');
#1130 = CARTESIAN_POINT ( 'NONE',  ( 4.026999685328824796, -7.481245532246346031, -1.575006786472399334 ) ) ;
#1131 = EDGE_CURVE ( 'NONE', #615, #1205, #1622, .T. ) ;
#1132 = CARTESIAN_POINT ( 'NONE',  ( 4.026999685329354151, -9.748194264373537976, 1.574993213526826086 ) ) ;
#1133 = CARTESIAN_POINT ( 'NONE',  ( -1.844226907759180580E-05, 6.468754467753655923, -6.786472071533400538E-06 ) ) ;
#1134 = EDGE_CURVE ( 'NONE', #684, #1307, #621, .T. ) ;
#1135 = DIRECTION ( 'NONE',  ( 0.000000000000000000, 0.000000000000000000, 1.000000000000000000 ) ) ;
#1136 = EDGE_LOOP ( 'NONE', ( #1419, #568, #819, #2022 ) ) ;
#1137 = DIRECTION ( 'NONE',  ( -0.000000000000000000, 1.000000000000000000, -0.000000000000000000 ) ) ;
#1138 = ORIENTED_EDGE ( 'NONE', *, *, #2066, .T. ) ;
#1139 = ORIENTED_EDGE ( 'NONE', *, *, #205, .F. ) ;
#1140 = CARTESIAN_POINT ( 'NONE',  ( -6.130631201546784759, -3.526069489098880183, -4.449316696459374221 ) ) ;
#1141 = DIRECTION ( 'NONE',  ( 0.000000000000000000, 0.000000000000000000, 1.000000000000000000 ) ) ;
#1142 = DIRECTION ( 'NONE',  ( 1.000000000000000000, -0.000000000000000000, 1.224646799147353207E-16 ) ) ;
#1143 = ORIENTED_EDGE ( 'NONE', *, *, #1850, .F. ) ;
#1144 = CARTESIAN_POINT ( 'NONE',  ( -1.844226802192074552E-05, -7.481245532246346031, 3.899993213526887992 ) ) ;
#1145 = VERTEX_POINT ( 'NONE', #1130 ) ;
#1146 = EDGE_CURVE ( 'NONE', #1976, #424, #977, .T. ) ;
#1147 = CARTESIAN_POINT ( 'NONE',  ( -6.642942030486757687, -5.296078157629240835, -2.633597098786784940 ) ) ;
#1148 = DIRECTION ( 'NONE',  ( 1.224668469571842902E-16, 0.000000000000000000, -1.000000000000000000 ) ) ;
#1149 = CARTESIAN_POINT ( 'NONE',  ( -1.844226907759180580E-05, -7.481245532246346031, -3.900006786472071774 ) ) ;
#1150 = AXIS2_PLACEMENT_3D ( 'NONE', #1174, #1500, #1672 ) ;
#1151 = DIRECTION ( 'NONE',  ( 0.000000000000000000, -0.000000000000000000, 1.000000000000000000 ) ) ;
#1152 = ORIENTED_EDGE ( 'NONE', *, *, #1313, .T. ) ;
#1153 = DIRECTION ( 'NONE',  ( -0.000000000000000000, -1.000000000000000000, -0.000000000000000000 ) ) ;
#1154 =( GEOMETRIC_REPRESENTATION_CONTEXT ( 3 ) GLOBAL_UNCERTAINTY_ASSIGNED_CONTEXT ( ( #1111 ) ) GLOBAL_UNIT_ASSIGNED_CONTEXT ( ( #978, #7, #1614 ) ) REPRESENTATION_CONTEXT ( 'NONE', 'WORKASPACE' ) );
#1155 = ORIENTED_EDGE ( 'NONE', *, *, #930, .T. ) ;
#1156 = CARTESIAN_POINT ( 'NONE',  ( 22.89598045062784948, 1.348910450497945002, -4.536040407541806374 ) ) ;
#1157 = CARTESIAN_POINT ( 'NONE',  ( -56.71118663868524834, -1.405444132320739836, -0.3461201688014856059 ) ) ;
#1158 = ADVANCED_FACE ( 'NONE', ( #1600, #794 ), #1444, .T. ) ;
#1159 = DIRECTION ( 'NONE',  ( 0.000000000000000000, 1.000000000000000000, 0.000000000000000000 ) ) ;
#1160 = CARTESIAN_POINT ( 'NONE',  ( -7.587633632685109042, -3.198353189913570649, 0.1008176473775563436 ) ) ;
#1161 = DIRECTION ( 'NONE',  ( 0.000000000000000000, 0.000000000000000000, 1.000000000000000000 ) ) ;
#1162 = DIRECTION ( 'NONE',  ( 0.000000000000000000, 0.000000000000000000, -1.000000000000000000 ) ) ;
#1163 = CIRCLE ( 'NONE', #790, 1.050000000000130163 ) ;
#1164 = ORIENTED_EDGE ( 'NONE', *, *, #165, .T. ) ;
#1165 = VERTEX_POINT ( 'NONE', #1465 ) ;
#1166 = CARTESIAN_POINT ( 'NONE',  ( 56.66862576441261012, 2.610904076725353740, -9.014276108134932741 ) ) ;
#1167 = CARTESIAN_POINT ( 'NONE',  ( -68.99365775274254986, -0.9956340708274049600, -0.8643477669000345642 ) ) ;
#1168 = DIRECTION ( 'NONE',  ( 0.000000000000000000, 0.000000000000000000, 1.000000000000000000 ) ) ;
#1169 = CARTESIAN_POINT ( 'NONE',  ( -6.412608557358993266, -5.019603808553276814, -4.032290632613160675 ) ) ;
#1170 = CARTESIAN_POINT ( 'NONE',  ( 4.026999685328824796, 6.918754467753656101, -2.325006786472529452 ) ) ;
#1171 = ORIENTED_EDGE ( 'NONE', *, *, #1398, .T. ) ;
#1172 = CARTESIAN_POINT ( 'NONE',  ( -4.027036569866455196, -9.748194264373537976, -2.325006786471611075 ) ) ;
#1173 = VERTEX_POINT ( 'NONE', #1652 ) ;
#1174 = CARTESIAN_POINT ( 'NONE',  ( -4.027036569866455196, -7.781245532246345853, -2.325006786471611075 ) ) ;
#1175 = CARTESIAN_POINT ( 'NONE',  ( -23.04098574030537705, -9.740311473834358580, -9.148187862299092643 ) ) ;
#1176 = CARTESIAN_POINT ( 'NONE',  ( 10.98778336467505490, 5.582445020032468008, -2.570826100723656804 ) ) ;
#1177 = CARTESIAN_POINT ( 'NONE',  ( 4.026999685328824796, 6.918754467753656101, -1.575006786472399334 ) ) ;
#1178 =( LENGTH_UNIT ( ) NAMED_UNIT ( * ) SI_UNIT ( .MILLI., .METRE. ) );
#1179 = EDGE_CURVE ( 'NONE', #1205, #615, #503, .T. ) ;
#1180 = CARTESIAN_POINT ( 'NONE',  ( 4.026999685329354151, -7.481245532246346031, 1.274993213526826041 ) ) ;
#1181 = AXIS2_PLACEMENT_3D ( 'NONE', #314, #956, #1404 ) ;
#1182 = FACE_OUTER_BOUND ( 'NONE', #2071, .T. ) ;
#1183 = VERTEX_POINT ( 'NONE', #1501 ) ;
#1184 = TOROIDAL_SURFACE ( 'NONE', #280, 2.550000000000000711, 0.3000000000000000444 ) ;
#1185 = DIRECTION ( 'NONE',  ( 0.000000000000000000, 0.000000000000000000, 1.000000000000000000 ) ) ;
#1186 = AXIS2_PLACEMENT_3D ( 'NONE', #1036, #1207, #872 ) ;
#1187 = CARTESIAN_POINT ( 'NONE',  ( -38.35883681061645234, -5.616742945920025321, -9.628932970567072758 ) ) ;
#1188 = CARTESIAN_POINT ( 'NONE',  ( 69.08914611542435580, 2.360202272684265523, -7.535161623687645083 ) ) ;
#1189 = AXIS2_PLACEMENT_3D ( 'NONE', #1022, #2041, #2007 ) ;
#1190 = CARTESIAN_POINT ( 'NONE',  ( -1.844226907759180580E-05, 7.218754467753654147, 6.824993213527928759 ) ) ;
#1191 = DIRECTION ( 'NONE',  ( -0.000000000000000000, 1.000000000000000000, -0.000000000000000000 ) ) ;
#1192 = CARTESIAN_POINT ( 'NONE',  ( -1.844226907759180580E-05, -7.481245532246346031, -4.650006786472071774 ) ) ;
#1193 = CARTESIAN_POINT ( 'NONE',  ( -4.027036569865924953, 6.918754467753656101, 1.274993213527453761 ) ) ;
#1194 = ORIENTED_EDGE ( 'NONE', *, *, #1131, .F. ) ;
#1195 = CARTESIAN_POINT ( 'NONE',  ( -4.027036569866455196, -7.481245532246346031, -2.325006786471611075 ) ) ;
#1196 = AXIS2_PLACEMENT_3D ( 'NONE', #1822, #1363, #2019 ) ;
#1197 = CARTESIAN_POINT ( 'NONE',  ( -56.66481240923523899, 3.598641263726555461, 10.63198068569358767 ) ) ;
#1198 = CARTESIAN_POINT ( 'NONE',  ( 69.00001146455386447, -1.708715712407318676, 4.877297211443116787 ) ) ;
#1199 = AXIS2_PLACEMENT_3D ( 'NONE', #1416, #1527, #1384 ) ;
#1200 = CARTESIAN_POINT ( 'NONE',  ( -6.166834536756657492, 2.593879487300335018, -1.702932365679285853 ) ) ;
#1201 = DIRECTION ( 'NONE',  ( 0.000000000000000000, 1.000000000000000000, 0.000000000000000000 ) ) ;
#1202 = DIRECTION ( 'NONE',  ( 1.000000000000000000, 0.000000000000000000, 0.000000000000000000 ) ) ;
#1203 = DIRECTION ( 'NONE',  ( 1.000000000000000000, -0.000000000000000000, 1.224646799147353207E-16 ) ) ;
#1204 = DIRECTION ( 'NONE',  ( 0.000000000000000000, 0.000000000000000000, -1.000000000000000000 ) ) ;
#1205 = VERTEX_POINT ( 'NONE', #385 ) ;
#1206 = ORIENTED_EDGE ( 'NONE', *, *, #114, .T. ) ;
#1207 = DIRECTION ( 'NONE',  ( 0.000000000000000000, 1.000000000000000000, 0.000000000000000000 ) ) ;
#1208 = AXIS2_PLACEMENT_3D ( 'NONE', #1983, #1201, #1809 ) ;
#1209 = CARTESIAN_POINT ( 'NONE',  ( 5.953451498839871903, 3.040744783555440645, -4.684730534873769336 ) ) ;
#1210 = CARTESIAN_POINT ( 'NONE',  ( 6.166797652218501291, 2.593879487300335018, 1.702918792735143017 ) ) ;
#1211 = ADVANCED_FACE ( 'NONE', ( #535 ), #1830, .T. ) ;
#1212 = CARTESIAN_POINT ( 'NONE',  ( -6.493780713500048485, -5.205404516191193487, -3.791520632039089289 ) ) ;
#1213 = FACE_OUTER_BOUND ( 'NONE', #983, .T. ) ;
#1214 = CARTESIAN_POINT ( 'NONE',  ( -1.844226907759180580E-05, -7.481245532246346031, -6.786472071533400538E-06 ) ) ;
#1215 = CARTESIAN_POINT ( 'NONE',  ( 6.528032770932202133, 4.649298144327815407, -3.844776068696736271 ) ) ;
#1216 = FACE_OUTER_BOUND ( 'NONE', #1663, .T. ) ;
#1217 = VERTEX_POINT ( 'NONE', #2024 ) ;
#1218 = ORIENTED_EDGE ( 'NONE', *, *, #1103, .F. ) ;
#1219 = DIRECTION ( 'NONE',  ( 0.000000000000000000, 0.000000000000000000, 1.000000000000000000 ) ) ;
#1220 = CARTESIAN_POINT ( 'NONE',  ( -38.40854058188948983, 4.347708363549268817, 7.193548468008507335 ) ) ;
#1221 = CARTESIAN_POINT ( 'NONE',  ( 11.28479628542525326, -0.5451267586213783822, -1.171448667469168869 ) ) ;
#1222 = TOROIDAL_SURFACE ( 'NONE', #538, 6.825000000000000178, 0.7500000000000000000 ) ;
#1223 = ADVANCED_FACE ( 'NONE', ( #2050, #417 ), #1403, .T. ) ;
#1224 = DIRECTION ( 'NONE',  ( 0.000000000000000000, 0.000000000000000000, 1.000000000000000000 ) ) ;
#1225 = CIRCLE ( 'NONE', #539, 0.7499999999999997780 ) ;
#1226 = CARTESIAN_POINT ( 'NONE',  ( 56.68485943313829267, -4.490941550357447021, 9.876302791527429292 ) ) ;
#1227 = DIRECTION ( 'NONE',  ( 0.000000000000000000, 0.000000000000000000, 1.000000000000000000 ) ) ;
#1228 = CARTESIAN_POINT ( 'NONE',  ( 7.040629310580045264, 5.120391715616058548, -2.799059624813028169 ) ) ;
#1229 = CARTESIAN_POINT ( 'NONE',  ( -4.027036569866455196, 6.918754467753656101, -2.325006786471611075 ) ) ;
#1230 = ORIENTED_EDGE ( 'NONE', *, *, #1893, .T. ) ;
#1231 = ORIENTED_EDGE ( 'NONE', *, *, #768, .T. ) ;
#1232 = FACE_OUTER_BOUND ( 'NONE', #1032, .T. ) ;
#1233 = CARTESIAN_POINT ( 'NONE',  ( -11.17368368649952082, 6.417841656738182188, 2.487783370129996730 ) ) ;
#1234 = CARTESIAN_POINT ( 'NONE',  ( -11.06543307052916170, 6.747502802247922205, 2.881277644210118005 ) ) ;
#1235 = CARTESIAN_POINT ( 'NONE',  ( -56.70708335441569403, -2.539661466754845165, -6.234119855319258718 ) ) ;
#1236 = CARTESIAN_POINT ( 'NONE',  ( 23.09152796997547696, -8.824604418517425941, 7.289159396918325484 ) ) ;
#1237 = FACE_BOUND ( 'NONE', #964, .T. ) ;
#1238 = EDGE_CURVE ( 'NONE', #1072, #327, #1796, .T. ) ;
#1239 = CARTESIAN_POINT ( 'NONE',  ( -75.00001844226908077, -2.085480329271947930, -5.722308490961444782 ) ) ;
#1240 = ORIENTED_EDGE ( 'NONE', *, *, #2052, .F. ) ;
#1241 = ORIENTED_EDGE ( 'NONE', *, *, #995, .F. ) ;
#1242 = B_SPLINE_SURFACE_WITH_KNOTS ( 'NONE', 3, 3, ( 
 ( #1866, #1078, #1066, #1246, #90, #103, #732, #1550 ),
 ( #2040, #1721, #1397, #118, #1902, #1226, #1711, #438 ),
 ( #267, #587, #1407, #1236, #1892, #2063, #1435, #829 ),
 ( #2105, #32, #1445, #206, #1275, #2096, #1924, #299 ),
 ( #1110, #1583, #632, #675, #622, #1483, #1752, #1267 ),
 ( #135, #775, #1491, #43, #1005, #158, #307, #1327 ),
 ( #685, #1335, #948, #1156, #449, #1805, #1931, #939 ),
 ( #457, #841, #1592, #1425, #1979, #1166, #145, #195 ),
 ( #515, #994, #795, #2088, #786, #1814, #1641, #1100 ),
 ( #361, #1651, #466, #1744, #1118, #640, #1764, #316 ),
 ( #958, #1601, #1285, #1966, #504, #352, #719, #369 ) ),
 .UNSPECIFIED., .F., .F., .F.,
 ( 4, 1, 1, 1, 1, 1, 1, 1, 4 ),
 ( 4, 1, 1, 1, 1, 4 ),
 ( 0.000000000000000000, 0.1250000000000000000, 0.2500000000000000000, 0.3750000000000000000, 0.5000000000000000000, 0.6250000000000000000, 0.7500000000000000000, 0.8750000000000000000, 1.000000000000000000 ),
 ( 0.000000000000000000, 0.1026095651418721250, 0.2519649376674040209, 0.4803077596817142969, 0.7484873134758729396, 1.000000000000000000 ),
 .UNSPECIFIED. ) ;
#1243 = CARTESIAN_POINT ( 'NONE',  ( -56.67307067376482621, 4.156697908862499347, 10.84868223916057595 ) ) ;
#1244 = CARTESIAN_POINT ( 'NONE',  ( -56.67322108003482839, 4.204239554193125450, 10.66534813772548951 ) ) ;
#1245 = CARTESIAN_POINT ( 'NONE',  ( -22.98722913543426927, 4.402700483603080528, 2.052962160956509408 ) ) ;
#1246 = CARTESIAN_POINT ( 'NONE',  ( 23.04094885576722262, -9.740311473834358580, 9.148174289354949806 ) ) ;
#1247 = DIRECTION ( 'NONE',  ( 0.000000000000000000, -0.000000000000000000, 1.000000000000000000 ) ) ;
#1248 = EDGE_CURVE ( 'NONE', #1388, #897, #1863, .T. ) ;
#1249 = CARTESIAN_POINT ( 'NONE',  ( 4.026999685328824796, -7.481245532246346031, -2.325006786472529452 ) ) ;
#1250 = ORIENTED_EDGE ( 'NONE', *, *, #1443, .T. ) ;
#1251 = VERTEX_POINT ( 'NONE', #1127 ) ;
#1252 = DIRECTION ( 'NONE',  ( -0.000000000000000000, 1.000000000000000000, -0.000000000000000000 ) ) ;
#1253 = CARTESIAN_POINT ( 'NONE',  ( -11.17530338885312169, 1.674964989792382397, 1.762217472469712387 ) ) ;
#1254 = AXIS2_PLACEMENT_3D ( 'NONE', #220, #1634, #678 ) ;
#1255 = CARTESIAN_POINT ( 'NONE',  ( -4.027036569866455196, -9.748194264373537976, -3.075006786472051612 ) ) ;
#1256 = CARTESIAN_POINT ( 'NONE',  ( -5.912626657005707997, 1.205281944053412602, 4.735710862734031856 ) ) ;
#1257 = AXIS2_PLACEMENT_3D ( 'NONE', #532, #1884, #423 ) ;
#1258 = ADVANCED_FACE ( 'NONE', ( #163 ), #1593, .T. ) ;
#1259 = CIRCLE ( 'NONE', #982, 0.3000000000000000444 ) ;
#1260 = CARTESIAN_POINT ( 'NONE',  ( 7.494666535271156782, 4.429006788724665356, -1.125862218828021399 ) ) ;
#1261 = CARTESIAN_POINT ( 'NONE',  ( -4.027036569865924953, -7.781245532246345853, 2.324993213528387059 ) ) ;
#1262 = ORIENTED_EDGE ( 'NONE', *, *, #101, .T. ) ;
#1263 = ORIENTED_EDGE ( 'NONE', *, *, #913, .F. ) ;
#1264 = CYLINDRICAL_SURFACE ( 'NONE', #210, 0.7500000000010406120 ) ;
#1265 = CARTESIAN_POINT ( 'NONE',  ( -6.491281609292338217, 4.628422566899127233, 3.801171751378592756 ) ) ;
#1266 = CARTESIAN_POINT ( 'NONE',  ( -6.981606665188828664, -0.3072915135379909457, -2.946123659059526112 ) ) ;
#1267 = CARTESIAN_POINT ( 'NONE',  ( 74.99998155773093345, -0.9594057710152713581, 1.275865401211000894 ) ) ;
#1268 = LINE ( 'NONE', #1457, #1748 ) ;
#1269 = FACE_OUTER_BOUND ( 'NONE', #162, .T. ) ;
#1270 = ORIENTED_EDGE ( 'NONE', *, *, #1808, .F. ) ;
#1271 = DIRECTION ( 'NONE',  ( 1.224668469571842902E-16, 0.000000000000000000, -1.000000000000000000 ) ) ;
#1272 = CARTESIAN_POINT ( 'NONE',  ( -23.07805394702146273, 8.584964816935009679, 7.301656240623978000 ) ) ;
#1273 = CARTESIAN_POINT ( 'NONE',  ( -6.339616407018274558, -4.734270035161227241, -4.148370938369022376 ) ) ;
#1274 = EDGE_CURVE ( 'NONE', #327, #1072, #916, .T. ) ;
#1275 = CARTESIAN_POINT ( 'NONE',  ( 38.35779722720562290, -2.637749594880714810, 5.123100777673921691 ) ) ;
#1276 = DIRECTION ( 'NONE',  ( 0.000000000000000000, 0.000000000000000000, 1.000000000000000000 ) ) ;
#1277 = PLANE ( 'NONE',  #376 ) ;
#1278 = ORIENTED_EDGE ( 'NONE', *, *, #1443, .F. ) ;
#1279 = EDGE_CURVE ( 'NONE', #557, #1388, #1963, .T. ) ;
#1280 = DIRECTION ( 'NONE',  ( -1.000000000000000000, 0.000000000000000000, 0.000000000000000000 ) ) ;
#1281 = ORIENTED_EDGE ( 'NONE', *, *, #1131, .T. ) ;
#1282 = ORIENTED_EDGE ( 'NONE', *, *, #1146, .F. ) ;
#1283 = CARTESIAN_POINT ( 'NONE',  ( -6.717020830673657628, -1.026429753735073058, -3.507924097311971412 ) ) ;
#1284 = FACE_OUTER_BOUND ( 'NONE', #797, .T. ) ;
#1285 = CARTESIAN_POINT ( 'NONE',  ( 11.06539618599100550, 6.747502802247934639, -2.881291217154243522 ) ) ;
#1286 = CIRCLE ( 'NONE', #1829, 0.7500000000001303402 ) ;
#1287 = ADVANCED_FACE ( 'NONE', ( #140 ), #1520, .T. ) ;
#1288 = AXIS2_PLACEMENT_3D ( 'NONE', #967, #1635, #667 ) ;
#1289 = DIRECTION ( 'NONE',  ( 0.000000000000000000, 0.000000000000000000, 1.000000000000000000 ) ) ;
#1290 = AXIS2_PLACEMENT_3D ( 'NONE', #367, #1964, #695 ) ;
#1291 = DIRECTION ( 'NONE',  ( 0.000000000000000000, 1.000000000000000000, 0.000000000000000000 ) ) ;
#1292 = ORIENTED_EDGE ( 'NONE', *, *, #1609, .T. ) ;
#1293 = AXIS2_PLACEMENT_3D ( 'NONE', #451, #510, #1974 ) ;
#1294 = CARTESIAN_POINT ( 'NONE',  ( 7.581761156283007175, -3.652127105924841466, 0.3547356860162900194 ) ) ;
#1295 = ORIENTED_EDGE ( 'NONE', *, *, #2065, .T. ) ;
#1296 = CIRCLE ( 'NONE', #1566, 1.050000000000440581 ) ;
#1297 = CARTESIAN_POINT ( 'NONE',  ( 4.026999685329354151, 6.918754467753656101, 2.324993213527470903 ) ) ;
#1298 = CARTESIAN_POINT ( 'NONE',  ( -1.844226907731625920E-05, -7.481245532246346031, -2.250006786472071418 ) ) ;
#1299 = CARTESIAN_POINT ( 'NONE',  ( -6.403681852063727753, 4.436120530372083870, 4.046438559020199222 ) ) ;
#1300 = FACE_BOUND ( 'NONE', #2110, .T. ) ;
#1301 = ADVANCED_FACE ( 'NONE', ( #605 ), #1264, .F. ) ;
#1302 = EDGE_LOOP ( 'NONE', ( #1544, #953, #1411, #1533 ) ) ;
#1303 = B_SPLINE_CURVE_WITH_KNOTS ( 'NONE', 3,
 ( #1746, #520, #1626, #337 ),
 .UNSPECIFIED., .F., .F.,
 ( 4, 4 ),
 ( 0.000000000000000000, 1.000000000000000000 ),
 .UNSPECIFIED. ) ;
#1304 = AXIS2_PLACEMENT_3D ( 'NONE', #1506, #1350, #60 ) ;
#1305 = DIRECTION ( 'NONE',  ( 0.000000000000000000, 1.000000000000000000, 0.000000000000000000 ) ) ;
#1306 = EDGE_LOOP ( 'NONE', ( #154, #1704, #1934, #1615 ) ) ;
#1307 = VERTEX_POINT ( 'NONE', #2092 ) ;
#1308 = CARTESIAN_POINT ( 'NONE',  ( -38.34174809404683515, -4.516802752458728420, -8.037017882536142466 ) ) ;
#1309 = CARTESIAN_POINT ( 'NONE',  ( -75.00001844226908077, 1.522989264779258223, 5.722294918017301057 ) ) ;
#1310 = FACE_OUTER_BOUND ( 'NONE', #262, .T. ) ;
#1311 = FACE_OUTER_BOUND ( 'NONE', #626, .T. ) ;
#1312 = VERTEX_POINT ( 'NONE', #1421 ) ;
#1313 = EDGE_CURVE ( 'NONE', #1401, #327, #677, .T. ) ;
#1314 = DIRECTION ( 'NONE',  ( 0.000000000000000000, 0.000000000000000000, 1.000000000000000000 ) ) ;
#1315 = ORIENTED_EDGE ( 'NONE', *, *, #1595, .T. ) ;
#1316 = CARTESIAN_POINT ( 'NONE',  ( -6.255127288090920779, -3.737738017191368112, 0.5717720888375741328 ) ) ;
#1317 = CARTESIAN_POINT ( 'NONE',  ( 23.04012002796837066, 9.173014508045254090, -9.151393157063246520 ) ) ;
#1318 = DIRECTION ( 'NONE',  ( 0.000000000000000000, 0.000000000000000000, 1.000000000000000000 ) ) ;
#1319 = PRODUCT_DEFINITION ( 'UNKNOWN', '', #541, #1996 ) ;
#1320 = CIRCLE ( 'NONE', #1937, 1.050000000000130163 ) ;
#1321 = CARTESIAN_POINT ( 'NONE',  ( -1.844226907759180580E-05, -9.748194264373537976, -4.650006786472071774 ) ) ;
#1322 = ORIENTED_EDGE ( 'NONE', *, *, #225, .T. ) ;
#1323 = AXIS2_PLACEMENT_3D ( 'NONE', #664, #501, #1803 ) ;
#1324 = CARTESIAN_POINT ( 'NONE',  ( -1.844226907746321942E-05, -7.781245532246345853, -5.700006786472070708 ) ) ;
#1325 = CIRCLE ( 'NONE', #1837, 1.050000000000933520 ) ;
#1326 = ORIENTED_EDGE ( 'NONE', *, *, #1064, .F. ) ;
#1327 = CARTESIAN_POINT ( 'NONE',  ( 74.99998155773096187, -0.4015091062541681910, -0.6574485904468188036 ) ) ;
#1328 = AXIS2_PLACEMENT_3D ( 'NONE', #421, #1539, #1881 ) ;
#1329 = CARTESIAN_POINT ( 'NONE',  ( -69.06681595345651203, -2.788508262241761404, -7.262102416614859557 ) ) ;
#1330 = CYLINDRICAL_SURFACE ( 'NONE', #1288, 0.7500000000010406120 ) ;
#1331 = CARTESIAN_POINT ( 'NONE',  ( -6.915945925711997511, -5.323089735762835950, -3.094535621555976945 ) ) ;
#1332 = VERTEX_POINT ( 'NONE', #312 ) ;
#1333 = CARTESIAN_POINT ( 'NONE',  ( 4.026999685329354151, -7.781245532246345853, 2.324993213527470903 ) ) ;
#1334 = EDGE_LOOP ( 'NONE', ( #1739, #1986, #107, #1928 ) ) ;
#1335 = CARTESIAN_POINT ( 'NONE',  ( 6.054088211961155430, -0.5406200136927500344, -3.413426619560695041 ) ) ;
#1336 = AXIS2_PLACEMENT_3D ( 'NONE', #58, #1341, #1818 ) ;
#1337 = CARTESIAN_POINT ( 'NONE',  ( -22.90583855224044285, -1.698388520828670867, 1.609350920063933099 ) ) ;
#1338 = CARTESIAN_POINT ( 'NONE',  ( 68.98457366780883149, -0.4975244758522522903, 1.736545341126218167 ) ) ;
#1339 = B_SPLINE_SURFACE_WITH_KNOTS ( 'NONE', 3, 3, ( 
 ( #1817, #821, #1476, #1317, #1969, #1696, #1503, #2002 ),
 ( #393, #537, #1050, #730, #900, #1548, #1188, #1371 ),
 ( #2025, #1674, #1176, #1536, #55, #418, #1842, #1827 ),
 ( #1382, #700, #404, #240, #386, #561, #1877, #572 ),
 ( #1667, #688, #2036, #265, #1683, #876, #1063, #1708 ),
 ( #1029, #1210, #1221, #1524, #231, #864, #1511, #67 ),
 ( #1018, #221, #708, #77, #372, #255, #1338, #1358 ),
 ( #2015, #1347, #1991, #550, #527, #855, #1198, #1852 ),
 ( #1039, #721, #1862, #889, #88, #1097, #1422, #1589 ),
 ( #447, #1741, #2073, #100, #2085, #764, #1581, #1889 ) ),
 .UNSPECIFIED., .F., .F., .F.,
 ( 4, 1, 1, 1, 1, 1, 1, 4 ),
 ( 4, 1, 1, 1, 1, 4 ),
 ( 0.000000000000000000, 0.1250000000000000000, 0.2500000000000000000, 0.3750000000000000000, 0.5000000000000000000, 0.6250000000000000000, 0.7500000000000000000, 1.000000000000000000 ),
 ( 0.000000000000000000, 0.1026095651418721250, 0.2519649376674040209, 0.4803077596817142969, 0.7484873134758729396, 1.000000000000000000 ),
 .UNSPECIFIED. ) ;
#1340 = ADVANCED_FACE ( 'NONE', ( #627 ), #473, .T. ) ;
#1341 = DIRECTION ( 'NONE',  ( -1.000000000000000000, 0.000000000000000000, 0.000000000000000000 ) ) ;
#1342 = DIRECTION ( 'NONE',  ( 1.000000000000000000, -0.000000000000000000, 1.224646799147353207E-16 ) ) ;
#1343 = CYLINDRICAL_SURFACE ( 'NONE', #709, 0.7500000000004406475 ) ;
#1344 = ORIENTED_EDGE ( 'NONE', *, *, #687, .T. ) ;
#1345 = DIRECTION ( 'NONE',  ( 0.000000000000000000, 1.000000000000000000, 0.000000000000000000 ) ) ;
#1346 = CARTESIAN_POINT ( 'NONE',  ( -4.500018442269073660, -6.281492329496328075, 1.393363900934407207 ) ) ;
#1347 = CARTESIAN_POINT ( 'NONE',  ( 6.229535620854838029, -2.073264850317824148, 3.889040269643788239 ) ) ;
#1348 = DIRECTION ( 'NONE',  ( -0.000000000000000000, 1.000000000000000000, -0.000000000000000000 ) ) ;
#1349 = EDGE_CURVE ( 'NONE', #484, #838, #152, .T. ) ;
#1350 = DIRECTION ( 'NONE',  ( 0.000000000000000000, 1.000000000000000000, 0.000000000000000000 ) ) ;
#1351 = VECTOR ( 'NONE', #1424, 1000.000000000000000 ) ;
#1352 = DIRECTION ( 'NONE',  ( 0.000000000000000000, 0.000000000000000000, 1.000000000000000000 ) ) ;
#1353 = EDGE_LOOP ( 'NONE', ( #138, #1490, #670, #183 ) ) ;
#1354 = AXIS2_PLACEMENT_3D ( 'NONE', #359, #1616, #827 ) ;
#1355 = CARTESIAN_POINT ( 'NONE',  ( -4.027036569865924953, -9.748194264373537976, 1.574993213527453806 ) ) ;
#1356 = CIRCLE ( 'NONE', #346, 0.7500000000009334755 ) ;
#1357 = CARTESIAN_POINT ( 'NONE',  ( -6.491281609292338217, 4.628422566899130786, 3.801171751378587427 ) ) ;
#1358 = CARTESIAN_POINT ( 'NONE',  ( 74.99998155773094766, -0.5745766682798564284, 1.880223667518610142 ) ) ;
#1359 = CIRCLE ( 'NONE', #1629, 0.2999999999999999334 ) ;
#1360 = CARTESIAN_POINT ( 'NONE',  ( -75.00001844226910919, 0.02977463131896592591, -0.1942827900252561690 ) ) ;
#1361 = CARTESIAN_POINT ( 'NONE',  ( -7.055884058219922927, -0.5747908115000593954, 2.801708982473491538 ) ) ;
#1362 = CARTESIAN_POINT ( 'NONE',  ( 0.000000000000000000, 0.000000000000000000, 0.000000000000000000 ) ) ;
#1363 = DIRECTION ( 'NONE',  ( -0.000000000000000000, -1.000000000000000000, -0.000000000000000000 ) ) ;
#1364 = EDGE_CURVE ( 'NONE', #1791, #434, #505, .T. ) ;
#1365 = FACE_OUTER_BOUND ( 'NONE', #18, .T. ) ;
#1366 = EDGE_LOOP ( 'NONE', ( #390, #1871, #1013, #979 ) ) ;
#1367 = EDGE_CURVE ( 'NONE', #484, #1165, #1558, .T. ) ;
#1368 = CARTESIAN_POINT ( 'NONE',  ( -1.844226907731625920E-05, 6.918754467753656101, -2.250006786472071418 ) ) ;
#1369 = CIRCLE ( 'NONE', #590, 0.3000000000000000444 ) ;
#1370 = CARTESIAN_POINT ( 'NONE',  ( -69.08676045596729409, 2.356599956972363241, 7.830924484677495911 ) ) ;
#1371 = CARTESIAN_POINT ( 'NONE',  ( 74.99998155773091923, 1.512915533583130578, -5.391913800069831453 ) ) ;
#1372 = CARTESIAN_POINT ( 'NONE',  ( 4.026999685328824796, -7.781245532246345853, -2.325006786472529452 ) ) ;
#1373 = CARTESIAN_POINT ( 'NONE',  ( -6.302105251664054109, 4.178461824819061476, 4.207187637219371723 ) ) ;
#1374 = CARTESIAN_POINT ( 'NONE',  ( -4.027036569866455196, -7.781245532246345853, -3.375006786472051434 ) ) ;
#1375 = CARTESIAN_POINT ( 'NONE',  ( 7.202846351969514949, 5.080729884708287791, -2.350466433181224168 ) ) ;
#1376 = CARTESIAN_POINT ( 'NONE',  ( -4.027036569865924953, -7.481245532246346031, 3.374993213529320801 ) ) ;
#1377 = ORIENTED_EDGE ( 'NONE', *, *, #1908, .F. ) ;
#1378 = ORIENTED_EDGE ( 'NONE', *, *, #1279, .T. ) ;
#1379 = DIRECTION ( 'NONE',  ( 0.000000000000000000, 1.000000000000000000, 0.000000000000000000 ) ) ;
#1380 = EDGE_CURVE ( 'NONE', #333, #649, #1, .T. ) ;
#1381 = CARTESIAN_POINT ( 'NONE',  ( 5.849259618910878089, 1.396139383339191076, -4.813326254007244565 ) ) ;
#1382 = CARTESIAN_POINT ( 'NONE',  ( 4.499981557730919235, 5.800135956086799105, -0.9736730766881881438 ) ) ;
#1383 = CARTESIAN_POINT ( 'NONE',  ( -69.00004834909204021, -1.708715712407318676, -4.877310784387260512 ) ) ;
#1384 = DIRECTION ( 'NONE',  ( 0.000000000000000000, 0.000000000000000000, 1.000000000000000000 ) ) ;
#1385 = CARTESIAN_POINT ( 'NONE',  ( 6.979939761653817243, -0.3121286285232084956, 2.949905329984650493 ) ) ;
#1386 = CARTESIAN_POINT ( 'NONE',  ( -1.844226802201259777E-05, 6.918754467753656101, 4.649993213527928937 ) ) ;
#1387 = ORIENTED_EDGE ( 'NONE', *, *, #904, .T. ) ;
#1388 = VERTEX_POINT ( 'NONE', #849 ) ;
#1389 = DIRECTION ( 'NONE',  ( -0.000000000000000000, 1.000000000000000000, -0.000000000000000000 ) ) ;
#1390 = CARTESIAN_POINT ( 'NONE',  ( -75.00001844226908077, 1.429135523444267530, 5.661098564371227937 ) ) ;
#1391 = AXIS2_PLACEMENT_3D ( 'NONE', #985, #1466, #1141 ) ;
#1392 = CARTESIAN_POINT ( 'NONE',  ( -4.500018442269078101, 3.246317960431067462, 4.853476066606686956 ) ) ;
#1393 = AXIS2_PLACEMENT_3D ( 'NONE', #1386, #1518, #1024 ) ;
#1394 = CARTESIAN_POINT ( 'NONE',  ( 6.412571672820837065, -5.019603808553276814, 4.032277059669017838 ) ) ;
#1395 = EDGE_CURVE ( 'NONE', #1965, #500, #575, .T. ) ;
#1396 = AXIS2_PLACEMENT_3D ( 'NONE', #1249, #1092, #1737 ) ;
#1397 = CARTESIAN_POINT ( 'NONE',  ( 11.02998671445551970, -6.570252288639053084, 2.704152586270663683 ) ) ;
#1398 = EDGE_CURVE ( 'NONE', #1519, #1824, #951, .T. ) ;
#1399 = CYLINDRICAL_SURFACE ( 'NONE', #1843, 0.7500000000006451506 ) ;
#1400 = DIRECTION ( 'NONE',  ( 0.000000000000000000, 1.000000000000000000, 0.000000000000000000 ) ) ;
#1401 = VERTEX_POINT ( 'NONE', #1144 ) ;
#1402 = ORIENTED_EDGE ( 'NONE', *, *, #44, .T. ) ;
#1403 = CYLINDRICAL_SURFACE ( 'NONE', #875, 7.575000000000000178 ) ;
#1404 = DIRECTION ( 'NONE',  ( 0.000000000000000000, 0.000000000000000000, 1.000000000000000000 ) ) ;
#1405 = ADVANCED_FACE ( 'NONE', ( #1792 ), #1954, .F. ) ;
#1406 = CARTESIAN_POINT ( 'NONE',  ( -75.00001844226910919, -0.5745766682798564284, -1.880237240462752979 ) ) ;
#1407 = CARTESIAN_POINT ( 'NONE',  ( 10.96255151427153685, -5.044642768418872159, 2.323804915448051567 ) ) ;
#1408 = EDGE_CURVE ( 'NONE', #1205, #1093, #175, .T. ) ;
#1409 = CARTESIAN_POINT ( 'NONE',  ( 6.918233897194213000, 5.075567806156422890, -3.089214150673227799 ) ) ;
#1410 = DIRECTION ( 'NONE',  ( 0.000000000000000000, 1.000000000000000000, 0.000000000000000000 ) ) ;
#1411 = ORIENTED_EDGE ( 'NONE', *, *, #856, .T. ) ;
#1412 = VERTEX_POINT ( 'NONE', #193 ) ;
#1413 = CARTESIAN_POINT ( 'NONE',  ( 7.060335969346094309, -0.5855274386254594177, -2.789725912418752785 ) ) ;
#1414 = CARTESIAN_POINT ( 'NONE',  ( -4.500018442269078989, 5.701930458490569897, -1.470259267588445384 ) ) ;
#1415 = CARTESIAN_POINT ( 'NONE',  ( -7.541487782834717990, 2.380360858096405074, -0.8212198561693339061 ) ) ;
#1416 = CARTESIAN_POINT ( 'NONE',  ( -1.844226907759180580E-05, 6.468754467753655923, -6.786472071533400538E-06 ) ) ;
#1417 = CARTESIAN_POINT ( 'NONE',  ( 7.328906399718745135, 4.930929009928064488, -1.920762642103054807 ) ) ;
#1418 = CYLINDRICAL_SURFACE ( 'NONE', #1912, 0.7500000000004406475 ) ;
#1419 = ORIENTED_EDGE ( 'NONE', *, *, #748, .T. ) ;
#1420 = ORIENTED_EDGE ( 'NONE', *, *, #318, .F. ) ;
#1421 = CARTESIAN_POINT ( 'NONE',  ( -4.027036569866455196, 7.218754467753655035, -1.275006786471170495 ) ) ;
#1422 = CARTESIAN_POINT ( 'NONE',  ( 69.05203872867903669, -2.500257586884669703, 6.819353218848822173 ) ) ;
#1423 = AXIS2_PLACEMENT_3D ( 'NONE', #1939, #335, #477 ) ;
#1424 = DIRECTION ( 'NONE',  ( -0.000000000000000000, 1.000000000000000000, -0.000000000000000000 ) ) ;
#1425 = CARTESIAN_POINT ( 'NONE',  ( 22.92715773127044088, 4.353836255534218935, -6.954702347088069558 ) ) ;
#1426 = AXIS2_PLACEMENT_3D ( 'NONE', #1070, #1714, #895 ) ;
#1427 = AXIS2_PLACEMENT_3D ( 'NONE', #634, #1410, #1904 ) ;
#1428 = CARTESIAN_POINT ( 'NONE',  ( -4.027036569865924953, -7.481245532246346031, 2.324993213528387059 ) ) ;
#1429 = CARTESIAN_POINT ( 'NONE',  ( -75.00001844226908077, 0.7721593340993329058, 5.232724088848718758 ) ) ;
#1430 = EDGE_LOOP ( 'NONE', ( #252, #1897, #1124, #1448 ) ) ;
#1431 = ADVANCED_FACE ( 'NONE', ( #981 ), #1343, .F. ) ;
#1432 = DIRECTION ( 'NONE',  ( 0.000000000000000000, 0.000000000000000000, 1.000000000000000000 ) ) ;
#1433 = CARTESIAN_POINT ( 'NONE',  ( -1.844226907666413531E-05, 6.468754467753655923, -7.575006786472071596 ) ) ;
#1434 = CARTESIAN_POINT ( 'NONE',  ( -7.578139909922275486, 3.340192404571838747, 0.0004860907012134400721 ) ) ;
#1435 = CARTESIAN_POINT ( 'NONE',  ( 69.02689006389665849, -2.465333505756554633, 5.920008407744740353 ) ) ;
#1436 = CARTESIAN_POINT ( 'NONE',  ( 4.026999685328824796, 7.218754467753654147, -2.325006786472529452 ) ) ;
#1437 = DIRECTION ( 'NONE',  ( 0.000000000000000000, 1.000000000000000000, 0.000000000000000000 ) ) ;
#1438 = ORIENTED_EDGE ( 'NONE', *, *, #1349, .T. ) ;
#1439 = DIRECTION ( 'NONE',  ( -0.000000000000000000, 1.000000000000000000, -0.000000000000000000 ) ) ;
#1440 = EDGE_LOOP ( 'NONE', ( #1003, #828, #2103, #1387 ) ) ;
#1441 = ADVANCED_FACE ( 'NONE', ( #184 ), #778, .T. ) ;
#1442 = EDGE_LOOP ( 'NONE', ( #1281, #368 ) ) ;
#1443 = EDGE_CURVE ( 'NONE', #1183, #201, #1561, .T. ) ;
#1444 = CYLINDRICAL_SURFACE ( 'NONE', #69, 7.575000000000000178 ) ;
#1445 = CARTESIAN_POINT ( 'NONE',  ( 11.06805856540701605, -2.611648011327412533, 1.620506063506071959 ) ) ;
#1446 = DIRECTION ( 'NONE',  ( -0.000000000000000000, -1.000000000000000000, -0.000000000000000000 ) ) ;
#1447 = SURFACE_STYLE_FILL_AREA ( #834 ) ;
#1448 = ORIENTED_EDGE ( 'NONE', *, *, #481, .F. ) ;
#1449 = CARTESIAN_POINT ( 'NONE',  ( 6.403644967525570664, 4.436120530372083870, -4.046452131964342058 ) ) ;
#1450 = ORIENTED_EDGE ( 'NONE', *, *, #930, .F. ) ;
#1451 = ORIENTED_EDGE ( 'NONE', *, *, #832, .F. ) ;
#1452 = DIRECTION ( 'NONE',  ( 0.000000000000000000, 0.000000000000000000, 1.000000000000000000 ) ) ;
#1453 = DIRECTION ( 'NONE',  ( -0.000000000000000000, 1.000000000000000000, -0.000000000000000000 ) ) ;
#1454 = AXIS2_PLACEMENT_3D ( 'NONE', #1107, #912, #2061 ) ;
#1455 = EDGE_CURVE ( 'NONE', #1332, #638, #745, .T. ) ;
#1456 = AXIS2_PLACEMENT_3D ( 'NONE', #329, #171, #9 ) ;
#1457 = CARTESIAN_POINT ( 'NONE',  ( -1.844226907749995354E-05, -9.748194264373537976, -5.400006786472070885 ) ) ;
#1458 = AXIS2_PLACEMENT_3D ( 'NONE', #887, #698, #1185 ) ;
#1459 = CIRCLE ( 'NONE', #1875, 0.2999999999999999334 ) ;
#1460 = ORIENTED_EDGE ( 'NONE', *, *, #344, .T. ) ;
#1461 = DIRECTION ( 'NONE',  ( -0.000000000000000000, 1.000000000000000000, -0.000000000000000000 ) ) ;
#1462 = EDGE_LOOP ( 'NONE', ( #1709, #383, #1998, #1906 ) ) ;
#1463 = EDGE_LOOP ( 'NONE', ( #1043, #1605, #672, #1282 ) ) ;
#1464 = CIRCLE ( 'NONE', #1736, 6.825000000000000178 ) ;
#1465 = CARTESIAN_POINT ( 'NONE',  ( 4.026999685329354151, -7.481245532246346031, 1.574993213526826086 ) ) ;
#1466 = DIRECTION ( 'NONE',  ( -0.000000000000000000, -1.000000000000000000, -0.000000000000000000 ) ) ;
#1467 = DIRECTION ( 'NONE',  ( 0.000000000000000000, 1.000000000000000000, 0.000000000000000000 ) ) ;
#1468 = EDGE_CURVE ( 'NONE', #1747, #1145, #1831, .T. ) ;
#1469 = CIRCLE ( 'NONE', #2020, 7.575000000000000178 ) ;
#1470 = PLANE ( 'NONE',  #1731 ) ;
#1471 = ORIENTED_EDGE ( 'NONE', *, *, #2065, .F. ) ;
#1472 = DIRECTION ( 'NONE',  ( -0.000000000000000000, -1.000000000000000000, -0.000000000000000000 ) ) ;
#1473 = ORIENTED_EDGE ( 'NONE', *, *, #394, .F. ) ;
#1474 = CIRCLE ( 'NONE', #1926, 1.050000000000933520 ) ;
#1475 = CARTESIAN_POINT ( 'NONE',  ( -56.67315965251745524, -4.719704910565747369, -10.84835170790081271 ) ) ;
#1476 = CARTESIAN_POINT ( 'NONE',  ( 11.06539618599100550, 6.747502802247922205, -2.881291217154260842 ) ) ;
#1477 = AXIS2_PLACEMENT_3D ( 'NONE', #15, #989, #959 ) ;
#1478 = CARTESIAN_POINT ( 'NONE',  ( -6.779286850106725382, -5.309160041037151778, -3.383449045754955087 ) ) ;
#1479 = CYLINDRICAL_SURFACE ( 'NONE', #879, 0.7499999999999997780 ) ;
#1480 = ORIENTED_EDGE ( 'NONE', *, *, #1864, .T. ) ;
#1481 = DIRECTION ( 'NONE',  ( 0.000000000000000000, 0.000000000000000000, 1.000000000000000000 ) ) ;
#1482 = EDGE_LOOP ( 'NONE', ( #1962, #1262 ) ) ;
#1483 = CARTESIAN_POINT ( 'NONE',  ( 56.71114975414708681, -1.405444132320739836, 0.3461065958573426027 ) ) ;
#1484 = CARTESIAN_POINT ( 'NONE',  ( -69.08676045596729409, -2.919091021465053171, -7.830938057621642301 ) ) ;
#1485 = DIRECTION ( 'NONE',  ( 0.000000000000000000, 0.000000000000000000, 1.000000000000000000 ) ) ;
#1486 = CARTESIAN_POINT ( 'NONE',  ( -4.027036569865924953, -9.748194264373537976, 3.074993213529320979 ) ) ;
#1487 = CIRCLE ( 'NONE', #173, 2.250000000000000444 ) ;
#1488 = CARTESIAN_POINT ( 'NONE',  ( 4.026999685329354151, -7.481245532246346031, 3.374993213528115987 ) ) ;
#1489 = AXIS2_PLACEMENT_3D ( 'NONE', #1935, #944, #1588 ) ;
#1490 = ORIENTED_EDGE ( 'NONE', *, *, #1981, .T. ) ;
#1491 = CARTESIAN_POINT ( 'NONE',  ( 11.34221593784302229, 2.105436591245663180, 0.03545690179056719404 ) ) ;
#1492 = CARTESIAN_POINT ( 'NONE',  ( -56.69617853233793170, -0.001642637479535869740, 3.262437277829216775 ) ) ;
#1493 = CARTESIAN_POINT ( 'NONE',  ( -1.844226802201259777E-05, 7.218754467753655035, 5.699993213528968816 ) ) ;
#1494 = CARTESIAN_POINT ( 'NONE',  ( -7.504207641859553135, -4.275107244460738976, -1.060658598354070614 ) ) ;
#1495 = DIRECTION ( 'NONE',  ( -0.000000000000000000, 1.000000000000000000, -0.000000000000000000 ) ) ;
#1496 = ADVANCED_FACE ( 'NONE', ( #810 ), #1184, .T. ) ;
#1497 = ORIENTED_EDGE ( 'NONE', *, *, #525, .F. ) ;
#1498 = CARTESIAN_POINT ( 'NONE',  ( -1.844226907759180580E-05, -7.781245532246345853, -4.650006786472071774 ) ) ;
#1499 = EDGE_LOOP ( 'NONE', ( #603, #970, #514, #401 ) ) ;
#1500 = DIRECTION ( 'NONE',  ( 0.000000000000000000, 1.000000000000000000, 0.000000000000000000 ) ) ;
#1501 = CARTESIAN_POINT ( 'NONE',  ( -1.844226907671006144E-05, -7.781245532246345853, -6.825006786472072484 ) ) ;
#1502 = ADVANCED_FACE ( 'NONE', ( #658 ), #1222, .T. ) ;
#1503 = CARTESIAN_POINT ( 'NONE',  ( 69.08672357142911835, 2.356599956972363241, -7.830938057621642301 ) ) ;
#1504 = DIRECTION ( 'NONE',  ( -1.000000000000000000, 0.000000000000000000, 0.000000000000000000 ) ) ;
#1505 = DIRECTION ( 'NONE',  ( 0.000000000000000000, 0.000000000000000000, 1.000000000000000000 ) ) ;
#1506 = CARTESIAN_POINT ( 'NONE',  ( -1.844226802201259777E-05, 6.918754467753656101, 4.649993213527928937 ) ) ;
#1507 = DIRECTION ( 'NONE',  ( 0.000000000000000000, 1.000000000000000000, 0.000000000000000000 ) ) ;
#1508 = ORIENTED_EDGE ( 'NONE', *, *, #1819, .F. ) ;
#1509 = LINE ( 'NONE', #2034, #883 ) ;
#1510 = DIRECTION ( 'NONE',  ( 0.000000000000000000, 1.000000000000000000, 0.000000000000000000 ) ) ;
#1511 = CARTESIAN_POINT ( 'NONE',  ( 69.00051066378698295, 0.3955812013783244763, -0.6816711137602836645 ) ) ;
#1512 = CARTESIAN_POINT ( 'NONE',  ( -7.288724913563404684, -5.013668005448079334, -2.084338257956144691 ) ) ;
#1513 = EDGE_CURVE ( 'NONE', #1716, #261, #1797, .T. ) ;
#1514 = EDGE_CURVE ( 'NONE', #1165, #484, #313, .T. ) ;
#1515 = APPLICATION_PROTOCOL_DEFINITION ( 'draft international standard', 'automotive_design', 1998, #1883 ) ;
#1516 = EDGE_LOOP ( 'NONE', ( #303, #1250, #172, #1886 ) ) ;
#1517 = AXIS2_PLACEMENT_3D ( 'NONE', #619, #142, #297 ) ;
#1518 = DIRECTION ( 'NONE',  ( 0.000000000000000000, 1.000000000000000000, 0.000000000000000000 ) ) ;
#1519 = VERTEX_POINT ( 'NONE', #1324 ) ;
#1520 = TOROIDAL_SURFACE ( 'NONE', #1623, 2.550000000000000711, 0.3000000000000000444 ) ;
#1521 = CARTESIAN_POINT ( 'NONE',  ( 4.026999685328824796, -7.781245532246345853, -3.375006786472659837 ) ) ;
#1522 = CIRCLE ( 'NONE', #1186, 6.825000000000000178 ) ;
#1523 = CARTESIAN_POINT ( 'NONE',  ( -6.331403799727443271, 3.202269078174083461, 4.297411226671669304 ) ) ;
#1524 = CARTESIAN_POINT ( 'NONE',  ( 22.93411621644682796, 1.475688027296505167, 0.8092015391159977922 ) ) ;
#1525 = CIRCLE ( 'NONE', #146, 0.7500000000009334755 ) ;
#1526 = CARTESIAN_POINT ( 'NONE',  ( -56.67315965251745524, -4.719704910565748257, -10.84835170790081271 ) ) ;
#1527 = DIRECTION ( 'NONE',  ( -0.000000000000000000, -1.000000000000000000, -0.000000000000000000 ) ) ;
#1528 = DIRECTION ( 'NONE',  ( 0.000000000000000000, 0.000000000000000000, 1.000000000000000000 ) ) ;
#1529 = EDGE_CURVE ( 'NONE', #443, #2033, #1692, .T. ) ;
#1530 = DIRECTION ( 'NONE',  ( 0.000000000000000000, 0.000000000000000000, 1.000000000000000000 ) ) ;
#1531 = DIRECTION ( 'NONE',  ( 0.000000000000000000, 1.000000000000000000, 0.000000000000000000 ) ) ;
#1532 = VERTEX_POINT ( 'NONE', #1002 ) ;
#1533 = ORIENTED_EDGE ( 'NONE', *, *, #405, .F. ) ;
#1534 = CARTESIAN_POINT ( 'NONE',  ( -4.027036569865924953, 6.918754467753656101, 2.324993213528387059 ) ) ;
#1535 = CARTESIAN_POINT ( 'NONE',  ( -56.67031791892160442, 4.027841602946314659, 10.95168157265752029 ) ) ;
#1536 = CARTESIAN_POINT ( 'NONE',  ( 23.07801706248330831, 8.584964816935009679, -7.301669813568123502 ) ) ;
#1537 = CARTESIAN_POINT ( 'NONE',  ( -4.500018442269078101, -3.839031690955789777, -4.831379018964150340 ) ) ;
#1538 = CARTESIAN_POINT ( 'NONE',  ( -6.191005766815877109, 0.7617003857443956916, 4.366758700465926069 ) ) ;
#1539 = DIRECTION ( 'NONE',  ( 0.000000000000000000, 1.000000000000000000, 0.000000000000000000 ) ) ;
#1540 = CARTESIAN_POINT ( 'NONE',  ( 7.201813017622041180, 0.4090803349113100729, 2.383046028014550899 ) ) ;
#1541 = EDGE_LOOP ( 'NONE', ( #727, #582, #991, #1608 ) ) ;
#1542 = CARTESIAN_POINT ( 'NONE',  ( 74.99998155773091923, -0.3990547476009467798, -0.6440314107738658311 ) ) ;
#1543 = VERTEX_POINT ( 'NONE', #1649 ) ;
#1544 = ORIENTED_EDGE ( 'NONE', *, *, #1713, .T. ) ;
#1545 = FACE_OUTER_BOUND ( 'NONE', #1334, .T. ) ;
#1546 = CARTESIAN_POINT ( 'NONE',  ( -11.29656362142696224, 5.454987592155583265, 1.736911773783662793 ) ) ;
#1547 = ADVANCED_FACE ( 'NONE', ( #1216 ), #2005, .T. ) ;
#1548 = CARTESIAN_POINT ( 'NONE',  ( 56.67318419549666686, 4.204239554193125450, -10.66536171066963057 ) ) ;
#1549 = CARTESIAN_POINT ( 'NONE',  ( -38.36738116890123962, -6.109781686981651028, -10.30320536252917663 ) ) ;
#1550 = CARTESIAN_POINT ( 'NONE',  ( 74.99998155773091923, -2.085480329271949262, 5.722294918017308163 ) ) ;
#1551 = CARTESIAN_POINT ( 'NONE',  ( 6.170090393292093189, -3.835747923085071065, 4.395297374486787589 ) ) ;
#1552 = FACE_OUTER_BOUND ( 'NONE', #1082, .T. ) ;
#1553 = EDGE_LOOP ( 'NONE', ( #351, #511, #1292, #2009 ) ) ;
#1554 = EDGE_LOOP ( 'NONE', ( #174, #204, #1460, #1774 ) ) ;
#1555 = DIRECTION ( 'NONE',  ( 0.000000000000000000, 0.000000000000000000, 1.000000000000000000 ) ) ;
#1556 = AXIS2_PLACEMENT_3D ( 'NONE', #652, #1795, #167 ) ;
#1557 = CARTESIAN_POINT ( 'NONE',  ( -1.844226907759180580E-05, -7.781245532246345853, -6.786472071533400538E-06 ) ) ;
#1558 = CIRCLE ( 'NONE', #1051, 0.7500000000006451506 ) ;
#1559 = CARTESIAN_POINT ( 'NONE',  ( -69.08918299996251733, 2.360202272684265523, 7.535148050743500470 ) ) ;
#1560 = ADVANCED_FACE ( 'NONE', ( #703 ), #440, .T. ) ;
#1561 = CIRCLE ( 'NONE', #1354, 0.7499999999999997780 ) ;
#1562 = CARTESIAN_POINT ( 'NONE',  ( -69.05207561321719822, -2.500257586884669703, -6.819366791792967675 ) ) ;
#1563 = TOROIDAL_SURFACE ( 'NONE', #1940, 1.050000000000933520, 0.3000000000000000444 ) ;
#1564 = CARTESIAN_POINT ( 'NONE',  ( -4.027036569866455196, -7.781245532246345853, -1.275006786471170495 ) ) ;
#1565 = FACE_OUTER_BOUND ( 'NONE', #908, .T. ) ;
#1566 = AXIS2_PLACEMENT_3D ( 'NONE', #746, #1745, #411 ) ;
#1567 = ADVANCED_FACE ( 'NONE', ( #1552 ), #1910, .T. ) ;
#1568 = DIRECTION ( 'NONE',  ( 0.000000000000000000, 1.000000000000000000, 0.000000000000000000 ) ) ;
#1569 = ORIENTED_EDGE ( 'NONE', *, *, #1684, .T. ) ;
#1570 = VERTEX_POINT ( 'NONE', #1670 ) ;
#1571 = B_SPLINE_CURVE_WITH_KNOTS ( 'NONE', 3,
 ( #1091, #1722, #450, #1551, #268, #919, #1069, #1584, #1712, #1868, #905, #931, #894, #1735, #1385, #1540, #1576, #724, #767, #93, #2042, #1260, #431, #577, #1417, #2077, #1375, #2030, #1228, #1409, #566, #2064, #104, #1215, #610, #734 ),
 .UNSPECIFIED., .F., .F.,
 ( 4, 2, 2, 2, 2, 2, 2, 2, 2, 2, 2, 2, 2, 2, 2, 2, 2, 4 ),
 ( 1.161228611266909619E-16, 0.0009473992228806439814, 0.001894798445761170869, 0.002368498057201433825, 0.002842197668641696998, 0.003789596891522223777, 0.004736996114402749689, 0.005684395337283276034, 0.007579193783044327858, 0.009473992228805381416, 0.01136879067456643411, 0.01231618989744696045, 0.01278988950888722276, 0.01326358912032748506, 0.01373728873176774737, 0.01421098834320800967, 0.01468468795464827198, 0.01515838756608853255 ),
 .UNSPECIFIED. ) ;
#1572 = CARTESIAN_POINT ( 'NONE',  ( 56.67303378922666468, 4.156697908862497570, -10.84869581210472234 ) ) ;
#1573 = CARTESIAN_POINT ( 'NONE',  ( -75.00001844226908077, 1.073880969466475488, 3.148765253465434011 ) ) ;
#1574 = CARTESIAN_POINT ( 'NONE',  ( 23.04094885576722262, -9.740311473834358580, 9.148174289354951583 ) ) ;
#1575 = CARTESIAN_POINT ( 'NONE',  ( -4.027036569866455196, 6.918754467753656101, -3.375006786472051434 ) ) ;
#1576 = CARTESIAN_POINT ( 'NONE',  ( 7.317213243695591451, 0.8944207780060484669, 1.999224980529522133 ) ) ;
#1577 = CARTESIAN_POINT ( 'NONE',  ( -1.844226802201259777E-05, 6.918754467753656101, 5.699993213528968816 ) ) ;
#1578 = ORIENTED_EDGE ( 'NONE', *, *, #1513, .F. ) ;
#1579 = ORIENTED_EDGE ( 'NONE', *, *, #1727, .T. ) ;
#1580 = CARTESIAN_POINT ( 'NONE',  ( 7.724454299215859798, 5.171383409834110267, -3.631986755121278332 ) ) ;
#1581 = CARTESIAN_POINT ( 'NONE',  ( 69.08672357142911835, -2.919091021465051838, 7.830924484677499464 ) ) ;
#1582 = CARTESIAN_POINT ( 'NONE',  ( -4.027036569865924953, -7.481245532246346031, 1.274993213527453761 ) ) ;
#1583 = CARTESIAN_POINT ( 'NONE',  ( 6.255090403552764577, -3.737738017191368112, -0.5717856617817171916 ) ) ;
#1584 = CARTESIAN_POINT ( 'NONE',  ( 6.159060835925346034, -2.586277630909343817, 4.409891706106075837 ) ) ;
#1585 = ADVANCED_FACE ( 'NONE', ( #381 ), #2047, .T. ) ;
#1586 = DIRECTION ( 'NONE',  ( 0.000000000000000000, 0.000000000000000000, 1.000000000000000000 ) ) ;
#1587 = ORIENTED_EDGE ( 'NONE', *, *, #30, .T. ) ;
#1588 = DIRECTION ( 'NONE',  ( 0.000000000000000000, 0.000000000000000000, 1.000000000000000000 ) ) ;
#1589 = CARTESIAN_POINT ( 'NONE',  ( 74.99998155773091923, -1.862217658020714151, 5.188379661003502896 ) ) ;
#1590 = CIRCLE ( 'NONE', #1391, 0.7500000000004406475 ) ;
#1591 = CARTESIAN_POINT ( 'NONE',  ( -6.119944507241263487, -3.054480625512014935, -4.463992290380715211 ) ) ;
#1592 = CARTESIAN_POINT ( 'NONE',  ( 11.29652673688880604, 5.454987592155583265, -1.736925346727805630 ) ) ;
#1593 = TOROIDAL_SURFACE ( 'NONE', #1489, 1.050000000001040545, 0.3000000000000000444 ) ;
#1594 = TOROIDAL_SURFACE ( 'NONE', #1396, 1.050000000000130163, 0.3000000000000000444 ) ;
#1595 = EDGE_CURVE ( 'NONE', #1747, #638, #1089, .T. ) ;
#1596 = DIRECTION ( 'NONE',  ( 0.000000000000000000, 1.000000000000000000, 0.000000000000000000 ) ) ;
#1597 = EDGE_LOOP ( 'NONE', ( #236, #1946 ) ) ;
#1598 = DIRECTION ( 'NONE',  ( 0.000000000000000000, 0.000000000000000000, 1.000000000000000000 ) ) ;
#1599 = ORIENTED_EDGE ( 'NONE', *, *, #559, .T. ) ;
#1600 = FACE_OUTER_BOUND ( 'NONE', #1715, .T. ) ;
#1601 = CARTESIAN_POINT ( 'NONE',  ( 6.491244724754182016, 4.628422566899130786, -3.801185324322730263 ) ) ;
#1602 = CIRCLE ( 'NONE', #1778, 0.2999999999999999334 ) ;
#1603 = DIRECTION ( 'NONE',  ( 0.000000000000000000, 0.000000000000000000, 1.000000000000000000 ) ) ;
#1604 = CARTESIAN_POINT ( 'NONE',  ( -1.844226907749995354E-05, -7.481245532246346031, -5.400006786472070885 ) ) ;
#1605 = ORIENTED_EDGE ( 'NONE', *, *, #701, .F. ) ;
#1606 = EDGE_CURVE ( 'NONE', #556, #850, #341, .T. ) ;
#1607 = CARTESIAN_POINT ( 'NONE',  ( 7.147426082466274089, -5.197348659877884636, 2.513221584111442919 ) ) ;
#1608 = ORIENTED_EDGE ( 'NONE', *, *, #380, .F. ) ;
#1609 = EDGE_CURVE ( 'NONE', #1093, #838, #877, .T. ) ;
#1610 = CARTESIAN_POINT ( 'NONE',  ( -1.844226907759180580E-05, -7.781245532246345853, -6.786472071533400538E-06 ) ) ;
#1611 = CARTESIAN_POINT ( 'NONE',  ( 4.026999685329354151, 6.918754467753656101, 3.074993213528116165 ) ) ;
#1612 = AXIS2_PLACEMENT_3D ( 'NONE', #317, #804, #1289 ) ;
#1613 = CARTESIAN_POINT ( 'NONE',  ( -11.89193728504309000, 6.914913397569286246, 3.314044674761613685 ) ) ;
#1614 =( NAMED_UNIT ( * ) SI_UNIT ( $, .STERADIAN. ) SOLID_ANGLE_UNIT ( ) );
#1615 = ORIENTED_EDGE ( 'NONE', *, *, #1684, .F. ) ;
#1616 = DIRECTION ( 'NONE',  ( 1.000000000000000000, -0.000000000000000000, 1.224646799147353207E-16 ) ) ;
#1617 = ORIENTED_EDGE ( 'NONE', *, *, #755, .F. ) ;
#1618 = ORIENTED_EDGE ( 'NONE', *, *, #205, .T. ) ;
#1619 = FACE_OUTER_BOUND ( 'NONE', #96, .T. ) ;
#1620 = ADVANCED_FACE ( 'NONE', ( #250 ), #546, .F. ) ;
#1621 = LINE ( 'NONE', #1132, #949 ) ;
#1622 = CIRCLE ( 'NONE', #707, 1.050000000000645084 ) ;
#1623 = AXIS2_PLACEMENT_3D ( 'NONE', #132, #636, #1598 ) ;
#1624 = DIRECTION ( 'NONE',  ( 0.000000000000000000, 0.000000000000000000, 1.000000000000000000 ) ) ;
#1625 = TOROIDAL_SURFACE ( 'NONE', #616, 1.050000000000130163, 0.3000000000000000444 ) ;
#1626 = CARTESIAN_POINT ( 'NONE',  ( 74.99998155773091923, -1.192429644267013034, 3.586633889962104416 ) ) ;
#1627 = EDGE_LOOP ( 'NONE', ( #1105, #1858 ) ) ;
#1628 = VECTOR ( 'NONE', #530, 1000.000000000000000 ) ;
#1629 = AXIS2_PLACEMENT_3D ( 'NONE', #705, #2013, #2000 ) ;
#1630 = ADVANCED_FACE ( 'NONE', ( #1182 ), #245, .T. ) ;
#1631 = B_SPLINE_CURVE_WITH_KNOTS ( 'NONE', 3,
 ( #796, #642, #1941, #325, #968, #1613, #336, #1299 ),
 .UNSPECIFIED., .F., .F.,
 ( 4, 1, 1, 1, 1, 4 ),
 ( 0.000000000000000000, 0.2515126865241270604, 0.5196922403182857586, 0.7480350623325959791, 0.8973904348581278612, 0.9668488064627361878 ),
 .UNSPECIFIED. ) ;
#1632 = DIRECTION ( 'NONE',  ( 0.000000000000000000, 1.000000000000000000, 0.000000000000000000 ) ) ;
#1633 = ORIENTED_EDGE ( 'NONE', *, *, #1395, .F. ) ;
#1634 = DIRECTION ( 'NONE',  ( -0.000000000000000000, -1.000000000000000000, -0.000000000000000000 ) ) ;
#1635 = DIRECTION ( 'NONE',  ( -0.000000000000000000, 1.000000000000000000, -0.000000000000000000 ) ) ;
#1636 = CARTESIAN_POINT ( 'NONE',  ( -1.844226802201259777E-05, -7.481245532246346031, 5.699993213528968816 ) ) ;
#1637 = DIRECTION ( 'NONE',  ( -0.000000000000000000, 1.000000000000000000, -0.000000000000000000 ) ) ;
#1638 = EDGE_LOOP ( 'NONE', ( #817, #122, #1812, #474 ) ) ;
#1639 = CARTESIAN_POINT ( 'NONE',  ( 4.026999685329354151, -7.481245532246346031, 2.324993213527470903 ) ) ;
#1640 = ORIENTED_EDGE ( 'NONE', *, *, #641, .T. ) ;
#1641 = CARTESIAN_POINT ( 'NONE',  ( 69.09185844864552450, 2.008406895000852899, -7.500541702260016486 ) ) ;
#1642 = CARTESIAN_POINT ( 'NONE',  ( -75.00001844226908077, -2.085480329271949262, -5.722308490961451888 ) ) ;
#1643 = CARTESIAN_POINT ( 'NONE',  ( -1.844226907759180580E-05, -7.481245532246346031, -4.650006786472071774 ) ) ;
#1644 = LINE ( 'NONE', #1828, #22 ) ;
#1645 = CIRCLE ( 'NONE', #355, 0.7500000000006451506 ) ;
#1646 = FACE_BOUND ( 'NONE', #2080, .T. ) ;
#1647 = EDGE_CURVE ( 'NONE', #1034, #425, #1053, .T. ) ;
#1648 = DIRECTION ( 'NONE',  ( 0.000000000000000000, 0.000000000000000000, 1.000000000000000000 ) ) ;
#1649 = CARTESIAN_POINT ( 'NONE',  ( -1.844226907727952508E-05, -7.781245532246345853, -2.550006786472072129 ) ) ;
#1650 = VERTEX_POINT ( 'NONE', #717 ) ;
#1651 = CARTESIAN_POINT ( 'NONE',  ( 6.437952121565882813, 4.196778252231403883, -4.070639572877357004 ) ) ;
#1652 = CARTESIAN_POINT ( 'NONE',  ( -1.844226907759180580E-05, 7.218754467753655035, 2.549993213527929292 ) ) ;
#1653 = DIRECTION ( 'NONE',  ( 0.000000000000000000, 0.000000000000000000, 1.000000000000000000 ) ) ;
#1654 = ADVANCED_FACE ( 'NONE', ( #1365 ), #2011, .T. ) ;
#1655 = LINE ( 'NONE', #1021, #489 ) ;
#1656 = TOROIDAL_SURFACE ( 'NONE', #1517, 2.550000000000000711, 0.3000000000000000444 ) ;
#1657 = PRESENTATION_STYLE_ASSIGNMENT (( #169 ) ) ;
#1658 = FACE_OUTER_BOUND ( 'NONE', #494, .T. ) ;
#1659 = AXIS2_PLACEMENT_3D ( 'NONE', #1498, #493, #41 ) ;
#1660 = EDGE_CURVE ( 'NONE', #751, #1251, #1259, .T. ) ;
#1661 = CARTESIAN_POINT ( 'NONE',  ( -1.844226907759180580E-05, 6.468754467753655923, -6.786472071533400538E-06 ) ) ;
#1662 = CIRCLE ( 'NONE', #1694, 0.3000000000000000444 ) ;
#1663 = EDGE_LOOP ( 'NONE', ( #1758, #1155, #1898, #74 ) ) ;
#1664 = VERTEX_POINT ( 'NONE', #83 ) ;
#1665 = DIRECTION ( 'NONE',  ( 0.000000000000000000, 0.000000000000000000, 1.000000000000000000 ) ) ;
#1666 = CARTESIAN_POINT ( 'NONE',  ( -56.71734162797368839, -2.737075332548220885, -4.091691778636821653 ) ) ;
#1667 = CARTESIAN_POINT ( 'NONE',  ( 4.499981557730923676, 5.701930458490569897, 1.470245694644302548 ) ) ;
#1668 = CARTESIAN_POINT ( 'NONE',  ( -4.027036569866455196, 6.918754467753656101, -1.575006786471170317 ) ) ;
#1669 = DIRECTION ( 'NONE',  ( 1.000000000000000000, -0.000000000000000000, 1.224646799147353207E-16 ) ) ;
#1670 = CARTESIAN_POINT ( 'NONE',  ( -1.844226907759180580E-05, 6.918754467753656101, 2.249993213527929026 ) ) ;
#1671 = VERTEX_POINT ( 'NONE', #735 ) ;
#1672 = DIRECTION ( 'NONE',  ( 0.000000000000000000, 0.000000000000000000, 1.000000000000000000 ) ) ;
#1673 = CARTESIAN_POINT ( 'NONE',  ( -69.08847208170612930, 2.257932870790440472, 7.806818323758357714 ) ) ;
#1674 = CARTESIAN_POINT ( 'NONE',  ( 6.605919342655096393, 5.177048115648410054, -2.747513648245791362 ) ) ;
#1675 = EDGE_CURVE ( 'NONE', #1965, #425, #1857, .T. ) ;
#1676 = CARTESIAN_POINT ( 'NONE',  ( 4.026999685329354151, -7.481245532246346031, 3.074993213528116165 ) ) ;
#1677 = CIRCLE ( 'NONE', #1035, 0.3000000000000000444 ) ;
#1678 = DIRECTION ( 'NONE',  ( 0.000000000000000000, 1.000000000000000000, 0.000000000000000000 ) ) ;
#1679 = ORIENTED_EDGE ( 'NONE', *, *, #1367, .F. ) ;
#1680 = VERTEX_POINT ( 'NONE', #1836 ) ;
#1681 = DIRECTION ( 'NONE',  ( -0.000000000000000000, 1.000000000000000000, -0.000000000000000000 ) ) ;
#1682 = CARTESIAN_POINT ( 'NONE',  ( 5.795231367701464187, 2.110728639758173042, -4.878179266752471932 ) ) ;
#1683 = CARTESIAN_POINT ( 'NONE',  ( 38.38184304008540693, 2.774295418402275004, -3.408350895440133588 ) ) ;
#1684 = EDGE_CURVE ( 'NONE', #1251, #1671, #1356, .T. ) ;
#1685 = CARTESIAN_POINT ( 'NONE',  ( 69.08672357142911835, -2.919091021465051838, 7.830924484677499464 ) ) ;
#1686 = DIRECTION ( 'NONE',  ( 0.000000000000000000, 0.000000000000000000, -1.000000000000000000 ) ) ;
#1687 = APPLICATION_PROTOCOL_DEFINITION ( 'draft international standard', 'automotive_design', 1998, #965 ) ;
#1688 = CARTESIAN_POINT ( 'NONE',  ( -1.844226907759180580E-05, -7.781245532246345853, -6.786472071533400538E-06 ) ) ;
#1689 = CIRCLE ( 'NONE', #105, 1.049999999999999822 ) ;
#1690 = ORIENTED_EDGE ( 'NONE', *, *, #1835, .T. ) ;
#1691 = ORIENTED_EDGE ( 'NONE', *, *, #1146, .T. ) ;
#1692 = CIRCLE ( 'NONE', #808, 0.2999999999999999334 ) ;
#1693 = EDGE_CURVE ( 'NONE', #1217, #761, #1019, .T. ) ;
#1694 = AXIS2_PLACEMENT_3D ( 'NONE', #760, #302, #1586 ) ;
#1695 = CARTESIAN_POINT ( 'NONE',  ( -69.04129047695647614, 0.6643859415498305498, 4.160329015482417958 ) ) ;
#1696 = CARTESIAN_POINT ( 'NONE',  ( 56.67303378922666468, 4.156697908862497570, -10.84869581210472234 ) ) ;
#1697 = AXIS2_PLACEMENT_3D ( 'NONE', #733, #2018, #1505 ) ;
#1698 = CARTESIAN_POINT ( 'NONE',  ( -69.08676045596729409, -2.919091021465051838, -7.830938057621642301 ) ) ;
#1699 = CARTESIAN_POINT ( 'NONE',  ( -5.796925167474818785, 2.129653902934804499, 4.876201061364527689 ) ) ;
#1700 = FACE_OUTER_BOUND ( 'NONE', #812, .T. ) ;
#1701 = FACE_BOUND ( 'NONE', #1597, .T. ) ;
#1702 = CARTESIAN_POINT ( 'NONE',  ( -1.844226907759180580E-05, 6.918754467753656101, -4.650006786472071774 ) ) ;
#1703 = ORIENTED_EDGE ( 'NONE', *, *, #1922, .F. ) ;
#1704 = ORIENTED_EDGE ( 'NONE', *, *, #17, .F. ) ;
#1705 = CARTESIAN_POINT ( 'NONE',  ( -1.844226907759180580E-05, -7.781245532246345853, -6.786472071533400538E-06 ) ) ;
#1706 = TOROIDAL_SURFACE ( 'NONE', #13, 1.050000000000000044, 0.3000000000000000444 ) ;
#1707 = CARTESIAN_POINT ( 'NONE',  ( 6.031802159381784989, 3.333471307538403039, -4.584699498805052009 ) ) ;
#1708 = CARTESIAN_POINT ( 'NONE',  ( 74.99998155773091923, 0.5960418292567296605, -1.515474131750651932 ) ) ;
#1709 = ORIENTED_EDGE ( 'NONE', *, *, #1083, .F. ) ;
#1710 = CARTESIAN_POINT ( 'NONE',  ( -38.39814389130970085, 0.6219254252860120236, -0.2592075141860235021 ) ) ;
#1711 = CARTESIAN_POINT ( 'NONE',  ( 69.06677906891833629, -2.788508262241761404, 7.262088843670714944 ) ) ;
#1712 = CARTESIAN_POINT ( 'NONE',  ( 6.188143693368893139, -2.434769395430609773, 4.369415472901883035 ) ) ;
#1713 = EDGE_CURVE ( 'NONE', #1145, #1747, #143, .T. ) ;
#1714 = DIRECTION ( 'NONE',  ( -0.000000000000000000, 1.000000000000000000, -0.000000000000000000 ) ) ;
#1715 = EDGE_LOOP ( 'NONE', ( #1451, #1402, #1782, #227 ) ) ;
#1716 = VERTEX_POINT ( 'NONE', #1604 ) ;
#1717 = CARTESIAN_POINT ( 'NONE',  ( -1.844226907759180580E-05, 7.218754467753654147, -4.650006786472071774 ) ) ;
#1718 = CARTESIAN_POINT ( 'NONE',  ( -6.437989006104039014, 4.196778252231403883, 4.070625999933214167 ) ) ;
#1719 = CARTESIAN_POINT ( 'NONE',  ( -23.04956866850262998, 6.848571360574760014, 4.840207998062600936 ) ) ;
#1720 = CARTESIAN_POINT ( 'NONE',  ( -11.32352294882321964, -2.687953574931047918, 0.3988398578338371858 ) ) ;
#1721 = CARTESIAN_POINT ( 'NONE',  ( 6.543464267957459057, -5.321545878848821687, 3.478717606120905526 ) ) ;
#1722 = CARTESIAN_POINT ( 'NONE',  ( 6.339609482648087102, -4.734387152518908515, 4.148309719404822182 ) ) ;
#1723 = CARTESIAN_POINT ( 'NONE',  ( -6.412608557358993266, -5.019603808553276814, -4.032290632613160675 ) ) ;
#1724 = EDGE_LOOP ( 'NONE', ( #1004, #862, #1241, #293 ) ) ;
#1725 = ORIENTED_EDGE ( 'NONE', *, *, #1027, .T. ) ;
#1726 = AXIS2_PLACEMENT_3D ( 'NONE', #1582, #2087, #2095 ) ;
#1727 = EDGE_CURVE ( 'NONE', #2108, #761, #1325, .T. ) ;
#1728 = CARTESIAN_POINT ( 'NONE',  ( 6.778499538227796606, -5.308950829866444288, 3.384946696903520458 ) ) ;
#1729 = AXIS2_PLACEMENT_3D ( 'NONE', #2072, #925, #1772 ) ;
#1730 = CARTESIAN_POINT ( 'NONE',  ( -56.68242364332581928, 3.400887592968553808, 7.769148375478851065 ) ) ;
#1731 = AXIS2_PLACEMENT_3D ( 'NONE', #662, #499, #1151 ) ;
#1732 = CARTESIAN_POINT ( 'NONE',  ( -38.38187992462356846, 2.774295418402275004, 3.408337322495989863 ) ) ;
#1733 = CARTESIAN_POINT ( 'NONE',  ( -5.862710535960134806, 2.597582770057090151, 4.797070416932506909 ) ) ;
#1734 = AXIS2_PLACEMENT_3D ( 'NONE', #1705, #416, #1015 ) ;
#1735 = CARTESIAN_POINT ( 'NONE',  ( 6.897652165258103096, -0.5510640633369531249, 3.137734418076800313 ) ) ;
#1736 = AXIS2_PLACEMENT_3D ( 'NONE', #439, #479, #1624 ) ;
#1737 = DIRECTION ( 'NONE',  ( 0.000000000000000000, 0.000000000000000000, 1.000000000000000000 ) ) ;
#1738 = ORIENTED_EDGE ( 'NONE', *, *, #399, .T. ) ;
#1739 = ORIENTED_EDGE ( 'NONE', *, *, #529, .F. ) ;
#1740 = CARTESIAN_POINT ( 'NONE',  ( 6.705296504180108919, -5.279654141700796721, 3.527346306335691128 ) ) ;
#1741 = CARTESIAN_POINT ( 'NONE',  ( 6.493743828961892284, -5.205404516191193487, 3.791507059094945564 ) ) ;
#1742 = CARTESIAN_POINT ( 'NONE',  ( 4.026999685329354151, 7.218754467753654147, 2.324993213527470903 ) ) ;
#1743 = ADVANCED_FACE ( 'NONE', ( #460 ), #1277, .T. ) ;
#1744 = CARTESIAN_POINT ( 'NONE',  ( 23.02241379189105075, 8.559285103527217942, -9.127121723002669995 ) ) ;
#1745 = DIRECTION ( 'NONE',  ( 0.000000000000000000, 1.000000000000000000, 0.000000000000000000 ) ) ;
#1746 = CARTESIAN_POINT ( 'NONE',  ( 74.99998155773091923, 1.522989264779258223, -5.722308490961444782 ) ) ;
#1747 = VERTEX_POINT ( 'NONE', #292 ) ;
#1748 = VECTOR ( 'NONE', #1960, 1000.000000000000000 ) ;
#1749 = CARTESIAN_POINT ( 'NONE',  ( 69.08672357142911835, 2.356599956972363241, -7.830938057621642301 ) ) ;
#1750 = CARTESIAN_POINT ( 'NONE',  ( -11.03956213009051268, 6.445651115737813797, 2.762097046625690222 ) ) ;
#1751 = CARTESIAN_POINT ( 'NONE',  ( -6.850658328705717004, 5.029465928932427943, 3.235912674390157839 ) ) ;
#1752 = CARTESIAN_POINT ( 'NONE',  ( 68.99362086820440254, -0.9956340708274049600, 0.8643341939558915055 ) ) ;
#1753 = EDGE_CURVE ( 'NONE', #1570, #663, #1765, .T. ) ;
#1754 = CARTESIAN_POINT ( 'NONE',  ( -1.844226802188400800E-05, 6.918754467753656101, 3.599993213526888169 ) ) ;
#1755 = B_SPLINE_CURVE_WITH_KNOTS ( 'NONE', 3,
 ( #1239, #120, #1429, #2090 ),
 .UNSPECIFIED., .F., .F.,
 ( 4, 4 ),
 ( 0.000000000000000000, 1.000000000000000000 ),
 .UNSPECIFIED. ) ;
#1756 = ADVANCED_FACE ( 'NONE', ( #1269 ), #1594, .T. ) ;
#1757 = DIRECTION ( 'NONE',  ( 0.000000000000000000, 0.000000000000000000, 1.000000000000000000 ) ) ;
#1758 = ORIENTED_EDGE ( 'NONE', *, *, #1981, .F. ) ;
#1759 = B_SPLINE_CURVE_WITH_KNOTS ( 'NONE', 3,
 ( #2053, #562, #2026, #890 ),
 .UNSPECIFIED., .F., .F.,
 ( 4, 4 ),
 ( 0.000000000000000000, 1.000000000000000000 ),
 .UNSPECIFIED. ) ;
#1760 = DIRECTION ( 'NONE',  ( 0.000000000000000000, 0.000000000000000000, 1.000000000000000000 ) ) ;
#1761 = CARTESIAN_POINT ( 'NONE',  ( -10.98782024921321110, 5.582445020032468008, 2.570812527779513079 ) ) ;
#1762 = TOROIDAL_SURFACE ( 'NONE', #373, 6.825000000000000178, 0.7500000000000000000 ) ;
#1763 = CARTESIAN_POINT ( 'NONE',  ( -6.617249691829705682, -1.263603124003469080, -3.692380992918452343 ) ) ;
#1764 = CARTESIAN_POINT ( 'NONE',  ( 69.08843519716796777, 2.257932870790440472, -7.806831896702501439 ) ) ;
#1765 = CIRCLE ( 'NONE', #212, 2.250000000000000444 ) ;
#1766 = DIRECTION ( 'NONE',  ( 1.224668469571842902E-16, 0.000000000000000000, -1.000000000000000000 ) ) ;
#1767 = DIRECTION ( 'NONE',  ( -0.000000000000000000, -1.000000000000000000, -0.000000000000000000 ) ) ;
#1768 = EDGE_CURVE ( 'NONE', #1307, #283, #512, .T. ) ;
#1769 = AXIS2_PLACEMENT_3D ( 'NONE', #1688, #127, #291 ) ;
#1770 = ORIENTED_EDGE ( 'NONE', *, *, #98, .T. ) ;
#1771 = ADVANCED_FACE ( 'NONE', ( #161 ), #1563, .T. ) ;
#1772 = DIRECTION ( 'NONE',  ( 0.000000000000000000, 0.000000000000000000, 1.000000000000000000 ) ) ;
#1773 = ORIENTED_EDGE ( 'NONE', *, *, #1408, .F. ) ;
#1774 = ORIENTED_EDGE ( 'NONE', *, *, #2038, .F. ) ;
#1775 = CARTESIAN_POINT ( 'NONE',  ( -7.452653260628027354, 4.627864188653337152, 1.383825627597320196 ) ) ;
#1776 = DIRECTION ( 'NONE',  ( 0.000000000000000000, 0.000000000000000000, 1.000000000000000000 ) ) ;
#1777 = CIRCLE ( 'NONE', #295, 1.050000000001040545 ) ;
#1778 = AXIS2_PLACEMENT_3D ( 'NONE', #702, #1203, #398 ) ;
#1779 = CIRCLE ( 'NONE', #223, 2.550000000000000711 ) ;
#1780 = DIRECTION ( 'NONE',  ( 0.000000000000000000, 1.000000000000000000, 0.000000000000000000 ) ) ;
#1781 = DIRECTION ( 'NONE',  ( 0.000000000000000000, 1.000000000000000000, 0.000000000000000000 ) ) ;
#1782 = ORIENTED_EDGE ( 'NONE', *, *, #190, .T. ) ;
#1783 = EDGE_CURVE ( 'NONE', #663, #1570, #111, .T. ) ;
#1784 = DIRECTION ( 'NONE',  ( 0.000000000000000000, 0.000000000000000000, 1.000000000000000000 ) ) ;
#1785 = ORIENTED_EDGE ( 'NONE', *, *, #687, .F. ) ;
#1786 = ORIENTED_EDGE ( 'NONE', *, *, #432, .F. ) ;
#1787 = CARTESIAN_POINT ( 'NONE',  ( -6.170481913741164171, -3.838236184475666057, -4.394814073268888954 ) ) ;
#1788 = CARTESIAN_POINT ( 'NONE',  ( -4.027036569866455196, 7.218754467753654147, -2.325006786471611075 ) ) ;
#1789 = CIRCLE ( 'NONE', #1612, 0.2999999999999999334 ) ;
#1790 = CARTESIAN_POINT ( 'NONE',  ( -1.844226907759180580E-05, -7.781245532246345853, 7.574993213527928759 ) ) ;
#1791 = VERTEX_POINT ( 'NONE', #780 ) ;
#1792 = FACE_OUTER_BOUND ( 'NONE', #726, .T. ) ;
#1793 = ORIENTED_EDGE ( 'NONE', *, *, #1274, .T. ) ;
#1794 = CARTESIAN_POINT ( 'NONE',  ( -69.02692694843482002, -2.465333505756554633, -5.920021980688885854 ) ) ;
#1795 = DIRECTION ( 'NONE',  ( -0.000000000000000000, -1.000000000000000000, -0.000000000000000000 ) ) ;
#1796 = CIRCLE ( 'NONE', #1049, 1.050000000001040545 ) ;
#1797 = CIRCLE ( 'NONE', #1323, 0.7499999999999997780 ) ;
#1798 = CARTESIAN_POINT ( 'NONE',  ( -1.844226802188400800E-05, -7.781245532246345853, 3.599993213526888169 ) ) ;
#1799 = AXIS2_PLACEMENT_3D ( 'NONE', #238, #1379, #64 ) ;
#1800 = VECTOR ( 'NONE', #1637, 1000.000000000000000 ) ;
#1801 = CARTESIAN_POINT ( 'NONE',  ( -4.027036569866455196, -7.481245532246346031, -1.575006786471170317 ) ) ;
#1802 = EDGE_LOOP ( 'NONE', ( #482, #2012, #800, #1848 ) ) ;
#1803 = DIRECTION ( 'NONE',  ( 0.000000000000000000, 0.000000000000000000, 1.000000000000000000 ) ) ;
#1804 = VERTEX_POINT ( 'NONE', #592 ) ;
#1805 = CARTESIAN_POINT ( 'NONE',  ( 56.68019081853442742, 1.373413164100563799, -6.468407915643055617 ) ) ;
#1806 = CARTESIAN_POINT ( 'NONE',  ( -75.00001844226910919, -0.9594057710152713581, -1.275878974155144174 ) ) ;
#1807 = DIRECTION ( 'NONE',  ( -0.000000000000000000, -1.000000000000000000, -0.000000000000000000 ) ) ;
#1808 = EDGE_CURVE ( 'NONE', #283, #839, #1755, .T. ) ;
#1809 = DIRECTION ( 'NONE',  ( 0.000000000000000000, 0.000000000000000000, 1.000000000000000000 ) ) ;
#1810 = DIRECTION ( 'NONE',  ( -0.000000000000000000, -1.000000000000000000, -0.000000000000000000 ) ) ;
#1811 = CARTESIAN_POINT ( 'NONE',  ( 4.026999685329354151, -7.481245532246346031, 2.324993213527470903 ) ) ;
#1812 = ORIENTED_EDGE ( 'NONE', *, *, #380, .T. ) ;
#1813 = VERTEX_POINT ( 'NONE', #149 ) ;
#1814 = CARTESIAN_POINT ( 'NONE',  ( 56.66477552469707746, 3.598641263726555461, -10.63199425863773229 ) ) ;
#1815 = ADVANCED_FACE ( 'NONE', ( #2099 ), #845, .T. ) ;
#1816 = CARTESIAN_POINT ( 'NONE',  ( -38.40999909331898010, 1.248304977105061386, 1.350901357010747983 ) ) ;
#1817 = CARTESIAN_POINT ( 'NONE',  ( 4.499981557730921899, 3.246317960431067462, -4.853489639550830681 ) ) ;
#1818 = DIRECTION ( 'NONE',  ( 0.000000000000000000, 0.000000000000000000, 1.000000000000000000 ) ) ;
#1819 = EDGE_CURVE ( 'NONE', #1312, #425, #1662, .T. ) ;
#1820 = AXIS2_PLACEMENT_3D ( 'NONE', #53, #898, #1665 ) ;
#1821 = LINE ( 'NONE', #990, #1800 ) ;
#1822 = CARTESIAN_POINT ( 'NONE',  ( -4.027036569865924953, 7.218754467753654147, 2.324993213528387059 ) ) ;
#1823 = DIRECTION ( 'NONE',  ( 1.000000000000000000, -0.000000000000000000, 1.224646799147353207E-16 ) ) ;
#1824 = VERTEX_POINT ( 'NONE', #442 ) ;
#1825 = DIRECTION ( 'NONE',  ( -0.000000000000000000, 1.000000000000000000, -0.000000000000000000 ) ) ;
#1826 = CARTESIAN_POINT ( 'NONE',  ( -11.34225282238117849, 2.105436591245663180, -0.03547047473471025975 ) ) ;
#1827 = CARTESIAN_POINT ( 'NONE',  ( 74.99998155773091923, 1.412948095881243038, -4.605417314328552614 ) ) ;
#1828 = CARTESIAN_POINT ( 'NONE',  ( -1.844226907759180580E-05, -9.748194264373537976, 2.249993213527929026 ) ) ;
#1829 = AXIS2_PLACEMENT_3D ( 'NONE', #507, #177, #1776 ) ;
#1830 = B_SPLINE_SURFACE_WITH_KNOTS ( 'NONE', 3, 3, ( 
 ( #343, #526, #1028, #1175, #984, #1475, #1484, #1642 ),
 ( #1958, #33, #813, #197, #1187, #496, #1329, #11 ),
 ( #1980, #1147, #176, #660, #1308, #699, #1794, #186 ),
 ( #207, #666, #362, #54, #820, #1666, #23, #996 ),
 ( #1346, #1316, #1968, #506, #516, #1157, #1167, #1806 ),
 ( #353, #1990, #1826, #1337, #1816, #1492, #1006, #854 ),
 ( #830, #686, #843, #45, #1017, #2001, #1695, #76 ),
 ( #2060, #112, #1546, #1074, #1220, #729, #1888, #899 ),
 ( #1861, #1523, #1233, #99, #2035, #1197, #720, #274 ),
 ( #739, #1718, #426, #571, #1876, #1535, #1673, #1390 ),
 ( #1062, #1357, #753, #229, #911, #1243, #1370, #863 ) ),
 .UNSPECIFIED., .F., .F., .F.,
 ( 4, 1, 1, 1, 1, 1, 1, 1, 4 ),
 ( 4, 1, 1, 1, 1, 4 ),
 ( 0.000000000000000000, 0.1250000000000000000, 0.2500000000000000000, 0.3750000000000000000, 0.5000000000000000000, 0.6250000000000000000, 0.7500000000000000000, 0.8750000000000000000, 1.000000000000000000 ),
 ( 0.000000000000000000, 0.1026095651418721250, 0.2519649376674040209, 0.4803077596817142969, 0.7484873134758729396, 1.000000000000000000 ),
 .UNSPECIFIED. ) ;
#1831 = CIRCLE ( 'NONE', #35, 0.7500000000001303402 ) ;
#1832 = DIRECTION ( 'NONE',  ( 1.224668469571842902E-16, 0.000000000000000000, -1.000000000000000000 ) ) ;
#1833 = VERTEX_POINT ( 'NONE', #932 ) ;
#1834 = MECHANICAL_DESIGN_GEOMETRIC_PRESENTATION_REPRESENTATION (  '', ( #782 ), #1154 ) ;
#1835 = EDGE_CURVE ( 'NONE', #850, #1833, #920, .T. ) ;
#1836 = CARTESIAN_POINT ( 'NONE',  ( -1.844226907759180580E-05, -7.031245532246346741, 7.574993213527928759 ) ) ;
#1837 = AXIS2_PLACEMENT_3D ( 'NONE', #1261, #1400, #625 ) ;
#1838 = EDGE_LOOP ( 'NONE', ( #349, #2102, #29, #1957 ) ) ;
#1839 = ADVANCED_FACE ( 'NONE', ( #769 ), #1418, .F. ) ;
#1840 = DIRECTION ( 'NONE',  ( 0.000000000000000000, 0.000000000000000000, 1.000000000000000000 ) ) ;
#1841 = DIRECTION ( 'NONE',  ( 0.000000000000000000, 0.000000000000000000, 1.000000000000000000 ) ) ;
#1842 = CARTESIAN_POINT ( 'NONE',  ( 69.09399120341464595, 2.287586928798430730, -6.817901651861594914 ) ) ;
#1843 = AXIS2_PLACEMENT_3D ( 'NONE', #1882, #1057, #2056 ) ;
#1844 = CARTESIAN_POINT ( 'NONE',  ( -6.980938977231639697, -5.308204987069838232, -2.944838876823629548 ) ) ;
#1845 = CARTESIAN_POINT ( 'NONE',  ( -1.844226802201259777E-05, -9.748194264373537976, 5.399993213528968994 ) ) ;
#1846 = DIRECTION ( 'NONE',  ( 0.000000000000000000, 1.000000000000000000, 0.000000000000000000 ) ) ;
#1847 = DIRECTION ( 'NONE',  ( 0.000000000000000000, 0.000000000000000000, 1.000000000000000000 ) ) ;
#1848 = ORIENTED_EDGE ( 'NONE', *, *, #65, .T. ) ;
#1849 = DIRECTION ( 'NONE',  ( 0.000000000000000000, 1.000000000000000000, 0.000000000000000000 ) ) ;
#1850 = EDGE_CURVE ( 'NONE', #557, #1813, #1303, .T. ) ;
#1851 = CARTESIAN_POINT ( 'NONE',  ( 6.205263256499415014, 3.901356889264998795, -4.347045557399674465 ) ) ;
#1852 = CARTESIAN_POINT ( 'NONE',  ( 74.99998155773093345, -1.364031928537084104, 3.962807666820104657 ) ) ;
#1853 = CARTESIAN_POINT ( 'NONE',  ( -4.500018442269080765, -0.1288910579774996956, -6.363399216219701948 ) ) ;
#1854 = CARTESIAN_POINT ( 'NONE',  ( -6.485020214240890368, -5.107884463566102262, -3.917133492675579642 ) ) ;
#1855 = ORIENTED_EDGE ( 'NONE', *, *, #332, .T. ) ;
#1856 = MANIFOLD_SOLID_BREP ( 'Scale2', #891 ) ;
#1857 = LINE ( 'NONE', #1044, #1125 ) ;
#1858 = ORIENTED_EDGE ( 'NONE', *, *, #791, .T. ) ;
#1859 = ORIENTED_EDGE ( 'NONE', *, *, #1055, .T. ) ;
#1860 = DIRECTION ( 'NONE',  ( 0.000000000000000000, 1.000000000000000000, 0.000000000000000000 ) ) ;
#1861 = CARTESIAN_POINT ( 'NONE',  ( -4.500018442269081653, 1.110484014648481788, 5.998327357509571023 ) ) ;
#1862 = CARTESIAN_POINT ( 'NONE',  ( 11.13515130926329277, -6.670508495695633755, 2.009018876206975612 ) ) ;
#1863 = B_SPLINE_CURVE_WITH_KNOTS ( 'NONE', 3,
 ( #66, #706, #1851, #1707, #1209, #87, #2014, #1682, #1899, #584, #392, #1038, #1381, #239, #264, #874, #403, #1048, #254, #888, #763, #1413, #618, #463, #963, #453, #1294, #1106, #1909, #1084, #1096, #1607, #1945, #935, #286, #1728, #1740, #2083, #2109, #296 ),
 .UNSPECIFIED., .F., .F.,
 ( 4, 2, 2, 2, 2, 2, 2, 2, 2, 2, 2, 2, 2, 2, 2, 2, 2, 2, 2, 4 ),
 ( 1.044621900859514744E-16, 0.0009652517129722553227, 0.001930503425944406345, 0.002413129282430481314, 0.002895755138916556067, 0.003137068067159594093, 0.003378380995402632120, 0.003861006851888705571, 0.004343632708374779890, 0.004826258564860854208, 0.005791510277833002845, 0.007722013703777302722, 0.009652517129721600864, 0.01158302055566589814, 0.01254827226863805024, 0.01351352398161020235, 0.01399614983809627580, 0.01447877569458235099, 0.01496140155106842791, 0.01544402740755450136 ),
 .UNSPECIFIED. ) ;
#1864 = EDGE_CURVE ( 'NONE', #261, #1716, #918, .T. ) ;
#1865 = CARTESIAN_POINT ( 'NONE',  ( -56.70460016224482303, 1.002920892101927253, 1.757641297709924055 ) ) ;
#1866 = CARTESIAN_POINT ( 'NONE',  ( 4.499981557730921899, -3.839031690955790665, 4.831365446020007504 ) ) ;
#1867 = DIRECTION ( 'NONE',  ( 0.000000000000000000, 1.000000000000000000, 0.000000000000000000 ) ) ;
#1868 = CARTESIAN_POINT ( 'NONE',  ( 6.303719420050389211, -2.002607974923783285, 4.202590024284836190 ) ) ;
#1869 = CIRCLE ( 'NONE', #408, 0.3000000000000000444 ) ;
#1870 = DIRECTION ( 'NONE',  ( 0.000000000000000000, 1.000000000000000000, 0.000000000000000000 ) ) ;
#1871 = ORIENTED_EDGE ( 'NONE', *, *, #2052, .T. ) ;
#1872 = EDGE_LOOP ( 'NONE', ( #1480, #1618, #1691, #704 ) ) ;
#1873 = AXIS2_PLACEMENT_3D ( 'NONE', #2101, #1280, #472 ) ;
#1874 = FACE_OUTER_BOUND ( 'NONE', #1306, .T. ) ;
#1875 = AXIS2_PLACEMENT_3D ( 'NONE', #806, #2107, #1000 ) ;
#1876 = CARTESIAN_POINT ( 'NONE',  ( -38.37455153173117850, 5.539444893218133714, 10.08146381049953533 ) ) ;
#1877 = CARTESIAN_POINT ( 'NONE',  ( 69.06996185269660771, 1.854002119012775784, -5.104769877768130293 ) ) ;
#1878 = CARTESIAN_POINT ( 'NONE',  ( -69.00054754832515869, 0.3955812013783244763, 0.6816575408161406058 ) ) ;
#1879 = DIRECTION ( 'NONE',  ( -0.000000000000000000, 1.000000000000000000, -0.000000000000000000 ) ) ;
#1880 = EDGE_CURVE ( 'NONE', #234, #799, #4, .T. ) ;
#1881 = DIRECTION ( 'NONE',  ( 0.000000000000000000, 0.000000000000000000, 1.000000000000000000 ) ) ;
#1882 = CARTESIAN_POINT ( 'NONE',  ( 4.026999685329354151, -9.748194264373537976, 2.324993213527470903 ) ) ;
#1883 = APPLICATION_CONTEXT ( 'automotive_design' ) ;
#1884 = DIRECTION ( 'NONE',  ( 1.000000000000000000, -0.000000000000000000, 1.224646799147353207E-16 ) ) ;
#1885 = ORIENTED_EDGE ( 'NONE', *, *, #1609, .F. ) ;
#1886 = ORIENTED_EDGE ( 'NONE', *, *, #467, .F. ) ;
#1887 = FACE_OUTER_BOUND ( 'NONE', #848, .T. ) ;
#1888 = CARTESIAN_POINT ( 'NONE',  ( -69.07125153302567355, 1.403344441959762934, 6.135580180365770353 ) ) ;
#1889 = CARTESIAN_POINT ( 'NONE',  ( 74.99998155773091923, -2.085480329271947930, 5.722294918017301946 ) ) ;
#1890 = EDGE_CURVE ( 'NONE', #1412, #470, #680, .T. ) ;
#1891 = CARTESIAN_POINT ( 'NONE',  ( -6.229572505392994231, -2.073264850317824148, -3.889053842587930632 ) ) ;
#1892 = CARTESIAN_POINT ( 'NONE',  ( 38.34171120950867362, -4.516802752458728420, 8.037004309591999629 ) ) ;
#1893 = EDGE_CURVE ( 'NONE', #1532, #1976, #1459, .T. ) ;
#1894 = DIRECTION ( 'NONE',  ( 0.000000000000000000, 1.000000000000000000, 0.000000000000000000 ) ) ;
#1895 = AXIS2_PLACEMENT_3D ( 'NONE', #1636, #1504, #519 ) ;
#1896 = DIRECTION ( 'NONE',  ( 0.000000000000000000, 0.000000000000000000, 1.000000000000000000 ) ) ;
#1897 = ORIENTED_EDGE ( 'NONE', *, *, #2104, .T. ) ;
#1898 = ORIENTED_EDGE ( 'NONE', *, *, #1055, .F. ) ;
#1899 = CARTESIAN_POINT ( 'NONE',  ( 5.784269619079413616, 1.949277240456941396, -4.891095279649899652 ) ) ;
#1900 = CARTESIAN_POINT ( 'NONE',  ( -56.67352189257493222, 4.076209126770222291, 9.856316967324566747 ) ) ;
#1901 = CARTESIAN_POINT ( 'NONE',  ( -6.388097430257222875, -4.139539859978444092, -4.172874775393342617 ) ) ;
#1902 = CARTESIAN_POINT ( 'NONE',  ( 38.35879992607829081, -5.616742945920025321, 9.628919397622929921 ) ) ;
#1903 = FACE_OUTER_BOUND ( 'NONE', #1462, .T. ) ;
#1904 = DIRECTION ( 'NONE',  ( 0.000000000000000000, 0.000000000000000000, 1.000000000000000000 ) ) ;
#1905 = EDGE_LOOP ( 'NONE', ( #523, #1152, #130, #1786 ) ) ;
#1906 = ORIENTED_EDGE ( 'NONE', *, *, #1727, .F. ) ;
#1907 = CIRCLE ( 'NONE', #776, 2.550000000000000711 ) ;
#1908 = EDGE_CURVE ( 'NONE', #425, #1034, #249, .T. ) ;
#1909 = CARTESIAN_POINT ( 'NONE',  ( 7.464820154082249637, -4.484725234898022883, 1.313447269773043269 ) ) ;
#1910 = TOROIDAL_SURFACE ( 'NONE', #980, 1.050000000000440581, 0.3000000000000000444 ) ;
#1911 = CARTESIAN_POINT ( 'NONE',  ( -23.04015691250652509, 9.173014508045254090, 9.151379584119105459 ) ) ;
#1912 = AXIS2_PLACEMENT_3D ( 'NONE', #2079, #613, #1917 ) ;
#1913 = CARTESIAN_POINT ( 'NONE',  ( -7.037091760556770659, 5.119859558961942447, 2.808012576806643068 ) ) ;
#1914 = DIRECTION ( 'NONE',  ( 0.000000000000000000, 0.000000000000000000, 1.000000000000000000 ) ) ;
#1915 = FACE_BOUND ( 'NONE', #1128, .T. ) ;
#1916 = CIRCLE ( 'NONE', #599, 1.050000000000130163 ) ;
#1917 = DIRECTION ( 'NONE',  ( 0.000000000000000000, 0.000000000000000000, 1.000000000000000000 ) ) ;
#1918 = ORIENTED_EDGE ( 'NONE', *, *, #559, .F. ) ;
#1919 = ORIENTED_EDGE ( 'NONE', *, *, #1808, .T. ) ;
#1920 = DIRECTION ( 'NONE',  ( 1.000000000000000000, -0.000000000000000000, 1.224646799147353207E-16 ) ) ;
#1921 = CARTESIAN_POINT ( 'NONE',  ( -4.500018442269078101, 3.897818470312785166, 4.379958495062858503 ) ) ;
#1922 = EDGE_CURVE ( 'NONE', #1010, #475, #1225, .T. ) ;
#1923 = CARTESIAN_POINT ( 'NONE',  ( -6.304063746934978063, -2.001601090258501081, -4.202154158983658405 ) ) ;
#1924 = CARTESIAN_POINT ( 'NONE',  ( 68.99782264617992666, -1.785502370645838388, 3.492969036266996508 ) ) ;
#1925 = CARTESIAN_POINT ( 'NONE',  ( -1.844226907731625920E-05, -9.748194264373537976, -2.250006786472071418 ) ) ;
#1926 = AXIS2_PLACEMENT_3D ( 'NONE', #598, #2027, #608 ) ;
#1927 = DIRECTION ( 'NONE',  ( -1.000000000000000000, 0.000000000000000000, 0.000000000000000000 ) ) ;
#1928 = ORIENTED_EDGE ( 'NONE', *, *, #713, .F. ) ;
#1929 = CARTESIAN_POINT ( 'NONE',  ( -69.09402808795279327, 2.287586928798430730, 6.817888078917449413 ) ) ;
#1930 = CARTESIAN_POINT ( 'NONE',  ( -6.412608557358993266, -5.019603808553276814, -4.032290632613160675 ) ) ;
#1931 = CARTESIAN_POINT ( 'NONE',  ( 69.04125359241832882, 0.6643859415498305498, -4.160342588426560795 ) ) ;
#1932 = DIRECTION ( 'NONE',  ( -0.000000000000000000, 1.000000000000000000, -0.000000000000000000 ) ) ;
#1933 = CARTESIAN_POINT ( 'NONE',  ( -38.36738116890123962, -6.109781686981651028, -10.30320536252917663 ) ) ;
#1934 = ORIENTED_EDGE ( 'NONE', *, *, #713, .T. ) ;
#1935 = CARTESIAN_POINT ( 'NONE',  ( -1.844226802201259777E-05, 6.918754467753656101, 4.649993213527928937 ) ) ;
#1936 = ORIENTED_EDGE ( 'NONE', *, *, #17, .T. ) ;
#1937 = AXIS2_PLACEMENT_3D ( 'NONE', #1372, #573, #1224 ) ;
#1938 = CARTESIAN_POINT ( 'NONE',  ( -6.159420327649047344, -2.584117180786411172, -4.409456254473420600 ) ) ;
#1939 = CARTESIAN_POINT ( 'NONE',  ( 4.026999685329354151, -7.481245532246346031, 2.324993213527470903 ) ) ;
#1940 = AXIS2_PLACEMENT_3D ( 'NONE', #2057, #1596, #788 ) ;
#1941 = CARTESIAN_POINT ( 'NONE',  ( -56.67307067376482621, 4.156697908862497570, 10.84868223916057772 ) ) ;
#1942 = ADVANCED_FACE ( 'NONE', ( #644 ), #1625, .T. ) ;
#1943 = DIRECTION ( 'NONE',  ( 0.000000000000000000, 0.000000000000000000, 1.000000000000000000 ) ) ;
#1944 = ORIENTED_EDGE ( 'NONE', *, *, #1068, .F. ) ;
#1945 = CARTESIAN_POINT ( 'NONE',  ( 7.095894410354408599, -5.245409554748473369, 2.655866851400145556 ) ) ;
#1946 = ORIENTED_EDGE ( 'NONE', *, *, #1606, .T. ) ;
#1947 = ORIENTED_EDGE ( 'NONE', *, *, #1274, .F. ) ;
#1948 = CARTESIAN_POINT ( 'NONE',  ( -7.319308413977546834, 0.9039773345452485342, -1.991699221823823196 ) ) ;
#1949 = ADVANCED_FACE ( 'NONE', ( #326, #969, #1646, #1300, #1952, #490, #182, #1311 ), #1470, .F. ) ;
#1950 = CARTESIAN_POINT ( 'NONE',  ( -1.844226907759180580E-05, -9.748194264373537976, -4.650006786472071774 ) ) ;
#1951 = CARTESIAN_POINT ( 'NONE',  ( 4.026999685329354151, -7.781245532246345853, 1.274993213526826041 ) ) ;
#1952 = FACE_BOUND ( 'NONE', #2058, .T. ) ;
#1953 = ORIENTED_EDGE ( 'NONE', *, *, #656, .T. ) ;
#1954 = CYLINDRICAL_SURFACE ( 'NONE', #646, 0.7500000000009334755 ) ;
#1955 = ORIENTED_EDGE ( 'NONE', *, *, #344, .F. ) ;
#1956 = VECTOR ( 'NONE', #1932, 1000.000000000000000 ) ;
#1957 = ORIENTED_EDGE ( 'NONE', *, *, #1675, .F. ) ;
#1958 = CARTESIAN_POINT ( 'NONE',  ( -4.500018442269078101, -4.504192072750669240, -4.341559918759767100 ) ) ;
#1959 = CARTESIAN_POINT ( 'NONE',  ( -1.844226907727952169E-05, -7.481245532246346031, -2.550006786472072129 ) ) ;
#1960 = DIRECTION ( 'NONE',  ( -0.000000000000000000, 1.000000000000000000, -0.000000000000000000 ) ) ;
#1961 = DIRECTION ( 'NONE',  ( 1.224668469571842902E-16, 0.000000000000000000, -1.000000000000000000 ) ) ;
#1962 = ORIENTED_EDGE ( 'NONE', *, *, #1248, .T. ) ;
#1963 = B_SPLINE_CURVE_WITH_KNOTS ( 'NONE', 3,
 ( #798, #1749, #1572, #304, #446, #123, #1580, #1449 ),
 .UNSPECIFIED., .F., .F.,
 ( 4, 1, 1, 1, 1, 4 ),
 ( 0.000000000000000000, 0.2515126865241270604, 0.5196922403182857586, 0.7480350623325959791, 0.8973904348581278612, 0.9668488064627361878 ),
 .UNSPECIFIED. ) ;
#1964 = DIRECTION ( 'NONE',  ( -1.000000000000000000, 0.000000000000000000, 0.000000000000000000 ) ) ;
#1965 = VERTEX_POINT ( 'NONE', #1801 ) ;
#1966 = CARTESIAN_POINT ( 'NONE',  ( 23.04012002796837066, 9.173014508045252313, -9.151393157063246520 ) ) ;
#1967 = EDGE_CURVE ( 'NONE', #1747, #799, #1821, .T. ) ;
#1968 = CARTESIAN_POINT ( 'NONE',  ( -11.22503996316225638, -0.1518048166750160244, -0.8423523889386076435 ) ) ;
#1969 = CARTESIAN_POINT ( 'NONE',  ( 38.36765650262492500, 5.549100998723276668, -10.30199793251613727 ) ) ;
#1970 = CIRCLE ( 'NONE', #840, 0.2999999999999999334 ) ;
#1971 = AXIS2_PLACEMENT_3D ( 'NONE', #647, #955, #1760 ) ;
#1972 = CARTESIAN_POINT ( 'NONE',  ( -1.844226907671006144E-05, 7.218754467753654147, -6.825006786472072484 ) ) ;
#1973 = COLOUR_RGB ( '',0.7921568627450980005, 0.8196078431372548767, 0.9333333333333333481 ) ;
#1974 = DIRECTION ( 'NONE',  ( 0.000000000000000000, 0.000000000000000000, 1.000000000000000000 ) ) ;
#1975 = ADVANCED_FACE ( 'NONE', ( #824 ), #1479, .F. ) ;
#1976 = VERTEX_POINT ( 'NONE', #564 ) ;
#1977 = DIRECTION ( 'NONE',  ( 0.000000000000000000, 0.000000000000000000, 1.000000000000000000 ) ) ;
#1978 = EDGE_LOOP ( 'NONE', ( #131, #1138 ) ) ;
#1979 = CARTESIAN_POINT ( 'NONE',  ( 38.40850369735133540, 4.347708363549268817, -7.193562040952652836 ) ) ;
#1980 = CARTESIAN_POINT ( 'NONE',  ( -4.500018442269075436, -5.576762389805592690, -3.142366544020824826 ) ) ;
#1981 = EDGE_CURVE ( 'NONE', #933, #1791, #1090, .T. ) ;
#1982 = CARTESIAN_POINT ( 'NONE',  ( -75.00001844226908077, -1.192429644267013034, -3.586647462906247252 ) ) ;
#1983 = CARTESIAN_POINT ( 'NONE',  ( -1.844226802201259777E-05, -7.481245532246346031, 4.649993213527928937 ) ) ;
#1984 = CIRCLE ( 'NONE', #853, 0.2999999999999999334 ) ;
#1985 = DIRECTION ( 'NONE',  ( 0.000000000000000000, 0.000000000000000000, 1.000000000000000000 ) ) ;
#1986 = ORIENTED_EDGE ( 'NONE', *, *, #1660, .T. ) ;
#1987 = DIRECTION ( 'NONE',  ( -0.000000000000000000, -1.000000000000000000, -0.000000000000000000 ) ) ;
#1988 = ORIENTED_EDGE ( 'NONE', *, *, #1713, .F. ) ;
#1989 = FACE_OUTER_BOUND ( 'NONE', #594, .T. ) ;
#1990 = CARTESIAN_POINT ( 'NONE',  ( -6.082064470854775529, -2.327804905388268786, 2.174999692514367311 ) ) ;
#1991 = CARTESIAN_POINT ( 'NONE',  ( 11.24232180133695813, -5.209554729684517049, 0.9413399547151615199 ) ) ;
#1992 = EDGE_CURVE ( 'NONE', #1312, #789, #2010, .T. ) ;
#1993 = CARTESIAN_POINT ( 'NONE',  ( -7.358216484534928270, -4.848010344717340381, -1.818165310999838358 ) ) ;
#1994 = ADVANCED_FACE ( 'NONE', ( #893 ), #847, .F. ) ;
#1995 = DIRECTION ( 'NONE',  ( -0.000000000000000000, -1.000000000000000000, -0.000000000000000000 ) ) ;
#1996 = PRODUCT_DEFINITION_CONTEXT ( 'detailed design', #965, 'design' ) ;
#1997 = CARTESIAN_POINT ( 'NONE',  ( -1.844226802201259777E-05, 7.218754467753654147, 4.649993213527928937 ) ) ;
#1998 = ORIENTED_EDGE ( 'NONE', *, *, #1693, .T. ) ;
#1999 = EDGE_LOOP ( 'NONE', ( #1046, #581, #203, #752 ) ) ;
#2000 = DIRECTION ( 'NONE',  ( 0.000000000000000000, 0.000000000000000000, 1.000000000000000000 ) ) ;
#2001 = CARTESIAN_POINT ( 'NONE',  ( -56.68022770307258895, 1.373413164100563799, 6.468394342698911004 ) ) ;
#2002 = CARTESIAN_POINT ( 'NONE',  ( 74.99998155773091923, 1.522989264779258223, -5.722308490961444782 ) ) ;
#2003 = CARTESIAN_POINT ( 'NONE',  ( -4.027036569866455196, -7.481245532246346031, -3.075006786472051612 ) ) ;
#2004 = CIRCLE ( 'NONE', #674, 0.7500000000001303402 ) ;
#2005 = TOROIDAL_SURFACE ( 'NONE', #409, 2.550000000000000711, 0.3000000000000000444 ) ;
#2006 = VECTOR ( 'NONE', #1681, 1000.000000000000000 ) ;
#2007 = DIRECTION ( 'NONE',  ( 0.000000000000000000, 0.000000000000000000, 1.000000000000000000 ) ) ;
#2008 = ADVANCED_FACE ( 'NONE', ( #80 ), #578, .T. ) ;
#2009 = ORIENTED_EDGE ( 'NONE', *, *, #1349, .F. ) ;
#2010 = CIRCLE ( 'NONE', #37, 1.050000000000440581 ) ;
#2011 = PLANE ( 'NONE',  #445 ) ;
#2012 = ORIENTED_EDGE ( 'NONE', *, *, #946, .T. ) ;
#2013 = DIRECTION ( 'NONE',  ( -1.000000000000000000, 0.000000000000000000, 0.000000000000000000 ) ) ;
#2014 = CARTESIAN_POINT ( 'NONE',  ( 5.832873497292162313, 2.426631001987887615, -4.833107109114895827 ) ) ;
#2015 = CARTESIAN_POINT ( 'NONE',  ( 4.499981557730924564, -0.1288910579774996956, 6.363385643275558223 ) ) ;
#2016 = CARTESIAN_POINT ( 'NONE',  ( 38.36734428436307809, -6.109781686981651028, 10.30319178958503201 ) ) ;
#2017 = CARTESIAN_POINT ( 'NONE',  ( -6.405285195355197025, 0.4762450151343729510, 4.045986443677557887 ) ) ;
#2018 = DIRECTION ( 'NONE',  ( -0.000000000000000000, -1.000000000000000000, -0.000000000000000000 ) ) ;
#2019 = DIRECTION ( 'NONE',  ( 0.000000000000000000, 0.000000000000000000, 1.000000000000000000 ) ) ;
#2020 = AXIS2_PLACEMENT_3D ( 'NONE', #71, #378, #542 ) ;
#2021 = DIRECTION ( 'NONE',  ( 0.000000000000000000, 0.000000000000000000, 1.000000000000000000 ) ) ;
#2022 = ORIENTED_EDGE ( 'NONE', *, *, #190, .F. ) ;
#2023 = DIRECTION ( 'NONE',  ( -0.000000000000000000, -1.000000000000000000, -0.000000000000000000 ) ) ;
#2024 = CARTESIAN_POINT ( 'NONE',  ( -4.027036569865924953, -7.481245532246346031, 3.074993213529320979 ) ) ;
#2025 = CARTESIAN_POINT ( 'NONE',  ( 4.499981557730925452, 4.971270585484616866, -3.199529767690507231 ) ) ;
#2026 = CARTESIAN_POINT ( 'NONE',  ( 74.99998155773091923, 0.7721593340993329058, -5.232737661792861594 ) ) ;
#2027 = DIRECTION ( 'NONE',  ( -0.000000000000000000, -1.000000000000000000, -0.000000000000000000 ) ) ;
#2028 = AXIS2_PLACEMENT_3D ( 'NONE', #1133, #1780, #2106 ) ;
#2029 = CARTESIAN_POINT ( 'NONE',  ( -4.027036569865924953, -9.748194264373537976, 2.324993213528387059 ) ) ;
#2030 = CARTESIAN_POINT ( 'NONE',  ( 7.097838162135158946, 5.121288276049510202, -2.650733746799197377 ) ) ;
#2031 = DIRECTION ( 'NONE',  ( -1.000000000000000000, 0.000000000000000000, 0.000000000000000000 ) ) ;
#2032 = ORIENTED_EDGE ( 'NONE', *, *, #153, .F. ) ;
#2033 = VERTEX_POINT ( 'NONE', #1374 ) ;
#2034 = CARTESIAN_POINT ( 'NONE',  ( -1.844226802192074552E-05, -9.748194264373537976, 3.899993213526887992 ) ) ;
#2035 = CARTESIAN_POINT ( 'NONE',  ( -38.38826782086732692, 5.288807105440041845, 9.286644624087744049 ) ) ;
#2036 = CARTESIAN_POINT ( 'NONE',  ( 11.17526650431496371, 1.674964989792382397, -1.762231045413855224 ) ) ;
#2037 = ADVANCED_FACE ( 'NONE', ( #1700 ), #881, .F. ) ;
#2038 = EDGE_CURVE ( 'NONE', #547, #1833, #59, .T. ) ;
#2039 = CARTESIAN_POINT ( 'NONE',  ( 74.99998155773091923, -2.085480329271947930, 5.722294918017301946 ) ) ;
#2040 = CARTESIAN_POINT ( 'NONE',  ( 4.499981557730921899, -4.504192072750669240, 4.341546345815624264 ) ) ;
#2041 = DIRECTION ( 'NONE',  ( -0.000000000000000000, -1.000000000000000000, -0.000000000000000000 ) ) ;
#2042 = CARTESIAN_POINT ( 'NONE',  ( 7.578824430861732075, 3.806115500321448852, -0.4131401462056953355 ) ) ;
#2043 = AXIS2_PLACEMENT_3D ( 'NONE', #1950, #1453, #1168 ) ;
#2044 = CARTESIAN_POINT ( 'NONE',  ( -4.027036569866455196, 6.918754467753656101, -2.325006786471611075 ) ) ;
#2045 = ORIENTED_EDGE ( 'NONE', *, *, #462, .T. ) ;
#2046 = ORIENTED_EDGE ( 'NONE', *, *, #19, .T. ) ;
#2047 = TOROIDAL_SURFACE ( 'NONE', #1393, 1.050000000001040545, 0.3000000000000000444 ) ;
#2048 = DIRECTION ( 'NONE',  ( 0.000000000000000000, 0.000000000000000000, 1.000000000000000000 ) ) ;
#2049 = AXIS2_PLACEMENT_3D ( 'NONE', #38, #1142, #365 ) ;
#2050 = FACE_BOUND ( 'NONE', #1482, .T. ) ;
#2051 = CARTESIAN_POINT ( 'NONE',  ( -4.500018442269074548, 5.800135956086799105, 0.9736595037440451961 ) ) ;
#2052 = EDGE_CURVE ( 'NONE', #443, #1965, #478, .T. ) ;
#2053 = CARTESIAN_POINT ( 'NONE',  ( 74.99998155773091923, -2.085480329271947930, 5.722294918017301946 ) ) ;
#2054 = AXIS2_PLACEMENT_3D ( 'NONE', #279, #422, #941 ) ;
#2055 = CYLINDRICAL_SURFACE ( 'NONE', #612, 0.7500000000001303402 ) ;
#2056 = DIRECTION ( 'NONE',  ( 0.000000000000000000, 0.000000000000000000, 1.000000000000000000 ) ) ;
#2057 = CARTESIAN_POINT ( 'NONE',  ( -4.027036569865924953, -7.481245532246346031, 2.324993213528387059 ) ) ;
#2058 = EDGE_LOOP ( 'NONE', ( #52, #1793 ) ) ;
#2059 = ORIENTED_EDGE ( 'NONE', *, *, #288, .T. ) ;
#2060 = CARTESIAN_POINT ( 'NONE',  ( -4.500018442269068331, -1.237312670866900666, 6.063298974743196901 ) ) ;
#2061 = DIRECTION ( 'NONE',  ( 0.000000000000000000, 0.000000000000000000, 1.000000000000000000 ) ) ;
#2062 = CARTESIAN_POINT ( 'NONE',  ( -23.00657920596172090, -8.554422573199522262, -8.557783354286405242 ) ) ;
#2063 = CARTESIAN_POINT ( 'NONE',  ( 56.70833276345641849, -3.896167699074144064, 7.714637091557364990 ) ) ;
#2064 = CARTESIAN_POINT ( 'NONE',  ( 6.723136348175926535, 4.909130875157704743, -3.493040584903461809 ) ) ;
#2065 = EDGE_CURVE ( 'NONE', #1824, #1519, #1126, .T. ) ;
#2066 = EDGE_CURVE ( 'NONE', #475, #470, #783, .T. ) ;
#2067 = AXIS2_PLACEMENT_3D ( 'NONE', #787, #1467, #816 ) ;
#2068 = CARTESIAN_POINT ( 'NONE',  ( -1.844226907759180580E-05, 6.918754467753656101, -6.786472071533400538E-06 ) ) ;
#2069 = ORIENTED_EDGE ( 'NONE', *, *, #525, .T. ) ;
#2070 = ORIENTED_EDGE ( 'NONE', *, *, #741, .T. ) ;
#2071 = EDGE_LOOP ( 'NONE', ( #826, #693, #1377, #1508 ) ) ;
#2072 = CARTESIAN_POINT ( 'NONE',  ( -1.844226802201259777E-05, -7.781245532246345853, 4.649993213527928937 ) ) ;
#2073 = CARTESIAN_POINT ( 'NONE',  ( 11.06370431454750758, -7.300183665906483377, 2.887820555399805311 ) ) ;
#2074 = CARTESIAN_POINT ( 'NONE',  ( -7.204122599601056720, 0.4174079178044012295, -2.376500686261663553 ) ) ;
#2075 = CARTESIAN_POINT ( 'NONE',  ( 4.026999685328824796, -9.748194264373537976, -2.325006786472529452 ) ) ;
#2076 = SHAPE_DEFINITION_REPRESENTATION ( #917, #61 ) ;
#2077 = CARTESIAN_POINT ( 'NONE',  ( 7.248456990823356705, 5.040529482658997473, -2.205011614653263674 ) ) ;
#2078 = EDGE_CURVE ( 'NONE', #1071, #1217, #921, .T. ) ;
#2079 = CARTESIAN_POINT ( 'NONE',  ( -4.027036569866455196, -9.748194264373537976, -2.325006786471611075 ) ) ;
#2080 = EDGE_LOOP ( 'NONE', ( #1859, #1344 ) ) ;
#2081 = ORIENTED_EDGE ( 'NONE', *, *, #1455, .T. ) ;
#2082 = CIRCLE ( 'NONE', #278, 1.050000000000645084 ) ;
#2083 = CARTESIAN_POINT ( 'NONE',  ( 6.559256762292132947, -5.179436015353018341, 3.792008134812370201 ) ) ;
#2084 = AXIS2_PLACEMENT_3D ( 'NONE', #235, #1058, #2021 ) ;
#2085 = CARTESIAN_POINT ( 'NONE',  ( 38.36734428436307809, -6.109781686981651028, 10.30319178958503201 ) ) ;
#2086 = AXIS2_PLACEMENT_3D ( 'NONE', #952, #1437, #942 ) ;
#2087 = DIRECTION ( 'NONE',  ( 1.000000000000000000, -0.000000000000000000, 1.224646799147353207E-16 ) ) ;
#2088 = CARTESIAN_POINT ( 'NONE',  ( 22.98700131973643934, 7.091307974387635049, -8.638313770322742613 ) ) ;
#2089 = CARTESIAN_POINT ( 'NONE',  ( 4.026999685328824796, 7.218754467753655035, -3.375006786472659837 ) ) ;
#2090 = CARTESIAN_POINT ( 'NONE',  ( -75.00001844226908077, 1.522989264779258223, 5.722294918017301057 ) ) ;
#2091 = ORIENTED_EDGE ( 'NONE', *, *, #1850, .T. ) ;
#2092 = CARTESIAN_POINT ( 'NONE',  ( -6.412608557358993266, -5.019603808553276814, -4.032290632613160675 ) ) ;
#2093 = FACE_OUTER_BOUND ( 'NONE', #637, .T. ) ;
#2094 = CIRCLE ( 'NONE', #1196, 1.050000000000933520 ) ;
#2095 = DIRECTION ( 'NONE',  ( 0.000000000000000000, 0.000000000000000000, -1.000000000000000000 ) ) ;
#2096 = CARTESIAN_POINT ( 'NONE',  ( 56.71730474343553396, -2.737075332548220885, 4.091678205692678816 ) ) ;
#2097 = CARTESIAN_POINT ( 'NONE',  ( 4.026999685328824796, 6.918754467753656101, -2.325006786472529452 ) ) ;
#2098 = CIRCLE ( 'NONE', #441, 0.7499999999999997780 ) ;
#2099 = FACE_OUTER_BOUND ( 'NONE', #1999, .T. ) ;
#2100 = EDGE_LOOP ( 'NONE', ( #331, #697, #1045, #1001 ) ) ;
#2101 = CARTESIAN_POINT ( 'NONE',  ( -1.844226907759180580E-05, -7.481245532246346031, 2.549993213527929292 ) ) ;
#2102 = ORIENTED_EDGE ( 'NONE', *, *, #1121, .T. ) ;
#2103 = ORIENTED_EDGE ( 'NONE', *, *, #405, .T. ) ;
#2104 = EDGE_CURVE ( 'NONE', #1804, #663, #1020, .T. ) ;
#2105 = CARTESIAN_POINT ( 'NONE',  ( 4.499981557730927229, -6.349458726990977908, 0.9244009972812088360 ) ) ;
#2106 = DIRECTION ( 'NONE',  ( 0.000000000000000000, 0.000000000000000000, 1.000000000000000000 ) ) ;
#2107 = DIRECTION ( 'NONE',  ( 1.000000000000000000, -0.000000000000000000, 1.224646799147353207E-16 ) ) ;
#2108 = VERTEX_POINT ( 'NONE', #233 ) ;
#2109 = CARTESIAN_POINT ( 'NONE',  ( 6.484731081878298831, -5.107576935688345365, 3.917521072519072334 ) ) ;
#2110 = EDGE_LOOP ( 'NONE', ( #657, #770 ) ) ;
#2111 = AXIS2_PLACEMENT_3D ( 'NONE', #110, #1389, #2048 ) ;
ENDSEC;
END-ISO-10303-21;
